2.057738711015702826e+00
2.061557354431049038e+00
2.217954614961251902e+00
1.502577533246180597e+00
2.266869526192535123e+00
1.925307051921057777e+00
1.654294153857076566e+00
1.987254041469967980e+00
2.288562440729468239e+00
1.985161063253467750e+00
2.333980277443562290e+00
1.750096126651279782e+00
2.018511966395520218e+00
1.703756635794344554e+00
1.940976393825133206e+00
1.863768346230254558e+00
2.180749539048656871e+00
1.936928337521928611e+00
1.816720318361513486e+00
2.283020169964191659e+00
1.608121177699098237e+00
1.686046606130584991e+00
1.533771690358398443e+00
1.661773720078403294e+00
1.960485822851711690e+00
1.942551191730699900e+00
1.688627874465388201e+00
1.884350192282343128e+00
1.908369666743661597e+00
1.701449468971741430e+00
2.264804913026905897e+00
2.229012821261742161e+00
2.183522088711637554e+00
2.059111082460272968e+00
1.881179642487658121e+00
1.989354584783838531e+00
2.006249638366228272e+00
1.753209395872790344e+00
1.993672137003988931e+00
1.999107725854722073e+00
1.790192425865813730e+00
1.620288300796450587e+00
1.887019470339626581e+00
2.206144210115297710e+00
1.736593187747922595e+00
1.844345827749743538e+00
2.246750005156173735e+00
1.995597823816816607e+00
2.065035979136554456e+00
1.540117590057775487e+00
1.967913463297171095e+00
2.070785015152794006e+00
1.954463866533316940e+00
2.114733936899139355e+00
1.869622890652757219e+00
1.307382339673589744e+00
1.865288921146916579e+00
2.232938150580012326e+00
2.085422577908001340e+00
2.260583509332155128e+00
1.914678305370607347e+00
1.571187800312284111e+00
2.242267339634361090e+00
2.095848895811919910e+00
2.020885587147943863e+00
2.207738483138632191e+00
1.412219193665929629e+00
1.853987641905895156e+00
2.077483135896148525e+00
2.250638156020718039e+00
2.011195467323836361e+00
1.940299333467833787e+00
1.985724445874873734e+00
1.562676799518683657e+00
1.916777378989585001e+00
2.062642624910085321e+00
1.715416067330497896e+00
2.013468465402805663e+00
2.179827181704752093e+00
1.936840410967872073e+00
1.691874407461534391e+00
2.001684908499901994e+00
2.186129281236776745e+00
2.245780012885834953e+00
1.827612871542449113e+00
1.825378047447346441e+00
2.243200753013883553e+00
1.696175434657720249e+00
2.035093281104427110e+00
2.034515341570211522e+00
2.045483587279170123e+00
1.820074348589687752e+00
1.821079816383957661e+00
1.896077520003958794e+00
2.068564751311871230e+00
1.341779562138237125e+00
1.933566354051210023e+00
1.877222873012198479e+00
1.957522003213258310e+00
1.634380657988903085e+00
2.026813192265426444e+00
2.037232901994662004e+00
1.903457603826534283e+00
1.628354649940713772e+00
2.347658820751425512e+00
1.938567780675206853e+00
1.659778100253988198e+00
1.996404163214317240e+00
1.640066371233194209e+00
1.722482147417237597e+00
1.988902765605619738e+00
1.557594578320886214e+00
1.712562758107601946e+00
1.755034475025984309e+00
1.640490779163767510e+00
1.562021127459727543e+00
2.319868585209359679e+00
1.702060467022025403e+00
1.641013114004318929e+00
2.038203498930537094e+00
1.768675253850570117e+00
1.596113640892371732e+00
1.685846077592957792e+00
1.800733983057735355e+00
1.972429357422679441e+00
1.832153012229961409e+00
2.101157101258174897e+00
1.970469665588790775e+00
1.491607039687077974e+00
1.596723549084311022e+00
2.040898834967189490e+00
1.584061520374581589e+00
1.233210439035256956e+00
1.488062659976590041e+00
1.665701556011739859e+00
1.765972319201829732e+00
1.999443809972891284e+00
1.385611233030555001e+00
1.725240545313844853e+00
1.301784143054366627e+00
1.238151826604433126e+00
1.949806526661384654e+00
1.971142452562268055e+00
1.777594998125341386e+00
1.418558640121871051e+00
1.886773578814748387e+00
1.688757791607296443e+00
1.834333589194640846e+00
2.045028864904298693e+00
1.731186927910182360e+00
2.341317516297111823e+00
1.571984983288804205e+00
1.742686105889787562e+00
1.651234887638353133e+00
1.625015544147985880e+00
1.877584071815534772e+00
1.879902287995066645e+00
2.354366505661213527e+00
1.685990167933362871e+00
1.662274477986522392e+00
2.236241822364000598e+00
1.760853210445704420e+00
1.545820905115303789e+00
1.960864041667185642e+00
1.805545757774804638e+00
1.896866772624029363e+00
1.951623171344442076e+00
2.265278012269989372e+00
1.832064359705062095e+00
1.918270610427443623e+00
1.886384341544860455e+00
2.180335487610327139e+00
1.912163481695730916e+00
1.883850178060740843e+00
1.801656605731783989e+00
1.679150351594480117e+00
2.109160634024047187e+00
1.658198465935985411e+00
1.904919165241565571e+00
1.895010816729503889e+00
1.862547306949434267e+00
1.827240739774505629e+00
1.841551263428810037e+00
2.275041664460871971e+00
1.486740418046006207e+00
2.124161912525972973e+00
2.208383722780023817e+00
2.262461987328685975e+00
1.660439766870031475e+00
1.655432630097886548e+00
2.270670833969033797e+00
1.771597445730583864e+00
2.208272041456026624e+00
2.332636112182230992e+00
1.903627657445251309e+00
2.182436423433282702e+00
1.462348194114813982e+00
1.805290893891847048e+00
2.160584310700235822e+00
1.760980016961001926e+00
1.782733217983702101e+00
1.661825389818281762e+00
1.896802884673316258e+00
1.978377234703359688e+00
1.808051209537890447e+00
1.063539247587256709e+00
1.898111048943091683e+00
2.005082749738149150e+00
2.162982045129220321e+00
1.734732242062146490e+00
1.711907863393062890e+00
1.797242734694283861e+00
2.237530509734709572e+00
2.055156768028661318e+00
2.152512644171800993e+00
2.288005646196034526e+00
1.643960127874697141e+00
2.112275512395154653e+00
1.961098653768567734e+00
1.226214740801750525e+00
2.069410505675122636e+00
1.797563711629189154e+00
1.596090274028955980e+00
2.309405010900824173e+00
1.724044262810310757e+00
1.841134139298451045e+00
2.239014935444801679e+00
1.866806970109879504e+00
1.838121293015463786e+00
1.619001724993968105e+00
1.733060295288098462e+00
2.150449929487160183e+00
1.937223185304548290e+00
1.623393306485190868e+00
1.839259811900151087e+00
1.876636007776071757e+00
1.227818690682218827e+00
1.989121472553705638e+00
1.787455004233845290e+00
2.203078421563574363e+00
1.909404650652635871e+00
1.879423123540229446e+00
2.225025499759205161e+00
2.229845635815276506e+00
1.750244139803821097e+00
2.192112932631249844e+00
2.369691116399299080e+00
2.200494578468084494e+00
1.709483661560795786e+00
5.653280231385593435e-01
1.824278595836950290e+00
1.800817283579154715e+00
1.732599284363937953e+00
2.105795386866863517e+00
1.646989302271800293e+00
8.528772603609254821e-01
1.611965132612066531e+00
1.710508520753856843e+00
1.842666115899442625e+00
1.814157353231874437e+00
1.895645254748830499e+00
2.225211796924460916e+00
1.479814649151292683e+00
2.267721067146335479e+00
2.057429873289206679e+00
1.641841267659294390e+00
1.709158725277547308e+00
2.242719880544576050e+00
1.650211170617390977e+00
2.067830774871841193e+00
1.599440357098397270e+00
2.249309454643888539e+00
1.532441727358687888e+00
1.430971097766347233e+00
1.590605503567497303e+00
1.875129036859164877e+00
1.596341958691612106e+00
6.639124396805400341e-01
1.708064166409150708e+00
1.314496812316953367e+00
1.434539503361039747e+00
1.827968404965683247e+00
1.624294269173958583e+00
1.903335898365354328e+00
1.428223422349184979e+00
1.887414342715055815e+00
1.797630441732337880e+00
9.319825416070053326e-01
1.530561253897687823e+00
2.183094170983821414e+00
2.125024968672094783e+00
2.127607881092784314e+00
2.064926452700622139e+00
1.340413879759184024e+00
1.835882988164827534e+00
1.644404834023587503e+00
2.416360233543927372e+00
1.928557721174669393e+00
1.771052615180642498e+00
1.799875011995994978e+00
1.695049150101508584e+00
1.815309045287713863e+00
1.743207319974222402e+00
1.148045620183916427e+00
1.881286454984782530e+00
1.939141807603700807e+00
1.869031157776780860e+00
1.333152309504595623e+00
2.029315077592430683e+00
2.125081000962898425e+00
1.503936658983096031e+00
1.933689164949430994e+00
1.956958276259979090e+00
1.522324938178992060e+00
1.955055032254210401e+00
1.642602098908057195e+00
1.709273773250831407e+00
1.895900096484429254e+00
1.632229427160540869e+00
1.744543799899651138e+00
1.749960339716499114e+00
1.834241029040252435e+00
2.331534031650023042e+00
1.930360229075744005e+00
1.740821959557821375e+00
1.825603608227597041e+00
1.811874335662894353e+00
2.057699880226742994e+00
2.303831373165500906e+00
1.986710743864872120e+00
1.283904375947502396e+00
1.922159057630312473e+00
2.274705283554018909e+00
2.124499943853904949e+00
2.353013987283894881e+00
1.676046762305803073e+00
1.575762086324182576e+00
1.902758997817272313e+00
1.386988084962659684e+00
1.878542250470292219e+00
2.270181697131730569e+00
1.925009943219062603e+00
1.169102890016942453e+00
1.627930030572376063e+00
2.346751827830641179e+00
1.811451487579913255e+00
1.930030803404537476e+00
2.019058176911233016e+00
1.816405829625593160e+00
1.680570716077269822e+00
2.235130914933832091e+00
1.926764559679678745e+00
1.817668460827001509e+00
1.936413517832756614e+00
2.217568762984469366e+00
1.751327922510049095e+00
1.391758554321512964e+00
1.967202170557808216e+00
2.085918532415051541e+00
1.898872194690263804e+00
1.815287076841781033e+00
1.699082187014352874e+00
1.767363359622513341e+00
2.333639807858003845e+00
1.659840820731475874e+00
2.307092708698106787e+00
1.985013518923768983e+00
1.672192320220051265e+00
2.347781277111722353e+00
1.975911315855069850e+00
2.298233033191531050e+00
2.316229403085502625e+00
2.256465541227446359e+00
1.868243539317871127e+00
2.219489704811157704e+00
2.231782524225299991e+00
1.826470181372201518e+00
1.818941062770022432e+00
1.371590220700892981e+00
2.189735621999244763e+00
1.785769732784772357e+00
1.736596922828530287e+00
1.892718857087440032e+00
2.012252859231251190e+00
1.817644302822604585e+00
1.940574482331798523e+00
2.196609129940144012e+00
2.218227759479126870e+00
1.740245723914006337e+00
2.285799932022740233e+00
2.175502804403146140e+00
1.735938247567797132e+00
1.931963726702145445e+00
1.864615493870138030e+00
2.233934517812792730e+00
1.671062967997514637e+00
1.911547989300895090e+00
2.192375106456174727e+00
1.876524712785319071e+00
2.363111969948990421e+00
1.885998530050701172e+00
1.913939897835093440e+00
2.271102464572970714e+00
1.543221432336387311e+00
1.516842171099282099e+00
2.166858580185815786e+00
2.411900672500147724e+00
1.820362240679187726e+00
2.246544908797325046e+00
1.702384245300463839e+00
2.171970966508402157e+00
2.091967650821298541e+00
2.341554535433644890e+00
2.205150117093634954e+00
1.832697400355289385e+00
2.225781138073049004e+00
1.919446150408837148e+00
1.809503651208931529e+00
2.299710716537830990e+00
1.936644570482545458e+00
2.201279273974467987e+00
2.345287889133911730e+00
9.335565071304413598e-01
2.154407539616185918e+00
2.160645057311183503e+00
1.642131530139370854e+00
1.614628025044981818e+00
1.760181906726102419e+00
1.765238833471879820e+00
1.728129833743679233e+00
1.738506053454275779e+00
1.576493491798337532e+00
1.693047912882530870e+00
1.411624200111897487e+00
1.605425596968513835e+00
1.570704359586099441e+00
1.457559812266243870e+00
1.453404077742328049e+00
1.546311118402392548e+00
1.487012614513439246e+00
2.174989396548326237e+00
2.044190985566849861e+00
1.619644533384415608e+00
1.456368248859136738e+00
1.730458213172876736e+00
1.150361734488482446e+00
1.421975295748112433e+00
1.652524143149001423e+00
1.193650389764829400e+00
1.284994424673971070e+00
2.226895576642113461e+00
1.906839310312637981e+00
1.510510559223656291e+00
1.790497120710200729e+00
1.711510687602765257e+00
1.846279435133151736e+00
2.244103213041658940e+00
1.802252485309437491e+00
2.291745023212728771e+00
1.773788338189208336e+00
1.716579025186822260e+00
1.767148298521920680e+00
1.728071529517493543e+00
2.294754918267465360e+00
1.704855026607011270e+00
1.972708133002936570e+00
1.866933853605268423e+00
1.687368410707084099e+00
1.507303193101162009e+00
1.712480478550155949e+00
1.543250398716022653e+00
1.707821825409262306e+00
1.895429835702109100e+00
1.665960862840895063e+00
1.819622700814457428e+00
2.387413499519291271e+00
1.925880855423763194e+00
2.222203162610322469e+00
2.237089852525272704e+00
1.786505335360596192e+00
1.829468120807904441e+00
1.318103829329600352e+00
1.258586872887893726e+00
1.554131552428080765e+00
1.691307809001012741e+00
1.508356010957378146e+00
1.366373115043840958e+00
1.684938093139487281e+00
1.833989340054629658e+00
1.641734927240721120e+00
1.655364090168653712e+00
1.600098161490604465e+00
1.595229922502567455e+00
1.676488116346577018e+00
2.189352665191363734e+00
1.876755526001954166e+00
1.670653666339535048e+00
1.827096588816103484e+00
1.704043891310119019e+00
1.684945023120064667e+00
1.739791792499272516e+00
1.654301306440780550e+00
1.705112774333603198e+00
1.867231016423606338e+00
1.947572362264377022e+00
1.638713843594917563e+00
1.363283299748752064e+00
1.368922218428198612e+00
1.365203269557445198e+00
1.328678111600351652e+00
1.712205956158754816e+00
1.363268813961649339e+00
1.924646421119317496e+00
1.737014119739028528e+00
1.696395996999075839e+00
1.612839489720341746e+00
1.641620764671655852e+00
1.637725989777572444e+00
1.664812273210715565e+00
1.758681151047691849e+00
1.829890778798512585e+00
1.797527201432956856e+00
1.846197899818651678e+00
1.717858484429109378e+00
1.614256158455617873e+00
1.755851736948433661e+00
1.766496921994735514e+00
1.759724027758854392e+00
1.701591069632603537e+00
1.618446664826971970e+00
2.243263267820553075e+00
1.732308692835467623e+00
1.656406132037956391e+00
1.804555542550636327e+00
1.705197228613189564e+00
1.778122276811819447e+00
1.768385136096638277e+00
2.002156768893990968e+00
1.852480767539621542e+00
1.746567501660487354e+00
1.902809361329831583e+00
1.778759886397989654e+00
1.745926969894940006e+00
1.746717490345128798e+00
1.974057488171109487e+00
1.851527509609917299e+00
1.744920054137325538e+00
2.036159856727782991e+00
1.923464045884478280e+00
1.666837846167082304e+00
1.819921614967731749e+00
1.307758013158615729e+00
1.864354405586380548e+00
1.624566046519363871e+00
1.831049597118831862e+00
1.898373941231483064e+00
1.990922132158993163e+00
1.709463603584206570e+00
1.676334529337065726e+00
1.560393050452879793e+00
2.039017562302766873e+00
1.944907348255066060e+00
1.827295544220517653e+00
1.664065874728889227e+00
1.578264583590821335e+00
1.241664781806241402e+00
2.036537942523419797e+00
1.651869573883170128e+00
1.856848538059655107e+00
1.739198628722473883e+00
1.832119901377934124e+00
1.696974059559552162e+00
1.751537696545887535e+00
1.504298188939270586e+00
1.749171556535704664e+00
1.993851118377251819e+00
1.878947091330004593e+00
1.414774769161053714e+00
1.655159223095789667e+00
1.461248469750670687e+00
1.384072738964773785e+00
1.453338239820244349e+00
1.634450755077659023e+00
1.848163312487524079e+00
1.714181887437526086e+00
1.587072539439964292e+00
8.707988067477984151e-01
1.388497618229461272e+00
1.441775666539048428e+00
1.278406435659644291e+00
1.611863217547556903e+00
1.072265526475201902e+00
1.488331155537769179e+00
1.816920209535058950e+00
1.590911380961354871e+00
1.536577603662797387e+00
1.547241157233671949e+00
1.771284329628817433e+00
1.633323635408201691e+00
1.578472262767777634e+00
1.666052396373441047e+00
1.903042769116034316e+00
1.704844278282708459e+00
1.503036170716542275e+00
1.781556582006674105e+00
1.971084319046679356e+00
1.738255265014441608e+00
1.710719063550157015e+00
1.791774086314548375e+00
1.705841881311685349e+00
1.554802703856643653e+00
1.476155700161049911e+00
1.486872904037810583e+00
1.733610973849553538e+00
1.572136358852296301e+00
1.709948000849816907e+00
1.907905088154101758e+00
1.769921868218016225e+00
1.752554525498296600e+00
1.726682593174075686e+00
1.807256702675983595e+00
1.602179985477547364e+00
1.641484527481112288e+00
1.271603044495452917e+00
1.492923544993823848e+00
1.525024589270947750e+00
1.253544513537905969e+00
1.729626160659658130e+00
1.635476621386321439e+00
1.797601823775514696e+00
1.615815858959820828e+00
1.895485791784091933e+00
1.612663411550706138e+00
1.618756392878051509e+00
1.703369877795102294e+00
1.638063064761994925e+00
1.701960980714213090e+00
1.514320738511561348e+00
1.452609897041715836e+00
1.140836076728997117e+00
1.340024368404480137e+00
1.516075453825542096e+00
1.420310197746290415e+00
1.623251614487319028e+00
1.869153629627585911e+00
1.698222948559659828e+00
1.739654004524271880e+00
1.585234766587409361e+00
1.693566921508335543e+00
1.867786641521876234e+00
1.914963004037169014e+00
1.632061368695151282e+00
2.159975826227029216e+00
1.796688281634943873e+00
1.808024872658793969e+00
1.789141034920602058e+00
1.636828520991574720e+00
1.614386243655721032e+00
1.651231993578452073e+00
1.677061159259902734e+00
1.746444949648712441e+00
1.702677327467452262e+00
1.702558738239903002e+00
1.719570109724391171e+00
1.669126399514950787e+00
1.353860114189473718e+00
1.754500669219101194e+00
1.630976868578328576e+00
1.846672211023598020e+00
1.713531909122385732e+00
1.679768543122277080e+00
1.626488031310522775e+00
1.842961913165967580e+00
1.671875098922096292e+00
1.977423571645182010e+00
1.910703302030131390e+00
1.601816260332570740e+00
1.368161466257677539e+00
1.453312704270197209e+00
1.737954572136715781e+00
1.545003264925645103e+00
1.633627857364060354e+00
1.835176102227646933e+00
1.707766366149078507e+00
1.529839003505409689e+00
1.619268285034847876e+00
1.706038676258766040e+00
1.644095004699652085e+00
1.595200217775214258e+00
1.508639586857029702e+00
1.623819398625815813e+00
1.591757401001900218e+00
2.040040462146765154e+00
1.569218660489054118e+00
1.839456378914824608e+00
1.736317012024386930e+00
1.422736519534176125e+00
1.297780547420697372e+00
1.427153876482829986e+00
1.378989653961984807e+00
1.341987766684481498e+00
1.470632519782691272e+00
1.196867723009529927e+00
9.145449761454581550e-01
8.078643615110897569e-01
1.163950371229613756e+00
1.526523924092693774e+00
1.542982501254327232e+00
1.677943216534641291e+00
1.586209178728826386e+00
1.592091140577245323e+00
1.669330166406656435e+00
1.674451824687168022e+00
1.711869297924084599e+00
1.564038277839336244e+00
1.539312640209258287e+00
1.552929856532231367e+00
1.528598862467201336e+00
1.575276988844282355e+00
1.437690777074055237e+00
1.774256989142833474e+00
1.733231614771673756e+00
1.605569498097154213e+00
1.737324585532481924e+00
1.634738367926724889e+00
1.676714285135644023e+00
1.743755387558212799e+00
1.293903898771785688e+00
1.513467949320875361e+00
1.338489085845028681e+00
1.782269211038400858e+00
1.764535196438823395e+00
1.928145636525653295e+00
1.735267795440974981e+00
1.653916284024960381e+00
1.644144647391960534e+00
1.742461040179947407e+00
1.648766689765651439e+00
1.608508078809822939e+00
1.699302029456783325e+00
1.840249268392867732e+00
1.671778452416000205e+00
1.738630998592980870e+00
1.675094638767254285e+00
1.555027203725648066e+00
1.679464892832439160e+00
1.630697793121463235e+00
1.790695130981179828e+00
1.830905772144719279e+00
1.743159641679892902e+00
1.871373695482709820e+00
1.604635581160935409e+00
1.435915439434333640e+00
1.520467453849534412e+00
1.367807839785667667e+00
1.261831997646292169e+00
1.791604639590825387e+00
1.670177261993889273e+00
1.390704480082165517e+00
1.520408921610360231e+00
1.171371530809695694e+00
1.392123678990517366e+00
1.323150086197017350e+00
1.317735519695541369e+00
1.553419525326937611e+00
1.609349295925367462e+00
1.612508198211560106e+00
1.638920002702830114e+00
1.549462964329004100e+00
1.607973726946150705e+00
1.563492998259339073e+00
1.353777675772513733e+00
1.596311962428337727e+00
1.761842117694160104e+00
1.492683526173456787e+00
1.552770869680401011e+00
1.327995210334089071e+00
1.594077236785938823e+00
1.544968655990739403e+00
1.364286269662351891e+00
1.516651162742590264e+00
1.370052884098470036e+00
4.776910392948729989e-01
1.314778123282969613e+00
1.646989470981325310e+00
1.422362574525746881e+00
1.245020486646201352e+00
1.269251248054955372e+00
1.291248798081614080e+00
1.307051987420000616e+00
1.210696264955844592e+00
1.366143893248233043e+00
1.327516387767848860e+00
1.312834574242139229e+00
1.155726265877820236e+00
1.629259455597275252e+00
1.212690006155434652e+00
1.368643230006675093e+00
1.073751208296538584e+00
1.490956217980280440e+00
1.589114401139099630e+00
1.475488369740656003e+00
1.608351754183407367e+00
1.598905282835009212e+00
1.481928211049987176e+00
1.675416072601221051e+00
1.303242853668871382e+00
1.428938522958701940e+00
1.463637145208777302e+00
1.671188668043228631e+00
1.460274096350826278e+00
1.444614479107072302e+00
1.685489201369100964e+00
1.626722398460258123e+00
1.315533778754813365e+00
1.550651202740783940e+00
1.502535584405014113e+00
1.480196062098496190e+00
1.189747496398592119e+00
1.514357552184316225e+00
1.579696583265778109e+00
1.558470938474094680e+00
1.690667842281768474e+00
1.673552333611548981e+00
1.652235871023416847e+00
1.711699959795951242e+00
1.745731709485423444e+00
1.645871417910878209e+00
1.615977466278659014e+00
1.705726755511619785e+00
1.637948516269957855e+00
1.694019159806952279e+00
1.710386332931980835e+00
1.598831519638120868e+00
1.550071883287447605e+00
1.503452663296442671e+00
1.305566178325869187e+00
1.222637811374238881e+00
1.208052993696818733e+00
1.205574461657073826e+00
1.597513320195621978e+00
1.650049406943776553e+00
1.693996234067537188e+00
1.660515621599073288e+00
1.445365692110315292e+00
1.623736444676411983e+00
1.594199202377399871e+00
1.510062959881659728e+00
1.550960294779003545e+00
1.184947561862987220e+00
1.233653992013099110e+00
1.292352940074886103e+00
1.552745602526968360e+00
1.498968019785367867e+00
1.544412591572069005e+00
1.551549887648424386e+00
1.559066294394231056e+00
1.643196497641534748e+00
1.593133163771588645e+00
1.577412231026939615e+00
1.655385909565303626e+00
1.235677496135140441e+00
1.661435956810291659e+00
1.623989917396477134e+00
1.591985868373355428e+00
1.651220967241463500e+00
1.377955312438753799e+00
1.319466075714392339e+00
1.431571848818645298e+00
1.225962409111160722e+00
1.182819249585350230e+00
1.365445182198302243e+00
1.347025246834830270e+00
1.296804313759949867e+00
1.792394657877452113e+00
1.394873538139657976e+00
1.620561064533031947e+00
1.402980361046113789e+00
1.521784239284831530e+00
1.330928018896242682e+00
1.353570552823910811e+00
1.657067333084461858e+00
1.498119681034356443e+00
1.537467845372550102e+00
1.205205799137110567e+00
1.286359310821873825e+00
1.489836535509580617e+00
1.675430323713947844e+00
1.485301188966516195e+00
1.597298014067306760e+00
1.778075071603920199e+00
1.691998860361352497e+00
1.491128975308122717e+00
1.429938160742675768e+00
1.341372431999565462e+00
1.179607802212460532e+00
1.500161642862368083e+00
1.246541864850204462e+00
1.695615528719263354e+00
1.430286401297032883e+00
1.677817304607333027e+00
1.642771814262901531e+00
1.651026079053098172e+00
1.704927708409245790e+00
1.656790827110476316e+00
1.690267032281107307e+00
1.555945607050905677e+00
1.633244833539688523e+00
1.732928580052347067e+00
1.533233844845140359e+00
1.623651607597951685e+00
1.631791806589861338e+00
1.464223792820834591e+00
1.553608807132155878e+00
1.483106892508561314e+00
1.484322953139565637e+00
1.616027960496859039e+00
1.444689514021611387e+00
1.178343299606021244e+00
1.295307133104030228e+00
1.611170479065883843e+00
1.656232224324649005e+00
1.712285733026736478e+00
1.684476866421515728e+00
1.637921622598300431e+00
1.754775101721878006e+00
1.543105686268116949e+00
1.491118690264490398e+00
1.560599029949572669e+00
1.380549984836486832e+00
1.163497410878025384e+00
1.380068465365248409e+00
1.346302378156287505e+00
1.342650267028894451e+00
1.322342617509165041e+00
1.415282186930793218e+00
1.699392423427767751e+00
1.604799769238018037e+00
1.694515228568343801e+00
1.615994617274222778e+00
1.397966837266598539e+00
1.444421980945630457e+00
1.642933445572007267e+00
1.605674427583183128e+00
1.579847608660088776e+00
1.623208577605002700e+00
1.485026683006536619e+00
1.639477219899100113e+00
1.356525967746827765e+00
1.621775827441191531e+00
1.675385538186792589e+00
1.590564697309648334e+00
1.690457802592871595e+00
1.634592116395231942e+00
1.808428181283641578e+00
1.320344166833896660e+00
1.612069139250462912e+00
1.381590866587227184e+00
1.545221249597901636e+00
1.413695145308700774e+00
1.276070398468507783e+00
1.223259562772305742e+00
1.155009715749355959e+00
1.091103359241984982e+00
1.156762433555344138e+00
8.970684705002142101e-01
9.317194602872035381e-01
9.963293132347497139e-01
1.604579412958103690e+00
1.064520330215190880e+00
1.430710766986162286e+00
1.404022224251260775e+00
1.520272207958436095e+00
1.464684766195181842e+00
1.371706272581609154e+00
1.487022742634825478e+00
1.636890971544435969e+00
1.565644567498951867e+00
1.132036933383898658e+00
1.358350974556403301e+00
1.539271464920347166e+00
1.434597025824586369e+00
1.456779721767587299e+00
1.404967900999371855e+00
1.445345480531677884e+00
1.102878931690542519e+00
1.435839109537982106e+00
1.690233323238069740e+00
1.679102393130969206e+00
1.756345459447179236e+00
1.612176262270254012e+00
1.299021882302874520e+00
1.229037230122144164e+00
1.294409280937405038e+00
1.396598630489890525e+00
1.626088691886720117e+00
1.456450432315316013e+00
1.646201403746152092e+00
1.185856389700309155e+00
1.175209461842265934e+00
7.984624382847508306e-01
1.314416990789009754e+00
1.427320947954999086e+00
1.463600057552338241e+00
1.407609868872724768e+00
1.190192791684366203e+00
1.337464206398325972e+00
1.262961777696350874e+00
1.597367551084856174e+00
1.322565970621107256e+00
1.260146253046213527e+00
1.452631140917598263e+00
1.513185056677694540e+00
1.320683490067719568e+00
1.172777528804380465e+00
9.976119815112277633e-01
1.345896934878014317e+00
1.182736155966888747e+00
1.314722528630687171e+00
1.360679001852028724e+00
1.216356765614112545e+00
1.408767944361016822e+00
1.317562433447285963e+00
1.288011315512819444e+00
1.271892631684002684e+00
1.259637433201907575e+00
1.393832376490153679e+00
1.238446066975622095e+00
1.154349428966079838e+00
1.246851303734431093e+00
1.165323211830591177e+00
1.447317012243140244e+00
1.156070111839351267e+00
9.986272084222399537e-01
1.049942229367506030e+00
1.115487196710363671e+00
1.438940312558341761e+00
1.434124955420666536e+00
1.340996094952276341e+00
1.036162737221230978e+00
1.349295237638254319e+00
1.178530619873947805e+00
1.111839049461660789e+00
1.388542957454155236e+00
1.202347080642424570e+00
1.523059209729227703e+00
1.317907993314216375e+00
1.281057482823915405e+00
1.517353813975524712e+00
1.232909347140136225e+00
1.405099234261628638e+00
1.469076640985342630e+00
1.387025369206170922e+00
1.181817841216619813e+00
1.611978860455601792e+00
1.628362114924343240e+00
1.593985220568561845e+00
1.494518618722294523e+00
1.568065281557581514e+00
1.508202050789294146e+00
1.147764787855727109e+00
1.137375132100337805e+00
1.266774163256200847e+00
1.200229668949759132e+00
1.172482562902139369e+00
1.135830901572116192e+00
1.524802780636888899e+00
1.308513656759973554e+00
1.287909039189892191e+00
1.422267427378536730e+00
1.400773882363654854e+00
1.751192968412771833e+00
1.571446650383680366e+00
6.630233010831031448e-01
6.856884307423746217e-01
1.590231572002462235e+00
1.457320112830893688e+00
1.142939848283774040e+00
1.254354655343226321e+00
1.359621036089603940e+00
1.060685637074998633e+00
1.155926594559496756e+00
9.991306939247014407e-01
1.211265227994696270e+00
1.277752796306104166e+00
1.471386852890918195e+00
1.619582413733156034e+00
1.399112778875812646e+00
9.549959454483265553e-01
1.338803734358812614e+00
1.655578293014693170e+00
8.239300791198957974e-01
1.329259254596450557e+00
1.606219527733542485e+00
1.383061193243761977e+00
1.127986372212265165e+00
1.238878663579143335e+00
7.083912496289546112e-01
4.718573497663703931e-01
7.774578092918894567e-01
1.083774087830011279e+00
1.075843374868541424e+00
9.956140380243396759e-01
9.636758856567733122e-01
8.859755941237088539e-01
8.124951803989177712e-01
6.324182143268921585e-01
7.251018309775854043e-01
1.201355107090255725e+00
1.052828704961431772e+00
1.166383916663783937e+00
1.114047490231207416e+00
1.117323112651309014e+00
1.034629061876983336e+00
1.001618300517085780e+00
1.059627650089158157e+00
7.702716649598522203e-01
8.961398907107788192e-01
9.609768029136266376e-01
1.044210737592803362e+00
6.644818465062252155e-01
9.275125800601901060e-01
8.908218654270971815e-01
8.560797614120004839e-01
7.594005011934700233e-01
1.099652134131200665e+00
1.106983774238411655e+00
7.228786162039095853e-01
8.871244031182471401e-01
1.097653045817642559e+00
1.267006083048700660e+00
1.086615162212275942e+00
1.066854093643243129e+00
1.274478179463272909e+00
1.447879685648943093e+00
1.263977183564166440e+00
1.262652639660126086e+00
1.459735992837078333e+00
1.364622101753050876e+00
1.298382403357465575e+00
1.273723039600343609e+00
1.274166790235375268e+00
1.183607753984160071e+00
1.326030510264553763e+00
1.269185161672307771e+00
1.168438372018516080e+00
1.217474491159004968e+00
1.104806689986792323e+00
1.079590647400824555e+00
1.329682814309315564e+00
9.389027476770219760e-01
1.407658524373325060e+00
1.120678174384918346e+00
1.377304472270343139e+00
1.136883329214379179e+00
1.407329736439148826e+00
1.271461777783689406e+00
1.220518880622233793e+00
1.439715396173028905e+00
1.227128040335854653e+00
1.557234333246328983e+00
7.878233781009891246e-01
6.363737689013807541e-01
9.701816839230648082e-01
9.788341273808779386e-01
1.480279096598951849e+00
1.248855999866539612e+00
1.119764109138899899e+00
1.204950010454054032e+00
1.506552514803754239e-01
3.690722392745688363e-01
7.722019377088881198e-01
5.644960326048859001e-01
9.474243608141531547e-01
1.029778799076932261e+00
9.748020770509330246e-01
8.062061639132718227e-01
7.512077115388653414e-01
5.455729580468069440e-01
1.518274941081596996e+00
1.124972480316421164e+00
1.283215015915288415e+00
1.185393287224687286e+00
1.629936189938910873e+00
1.385035114229798747e+00
1.325262199087555270e+00
1.297267133295044284e+00
6.858488414694802193e-01
8.480623484889836528e-01
3.922896886452881815e-01
6.842405127258456288e-01
5.957639641450589441e-01
5.710840939268930772e-01
8.700069059655244352e-01
1.064344037374245433e+00
1.168464383237601822e+00
1.150183464853895554e+00
9.362341650132036674e-01
1.310057229261177847e+00
1.919243981312621083e-01
1.075848526174227437e+00
1.111482035334338647e+00
7.516927248199183342e-01
8.234434987465235611e-01
1.252156465757850112e+00
1.120894980597085144e+00
1.273619641286791948e+00
1.281322260055777207e+00
1.075473452271290986e+00
8.675763786353973828e-01
9.994989078225060553e-01
1.044196698807426493e+00
9.688252202997176266e-01
1.156033785833239014e+00
1.249209076289194975e+00
1.397716596811520384e+00
1.204815721979166865e+00
1.130883172216647470e+00
1.007047858749170688e+00
1.014434443843591049e+00
1.156314598290974605e+00
1.066968837801582026e+00
1.026820930860494974e+00
1.139367580867411744e+00
8.548531343064273980e-01
1.019940689035614856e+00
5.982117321657477449e-01
8.976139147296371412e-01
1.257411021235080195e+00
1.203523494891693080e+00
1.086872084512546133e+00
6.036489949335567262e-01
6.307752998521424237e-01
3.278957407637465016e-01
7.440564859083028670e-01
7.688868277001684737e-01
1.103585704162593828e+00
1.095769966334433354e+00
9.593867099565652756e-01
9.873965964034685516e-01
9.936173897664346555e-01
9.787018515623147064e-01
8.390631710102962604e-01
9.071064136842977854e-01
9.373167558582179426e-01
1.053377127549935510e+00
4.087217640742160096e-01
2.922901031460722887e-01
6.045257503932688348e-01
1.033484520646444471e+00
9.871884227550349333e-01
1.010243864465750763e+00
4.913477429897390725e-02
5.996989543476149986e-01
9.875538687784359837e-01
1.063678243108953314e+00
1.116039641541876959e+00
1.074223765390816432e+00
1.182819776673392997e+00
-1.927751406329936482e-02
1.046434006706754349e+00
5.359796807002943364e-01
4.862773941890904950e-01
5.229023398125911548e-01
8.524089356792390326e-01
1.032143206264315438e+00
1.288922871662691261e+00
6.926820097304634549e-01
1.001589503766066258e+00
1.314819947601173045e+00
1.062862862337440317e+00
1.006152280602107929e+00
6.369383743639359663e-01
8.787492195503111558e-01
1.070493369681220219e+00
1.065289106561386090e+00
1.006751973269880640e+00
8.694896962768587922e-01
1.102417200011374110e+00
6.834552868372042456e-01
9.627117309256348898e-01
1.025205304441467291e+00
8.688560851243319894e-01
7.331088367104925396e-01
1.125284134296072880e+00
1.000827596704120470e+00
4.779717660529261281e-01
1.375820773825152887e+00
4.573809235735959433e-01
1.036961518355380418e+00
1.068526861103333614e+00
9.633578609207583687e-01
1.015467607910009784e+00
9.716916797953909501e-01
9.700639170967337854e-01
9.717567685804857636e-01
-3.469252003216976576e-01
1.108241526223486595e+00
1.027526756333906111e+00
1.002334567757707351e+00
1.064370610180874088e+00
9.486043842095103207e-01
9.302679992178698454e-01
1.186214156812673171e+00
1.013168694675175230e+00
1.049434850620783566e+00
9.400828888704411135e-01
9.475138722456054596e-01
1.373382052163586720e-01
1.036255130061602969e+00
9.514632808842343747e-01
1.160421306236403050e+00
1.075993714632158538e+00
6.412312175746001097e-01
8.688489463603861207e-01
8.848153679468764299e-01
9.003505518484119508e-01
7.691887385750532102e-01
7.970441181010794462e-01
1.218231030570559925e+00
1.085464857481678091e+00
1.077541206149425168e+00
1.062642514255609738e+00
1.403426551077135098e+00
1.327023426550925755e+00
1.230441223262816575e+00
1.709688388904175294e-01
9.683902561843601431e-01
8.717524095652372518e-01
1.074570622122184460e+00
-1.473230820308286670e-01
1.102474559600625126e+00
1.108961796551121592e+00
1.083469588261640526e+00
1.143316456955412841e+00
9.546601902149625118e-01
1.077530719938045278e+00
1.030191382739051198e+00
1.121397094899733826e+00
1.036320746750243549e+00
1.039723897107718287e+00
1.012460863972739711e+00
1.064546924232547154e+00
9.727013544198991335e-01
9.572392212643610065e-01
1.291319122331240798e+00
1.158927429163058687e+00
4.089096893256393139e-01
4.032029240121568492e-01
1.182732708845385255e-01
3.903079567358040403e-01
2.548770366941090493e-01
5.651034362653745147e-01
5.831949005458023638e-01
8.730476241508955404e-01
9.434819591569912900e-01
9.316540912015121023e-01
1.350042345200856309e+00
-6.436250903467819473e-01
-5.794165027733683138e-01
-9.319914455558302169e-02
9.811327101137318207e-01
9.816850558572908225e-01
9.278346611314490788e-01
9.780086690430335183e-01
1.239230807204804607e+00
9.918209986705291969e-01
1.184332533761405903e+00
1.101758190015765360e+00
1.214986169628568424e+00
1.155815849198053469e+00
1.085063115877445972e+00
1.101160410834784775e+00
7.891608925394530960e-01
9.503652259796466772e-01
3.087979236090052648e-01
5.930790121179743135e-01
4.900464278770174653e-01
9.804242457172386294e-01
9.378104555423075750e-01
8.331610279526642238e-01
8.773434305002880684e-01
7.134761579207256066e-01
8.713872790571016713e-01
7.560737723796479015e-01
8.611392118325802425e-01
8.567747711408443267e-01
1.084742737463489926e+00
5.483160122792999358e-01
8.792353973880405738e-01
6.808231847860740649e-01
7.197924429080174713e-01
8.400297106155800719e-01
9.245803503567322501e-01
9.901228724683818205e-01
9.800279132288731709e-01
9.672987538540911423e-01
8.998185844487214258e-01
9.497296724511393728e-01
1.025962128459971368e+00
9.971291568907392211e-01
8.802454960505531334e-01
9.826440430545139160e-01
9.677352200320479270e-01
9.581063845367205900e-01
9.870777922194422516e-01
1.009526075523459188e+00
7.627625010191309007e-01
9.160687132098630503e-01
1.016353481606954823e+00
9.524889266932877741e-01
4.146134327503028238e-01
1.018951329077006918e+00
6.694531873077168571e-01
9.889000886128183065e-01
8.684725041683617475e-01
1.519391743632535763e-01
6.559446088905289685e-01
1.007711642746537795e+00
1.002440082127473708e+00
1.006267712018387162e+00
9.948138156137213972e-01
1.016314683099686311e+00
1.009103490991477781e+00
1.085447860722953184e+00
1.010074995515037433e+00
1.186458609970548528e+00
1.131969009495316980e+00
1.042001249755393211e+00
1.080920754087780100e+00
2.443165372515857525e-01
3.145848182488770739e-01
1.424342300972550844e-02
7.059437331922383541e-01
-5.026800812189624601e-02
3.027356400526527019e-02
1.007975626526003698e-01
2.927920339685983198e-01
1.724134487730259735e-01
1.046198645655478515e-01
4.287401845885219220e-01
-8.538895529673465323e-02
3.414750658760617452e-01
1.875750681288658461e-01
1.049827197432561920e+00
9.941243357724502960e-01
7.840797724077073205e-01
8.656405368956908708e-01
6.950054867570817363e-01
7.144098690397649998e-01
1.043762206914320645e+00
1.043269153542422112e+00
1.040615299493566681e+00
1.014401570604110292e+00
9.865998388531882490e-01
1.120605091754591331e+00
9.879932373083070152e-01
1.017116514687976592e+00
1.096039349420395714e+00
1.020331260315322286e+00
1.012399090597735585e+00
1.092258456757560392e+00
1.142264655671397788e+00
1.053123197463512684e+00
1.069285632625291971e+00
1.064955180808295099e+00
1.536979017377825552e-01
-2.982547044798616528e-02
2.412614986864248801e-01
1.240851301083129438e-01
6.231632244221817496e-01
2.030630223128417622e-01
6.902484302686479056e-01
8.961243642066806236e-01
9.557931880504964006e-01
1.026594215339247773e+00
9.983160298920383813e-01
1.009192903245342832e+00
1.060388574642592507e+00
1.118295993478202632e+00
8.813202864435650818e-01
7.783985482099031739e-01
9.023524675482623714e-01
8.969867221016318837e-01
9.706699496647790415e-01
1.124843776723559730e+00
7.344652680468827244e-01
9.442935029823785742e-01
1.195777088975620961e+00
1.238023369913140881e+00
1.023997279047875075e+00
8.923154542119300370e-01
8.202198111093407240e-01
2.748955623141744464e-01
6.865492777936830215e-01
2.278891608585522088e-01
5.813374175084264073e-02
-1.057558387104044068e-01
2.327073735464975021e-02
-1.719682335584884481e-01
-1.673159062231034389e-01
7.266272173705757842e-01
6.231488224814463184e-01
2.532056113776403605e-01
5.155530318657626232e-01
5.973333530740276842e-01
7.384026560387217941e-01
1.030956358343206647e+00
1.010134287824861588e+00
1.039787194291014627e+00
1.011061291640965809e+00
9.933427545317217167e-01
8.788694982186344706e-01
1.011449716319363423e+00
2.852731325387083405e-01
5.838943716688359542e-01
5.220349414878339145e-01
8.884358949692511276e-01
7.868179728529957062e-01
2.454302602192974525e-01
4.424396700566682328e-01
7.318987816636671750e-01
5.295338161625119389e-01
6.549503396415443657e-01
-2.358867589440491463e-01
-3.052309542871861625e-01
-3.973424594798640186e-01
-2.431398376776710002e-01
8.917374765707077877e-01
2.861076976005680339e-01
1.034604645373346399e+00
5.649275232434010086e-01
6.845790826976341226e-01
1.043090406959651828e+00
9.137038215364403637e-01
9.272966736297733048e-01
7.818165690135150392e-01
3.719777091060350038e-01
-2.850864392080300694e-02
6.498240123545236946e-01
8.086203332898617147e-01
-2.292471568549908356e-01
-2.114656720717419391e-01
-1.266362125389100535e-01
-3.013812413742493757e-01
-1.944093639652026695e-01
-2.777993870419014910e-01
-3.033924952230455108e-01
-1.589011736361084157e-02
-3.339200475673692048e-01
8.255551610203188950e-01
-3.566853871889692496e-01
-1.028207163001120666e-01
-3.414555946003652864e-01
-3.684025793930139625e-01
-2.537799447093412319e-01
-5.421236722802252883e-01
-6.239199610834180731e-01
1.013766960317226129e+00
8.996481003875848037e-01
3.330739771989516540e-01
3.448208490659960268e-01
1.011988124122241262e+00
1.002439105260990448e+00
9.847929994183683977e-01
1.017764360720799122e+00
6.365241784683266513e-01
3.471593718694846453e-01
7.097882004102114006e-01
8.734553138614888912e-01
4.962090073417027569e-01
9.667974842528909152e-01
8.056025779148802135e-01
9.093384418565870764e-01
1.096804291266667342e+00
1.075187013155763038e+00
8.439400196253938891e-01
7.655904832526052584e-01
5.192289655064341591e-01
1.012980898645011507e+00
-4.949284632491781633e-01
-3.944762410359272109e-01
6.348752217393758279e-01
7.238754427908979938e-01
7.474714341794190808e-01
8.628861158499515627e-01
1.425624789558352923e-01
8.327485370203702164e-01
2.543875656458945977e-01
3.102583710301590192e-01
6.080958587483924482e-01
6.077056274027425875e-01
5.353359582733279165e-01
6.641123437655865880e-01
4.329102510382694113e-01
-4.949648892085260488e-01
3.646913371496135481e-01
4.538511065558537005e-01
5.188499500267800268e-01
6.401410355196257562e-01
9.969314182580949479e-01
9.742557931346350619e-01
-4.077713532423319354e-01
-5.139200924706585072e-01
-4.710046343597158458e-01
1.618225629275143573e+00
8.369628146389619383e-01
-1.726562894713870588e-02
8.503254475237266297e-01
4.375783503602662661e-01
5.201429000366668554e-01
9.507117095038256638e-01
4.969077456226054235e-01
3.843565517617887339e-01
3.431966835122839399e-01
6.300808438637395259e-01
5.830722669530343794e-01
4.499835321441076341e-01
4.868072210961540414e-01
4.730678634822962914e-01
4.395342577872935474e-01
4.055370540387442935e-02
-2.685937446057984346e-01
6.051579521054201855e-02
1.605382342772423698e-01
7.393109233294014038e-01
-2.213430140885037645e-01
4.745716749559827918e-01
-2.775464076842895089e-01
2.469343372594687558e-01
1.025908572973984079e+00
9.561453014690992624e-01
-4.542848535004895272e-01
-4.633987527417276486e-01
7.022337069845600022e-01
9.972662860750597380e-01
9.474851726522131035e-01
9.912511419990546191e-01
5.122261943865852318e-01
5.619143119732543656e-01
1.020310653619895813e+00
2.460567070500321307e-01
4.532791056941091745e-01
7.032753566295523173e-01
8.392174267731186132e-01
4.895209218844470134e-01
2.320431977121270861e-01
8.013680957905450208e-01
3.487339728946697304e-01
4.119834521390449145e-01
6.149989275608681583e-01
-1.903993844141921854e-01
1.884710802192025025e-01
3.745794870948272459e-01
4.102174406616702074e-01
-4.123005207491664548e-01
-3.989056772928826211e-01
8.643333701504326561e-01
8.210458819602417524e-01
9.391852725179806738e-01
9.726136100402656970e-01
9.764418668934543577e-01
8.158622934855804809e-01
9.998831786795778775e-01
1.060606168616917838e-01
4.410012536583871601e-01
2.191932873264309523e-01
6.263747973395832336e-01
9.827064606616775500e-01
7.579114210442553512e-01
4.988418315701840244e-01
3.635241349102348307e-01
1.050490842023997784e+00
7.872315085530579015e-01
-1.813970251531034916e-01
-1.059990772085030314e-01
-7.203672553130800217e-03
9.935428766640316267e-01
3.994626974401811470e-01
7.400160958700565672e-01
7.735155518020159215e-01
9.856718503809099863e-01
9.302587486001963057e-01
8.441974501630736816e-01
1.844083747054999500e-01
-6.469641239693831869e-01
1.065039936402877307e-01
1.008736682074718116e+00
9.797379663284470075e-01
9.828199760302052113e-01
2.355004652236395157e-01
5.230777852163636110e-01
5.785765336394369518e-01
2.748795809850934635e-01
4.863014299208883728e-01
1.088208061138336014e+00
6.486640937382847083e-01
2.387863870106270714e-01
1.617645719978187957e-01
6.782858216863482115e-01
6.946672558854093404e-01
2.053236222873065786e-01
5.647050247796108619e-02
9.433027275422094515e-01
3.436950818748475966e-01
6.830804223506697914e-01
-4.622690630339611473e-01
-3.538391733205941136e-01
-5.101177865051912397e-01
-5.519085819206329679e-01
7.584690425725045815e-01
-6.940538317339266516e-01
-4.779057025583107188e-01
9.287618984260807009e-01
8.770112902375909458e-01
4.031214719969504756e-01
1.570063894218179656e-01
9.062212137584972904e-01
5.227758924093606208e-01
1.002953676795630855e+00
-5.207062896618350756e-01
-5.277333533778842956e-01
-5.781774962573101861e-01
9.387116948977364261e-01
-6.150164300803941941e-01
-2.577566520765977032e-01
1.117890672497639626e+00
-6.743303927782078322e-01
-6.013222975785337265e-01
-7.976581567103698811e-01
-5.088591671307481912e-01
-3.525263276518664779e-01
-8.417026506603145775e-01
-6.168432188588763854e-01
-6.688696292496221218e-01
-3.861282686869825231e-01
-3.651097502692625674e-01
-7.364271600865692768e-01
-7.672374775700481209e-01
-8.123822387016679247e-01
8.369980597615309659e-01
6.062710983158924316e-01
2.584553023066150090e-01
4.941619079628441491e-01
3.318177303472694128e-01
6.274390877600684036e-01
5.586416015833378657e-01
5.270841007003896905e-01
9.179016631743452947e-02
8.346575038099227628e-01
4.302043181308614628e-01
2.033386335930689182e-01
1.462978165200134795e+00
1.175304063898785500e+00
7.800967112534021863e-01
4.253226422774753490e-01
3.694994869637664991e-01
4.694957377133202603e-01
8.000312594989674730e-01
4.538965359018743984e-01
2.957191611107654050e-01
2.070989556087639016e-01
3.738070454518153674e-01
7.086022022688325261e-01
5.104303832710574973e-01
5.400556389194776513e-02
4.028196234590221136e-01
9.451279656731050860e-01
5.536265551085178815e-02
2.139800153479387290e-01
2.157339202760759633e-01
-1.053182680217544936e-01
8.103957143149363995e-01
9.635585387723748507e-01
5.348228620678592282e-01
5.241843944829540636e-01
6.744358436173982785e-01
5.232734481830421114e-01
3.496209265495604512e-01
6.949626419226525575e-01
3.468717324889667442e-01
-2.762927242411931106e-01
-4.807325320861995932e-01
-8.683991536662301336e-02
-1.992225622725988243e-01
6.315141931418323251e-01
5.072260902073838507e-01
9.435900112741190116e-01
2.727953668858869585e-01
7.087787818260934403e-01
1.295338548686583824e+00
1.242520661122141101e+00
2.556024040267886321e-01
9.620133268330989251e-01
5.264046481902103780e-01
9.274330498335884299e-01
5.115492727996590050e-01
9.966397733656643387e-01
9.801036829076491541e-01
8.009551424239926831e-01
6.399978402717252379e-01
4.282528129157754382e-01
8.933017873795512376e-01
4.416417282485416429e-01
9.359946332148196824e-01
9.905317889207922999e-01
9.762566436580378815e-01
8.333668817650059790e-02
3.249807615477713352e-01
8.571454855955705776e-01
7.291371139528463052e-01
6.226689811349989112e-01
-1.071852725237664450e-01
5.179587206357271212e-01
-3.840965514925062108e-01
5.367970539321990087e-01
9.926527269185021485e-01
4.102168287458713425e-01
-4.157982567957057563e-01
6.763663170611194930e-01
6.336884896268633049e-01
9.745666323677392162e-01
3.236169534006433923e-01
2.947786256172250652e-01
1.090286369365258551e-01
6.567012568919391446e-01
5.983215398745608260e-01
6.113691556234681634e-01
6.093337599565333829e-01
1.086787585095295716e+00
2.929416623116491980e-01
3.920121527695875074e-01
9.498012407105966837e-01
1.412452592515145156e-01
5.844178260143149117e-01
6.646203021296942515e-01
5.869695532204267652e-01
4.716842550210458285e-01
5.641698971747732827e-01
1.027328202941346413e+00
1.826790014199907997e-01
4.768229958180290051e-01
1.703512329032551564e-01
3.752678792436538457e-01
9.739776753894197059e-01
1.009302318025347533e+00
4.893510000410430938e-01
1.204256637848921230e+00
3.847704498871179490e-01
3.034506542886474811e-01
6.656998308799217945e-01
3.290162198664875470e-01
1.185680063278966578e+00
1.090823219683054290e+00
1.062510483679387496e+00
1.054745984242298373e+00
1.059932711458540844e+00
9.557173870565766061e-01
1.106207826417490825e+00
1.062330396432016544e+00
1.025972383950452205e+00
1.019587957684672697e+00
1.204819804342427414e+00
1.007196322336165739e+00
1.216588665818698622e+00
1.323888693835016284e+00
8.596168766260834371e-01
6.859250950460870078e-01
1.081389080196525132e+00
1.035013736564260212e+00
4.424755165747761287e-01
4.720960816191809850e-01
9.843632491442197985e-01
9.710398744883330657e-01
9.604615205838163972e-01
1.018394814191220910e+00
9.915279256777509431e-01
9.420784633861987167e-01
9.573604507761194204e-01
9.791088586112867143e-01
9.840298671668606945e-01
9.628588944802651817e-01
9.883291696642801938e-01
1.001961880598837507e+00
9.930381137202299868e-01
1.136657754163691747e+00
9.589535482700775049e-01
9.940637368983594735e-01
9.964274614509598393e-01
9.952919471844970944e-01
9.524530802194549617e-01
9.865708430648170157e-01
6.982732856323783377e-01
6.891596890478235427e-01
9.687016366781200372e-01
9.423828919579383401e-01
1.021858995655835711e+00
1.014171951802305127e+00
9.852592068347599819e-01
1.023072900271763119e+00
8.291605738627559896e-01
9.840506301171492165e-01
9.707137979419956375e-01
9.884415293142958525e-01
8.471740772420753851e-01
9.327337079340877191e-01
1.038208864373749929e+00
1.042954409868235066e+00
7.840762526888471751e-01
3.466801666711785135e-01
6.751097556830226720e-01
8.740980048277157133e-01
7.767160169987380458e-01
7.246689621880052501e-01
3.448440705653246230e-01
5.177602583528577718e-01
8.791408643573254134e-01
5.526570794016282262e-01
8.839631632492870317e-01
8.020250664009215269e-01
4.001533275877794393e-01
2.207121122582426653e-01
7.434026525959599452e-01
7.170600157992460533e-01
4.880699018412249512e-01
5.962496759002479108e-01
3.936789893546333574e-01
4.214841390982119740e-01
5.560223900497778260e-01
3.375437198902430658e-01
5.847681358074918734e-01
5.123407705960990599e-01
3.558804592545026790e-01
2.240199855100153958e-01
4.652469346012308438e-01
4.176358120048464517e-01
6.987030834378913369e-01
-3.463192154060979466e-01
1.287275392525104589e-01
2.715427956131246656e-01
4.377778910609559926e-01
3.180723748992226874e-01
3.095843241879673857e-01
6.067423061369743298e-01
2.013232816989388718e-01
2.243654715626100526e-01
1.369250834664587912e-01
3.106400091640287298e-01
-3.661081842852418333e-01
-1.195556389848655976e-01
-1.557198508140674731e-01
9.866030396652498702e-01
9.847536484756239661e-01
7.980715086571970041e-01
9.720791211795156705e-01
6.504323161729224090e-01
6.195558118746214982e-01
8.885575748616243719e-02
-1.213472043057999550e-01
1.337262545084178633e+00
1.167963472869913533e+00
1.077779976432140518e+00
1.035639023357368460e+00
1.049102412352117097e+00
1.030580552451491494e+00
9.962526743585277123e-01
1.003992044036954301e+00
9.992403263160672955e-01
1.019211931787670222e+00
8.826850209907862732e-01
9.071437458935105447e-01
1.010259753646442382e+00
9.767505370083938709e-01
7.498936916913924167e-01
8.994527944795379648e-01
5.299163177830041871e-01
8.096527277518846821e-01
4.345650680220070616e-01
2.113534164472659627e-01
7.223180889445378616e-01
6.425543157426872876e-01
5.164893321603231113e-01
6.955750707062515747e-01
3.998160391262590152e-01
1.343942234879134390e-01
5.501664574382295614e-01
4.242441679285781087e-01
1.111304354958812635e+00
9.313371243408222755e-01
1.054912226344948412e+00
8.434164738026476149e-01
6.615924258563872229e-01
5.947554785248294618e-01
5.496754540170072367e-01
6.280052412200759493e-01
6.514516795913729563e-01
5.847634959010277189e-01
7.123265126217704912e-01
5.602088170796499789e-01
5.573850480429316523e-01
1.002613060314476723e+00
5.192627011610660981e-01
5.631058363984856596e-01
5.086717723340635766e-01
5.661420836142772028e-01
5.010461716472228710e-01
5.351925150517853336e-01
3.954916106347430294e-01
3.669157327382069345e-01
5.315704465182443661e-01
5.741332325382231261e-01
4.379460170235022209e-01
5.381771227716518613e-01
5.752707517015888117e-01
5.911816774003649799e-01
5.083430851844511489e-01
5.617538473928084253e-01
4.435825874972935678e-01
4.624616848383052425e-01
2.658037661730796586e-01
3.403018245274830877e-01
4.684201015367251419e-01
3.532188742868515030e-01
4.482019977026091562e-01
4.026912602840383992e-01
3.409128594826014713e-01
1.769235881797442955e-01
4.081701753228881291e-01
3.624686174024094876e-01
3.441290286078808602e-01
-2.391544880689248365e-01
9.712650280852839213e-01
9.024485690953817363e-01
5.916326605290251894e-01
4.502559592526254040e-01
6.798054212848103628e-01
6.990452130381107354e-01
7.599962064173529930e-01
8.183824663032299718e-01
8.519683043362658026e-01
6.386692838153116281e-01
5.703678298136527491e-02
1.952695807502029812e-01
-6.435449893882266847e-01
-5.802758148926819848e-01
1.575960917441266984e+00
1.377325810867537914e+00
1.074785928651678546e+00
9.289805017954473332e-01
7.236656524659279555e-01
6.161060813865544272e-01
8.886628127829079293e-01
7.421456033041646805e-01
7.156964340794468304e-01
7.691603466719301174e-01
6.628348775445448426e-01
7.335777985453563188e-01
6.171475663474581541e-01
6.552739373083861230e-01
8.702527157538584301e-01
6.701881555048196937e-01
5.951363759254361119e-01
5.919424895194870251e-01
5.726826721116090591e-01
6.358620499811736826e-01
-5.962881123429973895e-01
-6.524887537324545184e-01
-9.529904958033171836e-01
9.813182934889946862e-01
6.875065604869055047e-01
6.657922865627898812e-01
6.223208764287121442e-01
5.839713864012127109e-01
5.996205394939359001e-01
5.356605138749872541e-01
5.414727557368880229e-01
7.229807546204807256e-01
5.975853995867355106e-01
6.450187913411357110e-01
6.169766462542781715e-01
5.653903524050399865e-01
5.362456030037775490e-01
8.895801540881856928e-01
1.022887542170167086e+00
6.611000970194571558e-01
6.082206787559790717e-01
2.618159813799939006e-01
3.517958103342860854e-01
5.346703674027125652e-01
6.018962447693854134e-01
5.763880122739382106e-01
4.599010622727663922e-01
4.553363562084746796e-01
4.446044771258377826e-01
4.599008262141254799e-01
3.629614909022084168e-01
5.782140456557695041e-01
5.285649604755180420e-01
5.963260273658710364e-01
5.861691182928049360e-01
5.592870902150891554e-01
5.245186836380184570e-01
5.400520608337328055e-01
3.700635930690535647e-01
4.690110490673785049e-01
8.058733824074612584e-03
4.308006420429052463e-01
4.613553885364805596e-01
5.651254896883394219e-01
5.633629902460958183e-01
4.710262050259489408e-01
5.230944855347454681e-01
3.527143078405073906e-01
2.425628420450296197e-01
5.502544714365114054e-01
5.189542682099904658e-01
5.108984340867201990e-01
4.493567997564340555e-01
4.917760712060226247e-01
2.223806479243050638e-01
4.634463761266180981e-01
3.118863214427998742e-01
1.833682235916026526e-01
2.909105963608960010e-01
3.672556712552224600e-01
3.928337356371880418e-01
4.228547842254247180e-01
4.045364929794796893e-01
2.856629518874980733e-01
2.906519172953230812e-01
4.827861190182323736e-01
4.053842897045826787e-01
5.255392715675568649e-01
4.662213420338451875e-01
3.155904078395850854e-01
3.686773646287628270e-01
4.369212239296483280e-01
3.217731903238074120e-01
3.814146516378959517e-01
4.598452237148003552e-01
3.112845389905891103e-01
2.485300484790932685e-01
2.812304394735149482e-01
2.137950975177261848e-01
3.834604989023303601e-01
3.042274547519337458e-01
3.971510138076562724e-01
2.915304590401297524e-01
3.613368695274604692e-01
2.816750284449167085e-01
2.334330843659491173e-01
2.949300667230921880e-01
2.874760959649492187e-01
3.022731883113661255e-01
2.319185875713873357e-01
1.572233861410745059e-01
3.339680222702740009e-01
1.972462992756832956e-01
3.911746190011974877e-01
3.169024159703265897e-01
3.170859001607724270e-01
3.251819496981078195e-01
2.397366229816072780e-01
1.687669321720257076e-01
1.733773456224332044e-01
-8.358261961985812005e-02
2.056701475270795998e-01
2.638067260138957093e-01
1.864541509361772320e-01
8.152778864473574083e-02
3.852184931342590435e-01
2.420769044714478901e-01
9.956558050179210861e-02
2.056777629134671770e-01
1.938969522117944266e-01
2.851404478761236927e-01
1.473896000569019649e-01
-6.695916219803432767e-02
2.382430452571449031e-01
1.513273238284811029e-01
7.499650722360994004e-02
8.234921585782369047e-02
1.075057871598303072e-01
1.012817999782415490e-01
1.020064968662984795e-01
7.500696083798523948e-03
-6.996706476468023128e-02
1.309823234250301616e-01
6.015401218750565659e-02
1.324522079998249613e-01
1.466835193580761643e-01
2.350151965816050514e-01
-1.282472138045250565e-01
1.743572016497101362e-01
3.410074643968460939e-02
8.852278352636870629e-02
4.222575054400272421e-02
-5.786604134597107124e-02
1.438528128173835463e-01
-8.226087313380087487e-03
-8.809714590638334508e-02
-1.243810822351115557e-02
2.030481447832931663e-01
-2.871393898641769540e-02
5.762147865827765142e-02
-1.025306755373184622e-02
2.669165198986490073e-01
8.032985293288623374e-02
-2.056545713431419120e-01
-2.803917936735909056e-01
-2.914710984222690024e-02
-8.606035194401451260e-02
5.811779698375912212e-02
-2.304513268220327593e-02
3.321893630833538252e-02
1.273818703734819757e-01
-1.225844754722822255e-01
3.656708448988450766e-02
-9.048858142159878215e-02
3.566556827427613124e-02
-1.489882844081669433e-01
-1.624882666857544455e-01
-1.713814439989455041e-01
9.122297813078400486e-02
-9.595976021614677220e-02
-9.161203581570588617e-02
-1.997945289346222120e-01
-1.475559397663261940e-01
-8.063085234646734378e-02
-2.525709726878386241e-01
-1.835035206095351479e-01
-1.692452127148513508e-01
1.585711356617628895e-02
2.515010087402529473e-02
5.503165066558809992e-02
1.110618511270959202e-01
-1.869560159059889190e-02
-2.606401502433918771e-01
-3.105341872663840430e-01
-1.207837429854165950e-01
-1.541986387746962783e-01
-2.767511984271674441e-01
-2.101437946029831652e-02
-3.294780241411334742e-01
-2.224185520382370440e-01
-2.254881690793995308e-01
-3.639327013071782524e-01
-1.822333334825073370e-01
-1.187615499349474191e-01
-2.143414572755057979e-01
-3.385688624577250505e-01
-2.531552820730328945e-01
-3.289575443079647554e-01
-2.731556394055844050e-01
-3.973706395687843368e-02
-1.253437904568033556e-01
-3.102891526661185062e-01
-6.551202531647520866e-02
-8.397961146613197592e-02
-3.092326730422782499e-01
-1.644446362248891125e-01
-1.737029877953493728e-01
-4.964628774356684149e-01
-2.418834274736922640e-01
3.415067633238987651e-04
-6.955910712426517650e-02
1.041154111174883434e-01
5.342951151690751577e-02
-1.174842549297424321e-01
-2.711094905568621760e-01
1.666011605749381785e-01
1.203251558898301848e-01
2.200042995600517415e-01
3.444672216408703469e-02
1.464486917922361853e-01
6.809527697742841224e-02
-1.954094800549319444e-01
-4.675899678158091377e-01
-2.081750845744690936e-01
-3.032955603393379662e-01
-1.635745845028158951e-01
-2.861605694890441698e-01
-2.028345162779267297e-01
-2.427500306778563599e-01
-3.338456055932363387e-01
-3.916672327425371747e-01
-2.415199233226843212e-01
-2.610309765816422600e-01
-2.539953044928364712e-01
-3.686084169371861008e-01
-2.010842467113276577e-01
-3.104420112582135238e-01
-3.551688683998367457e-01
-3.438911901745248523e-01
-3.739383315595239954e-01
-3.781574215435561936e-01
-1.725587180868793369e-01
-1.832541181691364485e-01
-5.686276850711612374e-01
-2.903743321542442968e-01
-2.939534976631985042e-01
-4.812469545965809004e-01
-4.150683457213416583e-01
-4.134077274118658774e-01
-4.366381985618981165e-01
-1.711611712039462496e-01
-2.284654347442744149e-01
-6.889772715886731402e-02
3.337739752816520217e-02
-2.542441371142694084e-01
-2.247719415283491173e-01
-6.177017772429729478e-03
-8.555155079547606400e-02
-1.969811651266514807e-01
-2.885028973047785161e-01
-1.234651092882589965e-02
-2.346118043045484006e-02
-1.110866143483155294e-01
-2.337895752152941153e-01
-1.999673776016109572e-01
-4.989079824050410283e-01
3.473929935215736009e-02
-9.069836512563912712e-02
-3.728326853858520556e-02
-1.841551862716634402e-01
-2.714194654611641888e-01
-3.112539759131773276e-01
3.137418277361423979e-01
-3.914617399017643051e-01
-3.882770063292729223e-01
-4.873276933280029644e-01
-3.672320438744879345e-01
1.245680780844124064e-01
8.008773272516078734e-02
-4.946826649101150886e-01
-4.424539779907064596e-01
-3.920386493919251203e-01
-4.905845914046527700e-01
-4.806936754783128762e-01
-4.376330720949222486e-01
-4.600581869550866010e-01
-5.065587237765367679e-01
1.457524942841852134e-01
-6.288945312076740235e-01
-5.433801012111283413e-01
-5.686294591929333953e-01
-6.732868966171881020e-01
-6.819815255819093869e-01
-6.041622888973054994e-01
-5.178389672250292008e-01
-6.250005252754857743e-01
1.476995427164735641e-01
9.304987710297550618e-02
2.264483825843002507e-01
2.247228962091655791e-01
7.663420648020548287e-02
-4.384964706501274026e-03
1.262231186836545171e-01
4.365109149567159702e-02
2.415341593810189369e-01
1.906656640612371112e-01
1.089064332812249292e-01
1.342039889191786739e-01
1.530545260787393447e-01
8.281210809403442841e-02
1.397952479645630554e-02
-3.743279135157683013e-02
6.693459937079400401e-02
1.226497173348074926e-01
1.753957176648433258e-01
2.905777691518785510e-01
2.447438006293545798e-01
1.270410896278576507e-01
5.003955443054917129e-01
1.950377057987409679e-01
8.752535550176442081e-02
3.380910310025144611e-02
2.188437160205604637e-01
2.453960849633870234e-01
1.440867079598217027e-01
7.084929567662663630e-02
2.530745573402053417e-01
5.201076574350553816e-01
3.617963941847956999e-01
2.889307530723538298e-01
4.586022588484504059e-01
7.479991675517125849e-01
4.763252518894258714e-01
1.555901704616803605e-01
2.005076752248059757e-01
4.076655671199078124e-02
1.646875174314858456e-02
1.962627701519605375e-02
3.241290741491532068e-01
8.501628263675539698e-02
8.625667410345602693e-02
-1.172135907216030892e-01
1.642297645502032999e-01
6.182937268971359923e-02
2.217875553247389275e-02
-4.606465147330254112e-02
-9.887049435360555083e-02
-7.709842866555502439e-02
-3.172281392114031234e-02
-6.871557455488952471e-02
-1.614719050982378334e-01
-1.536152644973126646e-01
-2.153076721321560694e-01
-2.787192195489656132e-01
-7.652707122060865841e-02
-1.898172688604952973e-01
-2.806907362362655589e-01
-4.606132597336268786e-01
8.714048488770463896e-01
3.556347562078834290e-01
5.222952097403579241e-01
4.036385025267283377e-01
6.803334364872365425e-01
6.670617197153192457e-01
6.171014180017971862e-01
1.487096490774147961e-01
-4.339717116921725654e-02
-3.363370819086964336e-01
1.122969592716666964e+00
1.036421126031907614e+00
1.299390182080924383e+00
1.078644839977751069e+00
1.068409254693782007e+00
8.900932903859540835e-01
5.335880537845603122e-01
4.329857315712795640e-01
5.073618229722718365e-01
4.746674580684363542e-01
9.206206642470685653e-01
7.835045905359721008e-01
6.651075518335528569e-01
6.227702447186388435e-01
8.711380638404279120e-01
7.851762446831724862e-01
5.230542908333765117e-01
6.728247873865893514e-01
2.650082508293545858e-01
3.597345351221896692e-01
4.453369767461125561e-01
4.080881262079867899e-01
3.748850385319434930e-01
2.180571513687971918e-01
3.562390161432802960e-01
5.128905474385346830e-01
2.091809368928214952e-01
1.370877487243080672e-01
6.179861477727388586e-01
3.809359720030154883e-01
6.796342391960614737e-01
5.507079254196011187e-01
3.346833570909645839e-01
1.778727253307058054e-01
3.174727689632491634e-01
2.354271587944361532e-01
1.055714008084836647e-01
2.378487112210001531e-01
-5.411551623080108203e-02
1.884745626147667774e-01
1.361371503583091169e-01
7.609557624689393396e-02
1.116429392774923902e-02
5.388666210043904781e-02
-3.423740876985547632e-01
4.230356111890067328e-01
1.606127250693103192e-01
-5.611952826379824621e-01
3.870686632015391537e-01
2.601127498663678983e-01
-1.374176484217447779e-02
-3.396694969088046023e-01
8.248186765749142557e-01
6.833133519616495510e-01
6.599698904844553127e-01
5.063365089642899441e-01
3.295400234320545185e-01
4.343927999450784561e-01
1.991064102771152589e-01
3.110951561022916034e-01
-7.730807173619036465e-02
-1.341363523535475943e-01
1.351186111662303624e-01
1.239520884504591823e-02
-1.979919236984472447e-02
-6.927250905192755548e-02
-1.649162784664346404e-01
9.876895906978294670e-02
9.765375254190296339e-02
-3.351724762021850157e-02
-1.947652545421520859e-02
-1.752399512430188877e-01
-3.930860127216402877e-01
-1.278656351551117343e-01
-1.402459133639401834e-01
-6.651581580327838028e-02
-2.990781151442876706e-01
-2.742582546064979976e-01
-1.896277783874634193e-01
4.635531440837889483e-02
-3.534401190295910489e-01
-3.694615305934394189e-02
-1.483775795444078338e-01
1.413671265893825246e-01
-2.975387569865597381e-01
-2.192735639304105311e-01
-3.378781598254192997e-01
-5.380368025868929038e-01
-2.165226950167331854e-01
9.260182863471094761e-02
-2.490346740610762111e-01
-4.836278850135595775e-01
-2.419476849155252351e-01
-2.815335890395035956e-01
-5.004074552081037019e-01
-2.975426796884518832e-01
-2.759842958711907213e-01
-3.593797383009878499e-01
-5.937006113379211802e-01
-5.946072833214088860e-01
-4.967746821350608744e-01
-1.108281438555667187e+00
-4.008151174147097651e-01
-5.600811155609827785e-02
-5.501981560427628842e-02
-1.657729764508649728e-01
-4.025222716980030313e-01
-5.743049150904275812e-01
-2.939109888749046329e-01
-4.527726463934898526e-01
-4.060013416459212210e-01
-3.400673810267342279e-01
-1.592358642505255217e-01
-3.002074231399380535e-03
3.332629654543584757e-02
-1.044886614616167414e-01
-1.059146671089147753e-03
-5.070922245798809014e-01
-6.698518995918906205e-01
-5.486955138989849656e-01
-1.251728429894078731e+00
-5.409073088211203695e-01
-2.775201112715239837e-01
-5.076605576749247950e-01
-4.433021287944042266e-01
-5.169648512124467299e-01
-5.246512641409299960e-01
-4.443061265847230157e-01
-5.921037498692603984e-01
-3.599304864256755998e-01
-5.101240882107016539e-01
-7.896522278831619168e-01
-6.524894109351651039e-01
-4.119349625299854045e-01
-4.684020720507857116e-01
-3.604894389326227522e-01
-3.198861468982907574e-01
-3.237763764073026129e-01
-6.342749309905816313e-01
-3.597109588937246749e-01
-2.423637317248632794e-01
-1.078373773600025121e-01
-2.210238906427808847e-01
4.513000085946208273e-01
-4.892452276906358311e-01
-1.325245545489954491e-01
-4.419530708112571205e-01
-2.324967448643844581e-01
-3.646001740285561565e-01
-6.339522282018058563e-01
-9.186958071720507935e-01
-5.816874178390077921e-01
-4.412839035563820289e-01
-4.753018590140260513e-01
-6.003022251928676889e-01
-5.745250398065294695e-01
-4.828233463024377836e-01
-9.035866357319479736e-01
-6.738942416943730640e-01
-5.477179808923599014e-01
-7.108630402964659645e-01
-5.538801935475354821e-01
-4.398240986155402266e-01
-5.774036106619782061e-01
-7.641742693143798171e-01
-7.137326361759493976e-02
-5.634230214550228766e-02
1.209003599968986320e+00
1.040746220757921447e+00
7.353265270959646882e-01
6.206229656715739340e-01
6.012589085708066605e-01
7.064622178220442139e-01
6.516688922647144722e-01
5.711497126486265730e-01
3.449861394970790696e-01
3.270596617087525027e-01
2.759235041105929098e-01
4.929553480893740236e-01
5.450785312985767517e-02
1.040539511239313014e-01
3.899246016479658294e-01
5.354487398689957711e-01
3.633166954105792046e-01
2.734040445105996864e-01
1.401674466124366303e+00
1.476581143544836161e+00
7.046807447316590922e-01
6.007726349343074368e-01
8.003911086395272267e-01
1.279582287752298653e+00
3.004501459575787403e-01
1.997813321675214471e-01
1.161016390079944588e-01
3.155618418964861033e-02
-1.078032638740218790e-01
-1.969738516438292175e-01
1.848006861809279866e-01
-6.061065024245950589e-02
1.660960208197654331e-01
4.363516251272503421e-02
-1.311744631005002659e-01
-1.765720743985620400e-01
-5.662410090219191505e-02
2.522092484469164175e-02
-4.659822071915414171e-02
-2.127935400287701492e-02
-1.440365718846850773e-01
-2.416873459520449685e-01
7.706440435533068456e-02
-4.077392464960600815e-01
-3.267184245263241027e-01
-2.674821159011094851e-01
-2.424830710437735071e-01
-4.594268398309102608e-01
1.048160820309584684e+00
1.016311775847279053e+00
7.265213667661559738e-01
6.970007988007490551e-01
5.908630056413975984e-01
6.175372152484599475e-01
5.514171111728048968e-01
4.139390862158153217e-01
2.934601610066065458e-01
2.618241425460914318e-01
3.362467388517227929e-01
2.825953104847357955e-01
6.850653897379645196e-02
-1.290401164931143964e-02
5.542307362508653856e-01
9.737547032418993886e-01
9.456567435164597857e-01
8.833694879675253464e-01
7.966846822757361890e-01
4.430039148865792531e-01
7.708821306856700195e-01
-9.050571036320911311e-01
-2.041422630271175209e-01
2.909191487168800716e-01
2.647092492104146100e-01
-4.301540049720505299e-01
-4.692922704887396712e-01
-5.513574120285806845e-01
-5.881935603501645682e-01
-5.141736192361034963e-01
-5.568490044708984676e-01
-7.639020543352980086e-01
-7.185754267036115195e-01
-7.987306300983202378e-01
-6.195526400855549953e-01
-7.042154497015378212e-01
-6.958103886350576195e-01
-6.663769137799276931e-01
1.014197143394057976e+00
8.464867135882020444e-01
6.017429880740660098e-01
6.107906066548369761e-01
1.278872009478762006e-01
8.901181631710954056e-02
3.578706014370116595e-01
3.027654512445586144e-01
1.887999923485528808e-01
1.137198396887624807e-01
-6.893328551840254004e-02
-1.497536477875651695e-01
1.922439306535379810e-01
1.689906027003783562e-01
1.890034626777315277e-02
3.552745410974665619e-02
-4.006512386268925446e-02
-1.642914991894146859e-02
-1.446215348248540145e-01
1.703766446607689333e-01
-1.450587445402655440e-01
-1.612513764917210268e-01
-6.437858991840865464e-02
-1.110468991785076159e-01
-1.675322528238825381e-01
-1.150709238644118254e-01
-1.932174657783927441e-01
-5.168889566696649451e-02
-4.230361664741973393e-01
-2.846065915940121926e-01
-8.223588390175784468e-01
-1.016450959897131912e-01
-1.869752220006511700e-01
2.639868900411007080e-01
-2.423959165498947854e-01
-4.263322371682360945e-01
1.467402434069930428e-01
1.523653050307259005e-01
-2.444268513177292601e-01
-1.727464110051570023e-01
-3.418848350457559526e-01
-3.058221652573782645e-01
-1.008429810223882284e-01
-4.472158521297264072e-02
-2.031877586796770052e-01
-2.077239838240295677e-01
-2.490606994297662746e-01
-2.114702370539916221e-01
-3.563718255821451408e-01
-4.214274658596699474e-01
-5.423422068837158161e-01
-2.486736129513122673e-01
-2.870934025734465656e-01
-2.849159528861916479e-01
-4.315228564057635441e-01
-5.221903801602924000e-01
-4.803272121163933428e-01
-4.038247849542001555e-01
-3.965660393349463853e-01
-3.293548244654393997e-01
-3.311646487498801639e-01
-4.040981722085003613e-01
-2.108996349263720926e-01
-3.799075332329868160e-01
-4.460622860969704062e-01
-3.296781664501972076e-01
-4.780026313598468857e-01
-4.780571650287824825e-01
-4.970115483088891062e-01
-6.249324988684644699e-01
-4.572752158106386799e-01
-6.661343259637151348e-01
-4.744778848032689123e-01
-5.290756861255517807e-01
-5.606564510699965087e-01
-5.538538657373116569e-01
-5.339287298852256614e-01
-4.413759666444309615e-01
-6.655412954287132088e-01
-5.661242996951556528e-01
-6.454218253640652270e-01
-6.751248396769734539e-01
-6.317473013002409266e-01
-5.130794099223140448e-01
-6.507708626013652964e-01
-5.880815749918169022e-01
-5.934269130539798764e-01
-6.510769253520702904e-01
-6.156373580833568449e-01
-6.217111341095884480e-01
-5.860640780689936324e-01
-6.377039569444239442e-01
-6.053557186968939741e-01
-5.619064077579100092e-01
-5.622741330764706724e-01
-5.739549577287615945e-01
-5.554757869215175559e-01
-6.347444859218975832e-01
-5.709258145087734437e-01
-6.173316155725592225e-01
-5.464930815769294403e-01
-6.042789290818252335e-01
-6.093668984484766904e-01
-6.628590907510921726e-01
-3.568512391567205677e-01
-5.041113503697511877e-01
-5.407141748687326333e-01
-4.769288621489719548e-01
-4.093743697362611234e-01
-6.452384245572545529e-01
-6.319078932069933652e-01
-6.151650672512868345e-01
-5.130487248149442348e-01
-4.818014433371423100e-01
-4.423448505183418811e-01
-5.052717618967339508e-01
-6.545889169612841840e-01
-5.806526184969003079e-01
-5.859680881416772236e-01
-5.063972800019125309e-01
-6.134922457291182019e-01
-2.602665141926736037e-01
-2.267568932166536266e-01
3.238022864405679102e-01
1.989429348027347555e-01
3.154583783896328653e-01
2.397696832724943161e-01
1.597845089815669029e-01
1.840304892207146603e-01
-6.203324383780792206e-02
-1.459943439252609776e-01
-4.150194262371055265e-01
-5.262593884886098694e-01
-4.064934720134107393e-01
-4.467851738461262601e-01
-3.695374151727272571e-01
-4.358128874467216418e-01
-4.677092463705140313e-01
-5.592688670877238311e-01
-3.443575665329969282e-01
-4.229399334337525240e-01
-3.628964563251198538e-01
-4.698968363099638168e-01
-5.089635303982252834e-01
-5.522293215708958813e-01
-5.997426545479728199e-01
-5.393456021285137902e-01
-6.081165917324298231e-01
-5.077727743561017970e-01
-7.656313863583577017e-01
-6.614306800976832434e-01
-6.487414547764942530e-01
-5.122547609668843815e-01
-6.161293710566982940e-01
-4.374346408159726640e-01
-4.726953634153196471e-01
-6.540353169370206610e-01
-6.334759491674955001e-01
-4.022335761046782476e-01
-4.289099914272083147e-01
-3.840388755101086793e-01
-4.224483408892809044e-01
-2.452210719831700858e-01
-5.057315547596711314e-01
-3.345941343123338130e-01
-4.286424529020985696e-01
-3.061468791604251560e-01
-3.903852846168110458e-01
-2.948940208204240410e-01
-6.398636602078161539e-01
-2.651377802293785058e-01
-3.333247630601836042e-01
-6.324180047363734403e-01
-5.780290109618199113e-01
-5.257560290821214899e-01
-6.478173040011838690e-01
-5.777882100160549594e-01
-5.937718650287306943e-01
-6.131672676878485717e-01
-6.550138214691202387e-01
-6.140947594847785407e-01
-5.642778851226449843e-01
-7.052759342289544042e-01
-6.854633997678992730e-01
2.535094456397125606e-01
1.840479108814587483e-01
3.020134419244994706e-01
2.201081221290853984e-01
3.340064790009067419e-01
3.545885617048867289e-01
3.809535069026843135e-01
3.099419032337675239e-01
3.196212589375623803e-01
4.027136526426893237e-01
1.924146590525033507e-01
1.962256441532375106e-01
4.389051771207314601e-01
3.063859342740658520e-01
5.275715494421825413e-01
3.745354760669717398e-01
5.459820911086343820e-02
-4.733450099734701211e-02
-1.816245047565848425e-01
-3.815656459507332093e-02
8.879440855773525210e-02
-7.932890880237391390e-03
8.727877494925012636e-02
1.676201897948190189e-01
-7.176060636046135977e-02
-1.425047839393193683e-01
-1.325190837979413339e-02
-8.001324260774872466e-02
-1.180441173032941993e-01
-1.390223544201093231e-01
-9.666182714155190092e-02
-1.173622284220696976e-01
4.685289494529269044e-02
-1.105984403667205629e-01
-8.983855290352146805e-02
-1.356788819680903035e-01
-1.972836164639713286e-01
-3.089419478631666438e-01
-4.069762359860811668e-02
-1.880214805288485738e-02
5.857136876171147553e-03
-4.174760622309301589e-02
-1.521769943555665860e-01
-2.691281774842135266e-01
-1.430663936566620997e-01
-2.199306460464142410e-01
5.345339383515798626e-02
7.837439609624674564e-02
-1.434458820995514194e-01
1.165618992172327492e-02
-2.239465387863881773e-01
-4.874994117956873985e-01
-1.896833269340807149e-01
-1.117504767309879937e-01
2.823937601706631023e-02
1.162624237403853678e-01
4.778216051173932166e-02
1.295351419022910955e-01
2.446647040452129551e-01
1.147309679321370512e-01
2.249171160230467870e-01
1.102991505832026792e-01
3.355547263602192132e-01
2.254171705887197674e-01
4.502700242713685297e-01
4.780417629087874709e-01
1.031042440720685190e-02
1.645586780795107312e-02
-3.590594018452549635e-02
-8.639661861733091697e-02
-1.696235760320939923e-01
-1.805468928381882832e-01
-6.673157426299362038e-01
-2.907804764637358375e-01
-2.006504671332884071e-01
-1.592092320308197140e-01
-4.593012519633024593e-01
-3.603708665261727839e-01
-3.977463706199756421e-01
-3.864476465926032778e-01
-4.836531413967709581e-01
-2.906957157935841085e-01
-2.553449295651821216e-01
-3.211222669854558176e-01
-2.205721015277771757e-01
-2.713448381723266301e-01
-3.254923214622589267e-01
-3.365821836338947493e-01
-5.024896825243447829e-01
-4.139742430592644462e-01
-4.263280805199229362e-01
-3.661697885102989103e-01
-3.270099015593787017e-01
-4.334520599359940052e-01
-3.576567148891285353e-01
-3.905008566812827597e-01
-3.905515432364554673e-01
-4.840402570990447462e-01
-4.072580761671292793e-01
-3.524939886451358140e-01
-2.477334265202716101e-01
-4.547993536908538359e-01
-4.644770385480903041e-01
-4.177743099693476680e-01
-5.238884107033776605e-01
-5.308245724105917773e-01
-7.698955870159512882e-01
-3.291485119510664803e-01
-4.260388440543469990e-01
-2.671498040871356228e-01
-3.886849661213253038e-01
-4.664389856594647887e-01
-5.193746650585272517e-01
-6.472003732342203053e-01
-3.711764863789267510e-01
-4.261532401874333353e-01
-4.593592514432442986e-01
-4.469859731790237767e-01
-4.725485330553405028e-01
-4.477147910949254017e-01
-4.153084531077612662e-01
-6.192028965290593545e-01
-5.437279447193874571e-01
-5.628078020264262182e-01
-5.051216215388757425e-01
-4.145641299296332627e-01
-1.868739437835123807e-01
-6.032931800189536009e-01
-5.880463958468602481e-01
-4.853046558659502852e-01
-3.895844848071476352e-01
-4.869488303445788091e-01
-7.022029498308091089e-02
-7.086252461378311773e-02
-5.178956027024729236e-01
-4.844253467734264684e-01
-5.589785188328042498e-01
-5.563249520021319450e-01
-5.474910154390144612e-01
-6.031484148939671996e-01
6.617023083384666882e-02
-8.773445311897389853e-01
-7.013701709025101927e-01
-6.686893906641807606e-01
-5.439042947165788622e-01
-4.597631832251465878e-01
-5.849857543370160506e-01
-5.780972970828418545e-01
-6.157811362062459715e-01
-6.003225358742467765e-01
-6.306744639935725205e-01
-5.684068022869858128e-01
-6.521818662374575526e-01
-6.632490775617339018e-01
-6.438887425064343528e-01
-7.058217522878424965e-01
-7.417058362960134987e-01
-7.351439924020732875e-01
-7.745858485301312379e-01
-6.342924178169074834e-01
-8.464301703146464018e-01
-6.685468414512759638e-01
-7.954249771624446463e-01
-7.558922436426979141e-01
-8.162672133475221692e-01
-9.127780636975870721e-01
-4.166165415866351918e-01
-3.440195339047695811e-01
-1.252377426497013058e-01
3.825764310107315769e-01
2.794158068072443157e-01
1.726196528028719479e-01
-1.116005767175690944e-01
-1.920238216774452777e-01
-1.830904386928069727e-01
-2.834383869380783377e-02
-3.977803418138585734e-01
-4.249893825895654786e-01
-3.722426439958264610e-01
-4.492691252858406759e-01
-3.118228936518109284e-01
1.409460836850822407e-01
-2.678735761805290383e-01
-6.001076166463764627e-01
-2.339612542522638838e-01
-1.722270569535358509e-01
-2.008879720647575862e-01
-3.996898341863219101e-02
-4.615968059792240896e-01
-5.636190460462108254e-01
2.749708488144866347e-01
3.458078040419507171e-01
1.695714535569593506e-01
2.333635494506049735e-01
-2.512900938709004550e-01
1.752743616612399136e-01
2.189842044347491412e-01
1.460652948951399188e-01
2.709497956317114542e-01
1.862151847908071756e-01
-6.138812704299667633e-03
1.485018548301712260e-01
9.957169591626160998e-02
7.385328852983154280e-02
2.497070719844307063e-01
3.391254289650572629e-01
3.651705513936484016e-01
4.448664424060860267e-01
8.675887619418581886e-02
3.722091214243014590e-02
-5.488788096731365140e-01
-4.370731738828481650e-01
9.589586641020118041e-01
1.007677858426593076e+00
3.569960677068242938e-01
3.599085374090614242e-01
6.873406924018405917e-01
5.906581456534077956e-01
5.571234535028393164e-01
2.954225517717450900e-01
6.077997699967333523e-01
5.126173484552375426e-01
6.625536911315571542e-01
5.400224698029628678e-01
7.038501630028028977e-01
4.924125467686477076e-01
4.355572337266184202e-01
5.061603058603912908e-01
4.880327313739794559e-01
2.846060228616306698e-01
-5.146711489396287725e-02
2.507303558549727751e-01
2.047251721778380606e-01
1.543331823038191497e-01
8.530878674145004892e-01
8.023950247112067169e-01
6.304047886148536062e-01
3.948980525557127530e-01
2.086784671214157172e-01
3.719463620931395820e-01
9.215244649184373138e-02
1.767488511354063097e-01
5.683968609271190520e-01
4.394273061518862988e-01
2.783798725512185435e-01
2.713575383310412037e-01
8.509809366352090176e-01
7.295120130830309302e-01
7.603676182434905284e-01
7.510006934676737300e-01
5.774003189816637738e-01
6.142045329414241861e-01
7.172559367204142111e-01
5.770310338212895074e-01
4.185946108096976759e-01
5.764282718661788429e-01
5.895132136532978961e-01
7.660528867166550571e-01
-8.619774735436271929e-01
-7.397984263175980679e-01
2.602603488993349701e-01
1.720039187553742410e-01
3.601352016459102301e-01
2.352035286092722111e-01
3.827520946773173005e-01
3.819547704084268469e-01
-2.221243815310128267e-02
5.002954460264104342e-02
1.005804675759583156e-01
8.365060993049573679e-02
2.151259762912076656e-01
2.113730614924771989e-01
2.434178155754421549e-02
5.857750898104403803e-02
-1.412833811930413741e-01
-2.249049950714065715e-01
-2.632980466018043364e-01
-2.523829365284217530e-01
-2.776786168131423760e-01
-1.967978129764503814e-01
-7.484578272062999971e-02
-4.434607342590844020e-02
-5.247517877476537418e-01
-5.565688334592795439e-01
-4.439791911047116235e-01
-2.871588545593949382e-01
-4.349602571092526238e-01
-3.684359930013066942e-01
-6.861884545190054530e-01
-3.315183728285871489e-01
-1.198130535276753644e-01
-7.936052169328760009e-01
-7.676822318953462343e-01
-8.419662095744837593e-01
-5.311801716828994380e-01
-5.998078160924024127e-01
-6.097675996170539570e-01
-7.021257024907171518e-01
-5.713531549234717177e-01
-6.400105615147965166e-01
-6.260040820233189196e-01
-7.361735982881311147e-01
-6.728617502083028556e-01
-6.715704676518158278e-01
-7.387946559350684339e-01
-7.086916349189225084e-01
-7.226497657478107017e-01
-6.627365919400164396e-01
-7.220402980889072397e-01
1.858400894270597625e-01
2.641453630350501514e-01
1.479655913548463819e-01
1.816009004737394184e-01
6.164652150461488178e-01
4.837481837134629536e-01
4.530873002025381235e-01
3.002496214117423290e-01
-1.352710416720971087e-01
-3.682399325663341383e-01
-5.391000713848609349e-01
-5.143730987960237755e-01
-6.741076576765837602e-01
-7.412625726768754530e-01
-6.716926710518729138e-01
-5.982649134995495777e-01
-6.377923639303613168e-01
-6.544414097524258178e-01
-7.603418826651672235e-01
-5.707064610174599206e-01
-6.012177088964886229e-01
-7.457949828668255510e-01
-7.923175303386331692e-01
-8.300612443170448662e-01
-7.288017985700667722e-01
-6.737680995225306946e-01
-8.654585343518890195e-01
-8.938056395535604048e-01
-8.252278320520708421e-01
-8.536269446542306127e-01
-7.745616068291965028e-01
-8.599404833234892687e-01
-7.071858639026700200e-01
-8.229573167863232230e-01
-8.559201361117019236e-01
-9.439109050559129077e-01
-6.336622016732648133e-01
-7.517034175994815604e-01
-7.865347464074295969e-01
-7.129663640168488747e-01
-8.033685037859880085e-01
-7.171866674292012300e-01
-9.346507743667666901e-01
-7.719838777304154354e-01
-6.433366781465669204e-01
-9.900884039993639307e-01
-8.756879817802413202e-01
-9.313846076626052239e-01
-5.714506785370383479e-01
-6.382020003402008035e-01
-7.975076050626339619e-01
-9.777065186693038035e-01
-6.120410501025834726e-01
-6.931515969870892802e-01
-5.273558092063633795e-01
-5.988089916104694099e-01
-7.439233859190153009e-01
-7.678154381179747023e-01
-6.004807423274621803e-01
-6.006119022978980704e-01
-5.313824669231194120e-01
-5.134496475098915269e-01
-2.765522299489031055e-01
-7.645980662566531638e-01
-4.841294178835651718e-01
-4.675074750744040442e-01
-2.346331396729446073e-01
-5.299958763364744918e-01
-5.750533992373916270e-01
-6.394891764801031719e-01
-4.914147769496240437e-01
-5.188270183840938410e-01
-5.338447380905505524e-01
-1.025932690053019458e+00
-3.646783186926554343e-01
-5.683813338325794939e-01
-3.102674076938260472e-01
-2.415647959886487728e-01
-7.283533043426131393e-01
-8.957542330695471566e-01
-7.286734451534392365e-01
-6.903759491813498128e-01
5.011761014338816933e-02
2.092471166651229952e-01
-4.203622239112497078e-02
1.705979748534938445e-01
2.707620100576546007e-01
4.331728123986093304e-01
2.276963568887701295e-01
4.861443287450418205e-01
5.972874033203932204e-02
1.155248981702744204e-01
5.458382216215371674e-01
4.113322553089416855e-01
6.462302033393541034e-01
6.637593978297340325e-01
3.689829015787098321e-01
3.948578944265410118e-01
-8.565300959755890731e-02
2.005342294845424422e-01
-7.077113205123422568e-02
6.158029064184048634e-02
-2.109474332345367964e-01
2.312101513015473592e-02
-9.785153367148971548e-02
-1.392676832424065148e-01
-1.946788025734789984e-01
-1.561546216442413759e-01
-2.862731139749695175e-01
-1.624208138234050636e-01
-2.071526726658782028e-02
-2.295161681775487877e-02
-7.913261164830417971e-02
-1.848864865249726375e-01
-1.363261056841593710e-01
-4.341428592078676041e-01
-7.309695079033061080e-03
-1.494854641297673203e-01
5.269433653552502150e-02
-4.004942424495849251e-01
-2.709844448783782500e-01
-1.874943231301728075e-01
-2.286341192271895695e-01
-2.557212149214907471e-01
-2.791350705072291882e-01
-3.713226640424848179e-01
-3.634339044152146148e-01
-2.015041505278409306e-01
-4.346668211007511662e-01
-2.473555573696744891e-01
-2.625334805171478103e-01
-3.128073282822169121e-01
-4.239814985782857093e-01
-3.420567149982915445e-01
-2.252704100912410190e-01
-1.951986783067919951e-01
-1.450368232700493809e-01
2.907144189797002468e-02
-3.244968663114264351e-01
-4.422029666603589648e-01
-1.255225010230316962e-01
-8.215245171762430854e-02
-1.961455132989706751e-01
-1.190864755066051162e-01
-1.343287834617697130e-01
3.003493729487263786e-02
-2.346120554441240291e-01
-4.687437050364343660e-01
-2.095027903308838702e-01
-2.119936291152344221e-01
-2.961806977586087242e-01
-3.161122991203402788e-01
-2.756256176593702145e-01
-5.194049024491329547e-01
-2.519714136256635539e-01
-2.728496150737923509e-01
-4.542382674536917242e-01
-3.843675940726286044e-01
-3.680746316022598386e-01
4.821454472891775755e-02
-1.753059208038416639e-01
-2.730376293567478019e-01
-1.015951278140442143e-01
3.084640956063485762e-01
-9.464653987308295491e-02
1.684341429703692106e-01
1.393769118574653965e-01
4.506963823942530117e-02
5.924209151615685703e-02
7.675993561851733593e-02
-3.669325447163869214e-01
-2.242268978244231839e-02
7.930872513368042442e-02
-4.199821851866994415e-02
8.817933824842824619e-02
-1.693437596505840415e-01
-3.692269493298562799e-01
-1.924414415606430784e-01
-2.442394851040444355e-03
3.201061814850732906e-02
-2.123119058314627480e-02
-5.633036827017572079e-02
7.545670808886850711e-02
-2.999121980965838152e-02
-3.489779229537204319e-02
-2.971548814200924982e-01
1.517779894185435907e-01
1.282641089659582456e-01
-7.676482380455643129e-02
-2.253980276949079098e-01
-1.105483382454566510e-01
-2.067914941084216529e-01
4.382792885598456589e-01
5.037115384505217452e-01
4.831917807352809069e-01
5.078410336354376442e-01
4.780224881314040219e-01
5.919066230225766834e-01
2.252875556973208959e-01
3.812282880391659745e-01
3.793240938404025542e-01
3.060628521791318724e-01
4.039657442864033055e-01
5.498388419589124165e-01
3.476896302686431905e-01
4.165603794813178551e-01
2.167706532384844342e-01
2.507313356513091174e-01
2.576661964980668240e-01
4.030453414092216580e-01
-9.707603108809693959e-02
2.806337920275124298e-01
-4.372804249936291243e-01
1.913421469673607300e-03
2.251942677827736550e-01
-1.926108059164720332e-02
7.501960928743646451e-02
1.372554062144688558e-01
1.139215609104548138e-01
1.653760800263978092e-01
1.519862067948257456e-01
-1.709753641630978316e-01
1.093158319736013823e-01
1.775800733441198209e-01
-6.206543013138374892e-02
-2.777010229179807665e-01
-1.409573313846419207e-01
-1.148640511231820843e-01
1.731233437213482856e-02
-1.891460967433988491e-02
1.704297684427730913e-02
-1.067991434839408310e-01
-5.819033203964830980e-02
-3.897534727035078389e-02
5.471553825614299676e-02
-3.020259083183117754e-01
-2.021211778928944658e-01
-1.399734037011574617e-01
-4.503050759701469619e-01
-2.579862122843178951e-01
-3.089777401161034054e-01
-2.565605840987431052e-01
-3.815892443976997006e-01
-3.105452471342739496e-01
-3.946409172667559861e-01
-3.773941274272252233e-01
-4.822175215287433647e-01
-5.072629202960290407e-01
-5.420088546146669684e-01
1.364573729393291912e-01
-6.061448741632460141e-02
8.336421064645503642e-02
3.417773129284468192e-02
1.805984668856996239e-02
-2.516095007671767612e-03
-4.090256459222856023e-02
-4.167340181656081083e-03
-4.608308424719148588e-02
6.272341278297056955e-02
-3.979587647973378828e-02
-2.112342941471053448e-01
2.746826505533109253e-01
1.432399042327589522e-01
7.206892755639210391e-02
6.358223721793740402e-02
8.381221088061868718e-02
-9.068938315318565702e-02
2.353745145398720810e-03
-1.629520404060863792e-01
-4.411720899680478952e-02
-2.467508361094643832e-01
-1.818235314325112317e-01
-3.848171525632114731e-01
-1.400163400202018849e-01
-2.683361887972855464e-01
-2.006668104950516951e-01
-2.288816833655553107e-01
-3.319521821642116288e-01
-2.719609026327137191e-01
-8.912563578408349008e-01
-8.311088621652403807e-01
-7.953193783036779374e-01
-7.274506444594859289e-01
-7.621710367045833046e-01
1.704215699095079084e-01
1.470487620575295640e-01
-4.810595169823139727e-01
-4.126785765760142000e-01
-5.176663111039591092e-01
-5.099701529557409962e-01
-5.542818543904874939e-01
-3.813441959747420062e-01
-7.312228393226746226e-01
-4.605985124696272970e-01
-5.476060269548266302e-01
-6.993406581882752882e-01
-6.892112115997361954e-01
-6.436168688575688579e-01
-2.800767291745380749e-01
-6.646473271546593509e-01
-5.850759832973976282e-01
-6.669185017122889469e-01
-4.381414296277468812e-01
-7.304033004860650546e-01
-6.767099740084836501e-01
-4.872304092963333777e-01
-5.464624150998294017e-01
-6.418820585555523595e-01
-6.821981575854291213e-01
-6.166938267966706189e-01
-5.818889628825244520e-01
-5.506769979156547201e-01
-4.026212491775195135e-01
-4.543672964307586826e-01
-3.546444058394830345e-01
-5.345797211423981565e-01
-4.925548766652786403e-01
-3.407608644263669939e-01
-2.852350200102498623e-01
-6.112592047397096273e-01
-1.046018837730745332e+00
-5.961888874185725662e-01
-4.530548531310799598e-01
-7.498609211623469273e-01
-8.502872618010606232e-01
-7.537919615351569291e-01
-3.736075045633424074e-01
-4.145448320531485709e-01
-8.107394376644513345e-01
-8.090981795408657140e-01
-2.520590337884629495e-01
-1.561169838141608368e-01
-4.257997411385002207e-01
-2.871981991142220636e-01
-5.026792617767494864e-01
-3.737294804341254051e-01
-8.423292301460534315e-01
-4.623822344356703362e-01
-5.254191360009788925e-01
-4.599775851740154353e-01
-6.643918403225392844e-01
-5.128700258046047233e-01
-4.149892027793450899e-01
-2.083423037923530785e-01
-6.524071854307317286e-01
-5.437739750631807034e-01
-7.495691962867934155e-01
-8.258468346855726283e-01
-7.960989367078870060e-01
-7.821958730347312594e-01
-7.949728689434973905e-01
-1.073743912828366343e+00
-6.985620142828342649e-01
-7.244405293362575771e-01
-7.234698818464528891e-01
-7.436286532084959155e-01
-8.694316602304921204e-01
-9.438211549586907889e-01
-7.165524063497342722e-01
-9.000770903509002219e-01
-7.981997749849285562e-01
-8.812588046859056723e-01
-7.414698048300825128e-01
-8.186555584447573475e-01
-8.662073091871171915e-01
-5.621498758449913202e-01
-7.389890419586825354e-01
-8.604446258350830767e-01
-9.289972854884832598e-01
-8.790354084869704820e-01
-1.002430457797839569e+00
-8.058444042874260971e-01
-7.513902179409076565e-01
-9.176494883877513997e-01
-1.154073010656806453e+00
-9.064314453419682893e-01
-9.177322198842285950e-01
-7.241783952268397995e-01
-7.456694686839367980e-01
-6.625685307489329601e-01
-6.295008725335216049e-01
-6.633710916897583854e-01
-7.227459757421204056e-01
-6.236862391278298334e-01
-5.623261496104127177e-01
-5.245215172562439632e-01
-4.477659098074431854e-01
-6.283430150875922715e-01
-6.323469013319525933e-01
-5.282256575869745951e-01
-6.329935487539418704e-01
-3.755862121179369129e-01
-5.682231373926638351e-01
-5.743693287880980991e-01
-8.244209803698753225e-01
-3.203097161656522363e-01
-5.202239372677981422e-01
-3.871707977876343021e-01
-4.148623179288260521e-01
-3.616708246014779804e-01
-2.865315953225647250e-01
-3.598007416750376164e-01
-5.022821340404486357e-01
-3.765379534645117987e-01
-2.515765891577361746e-01
-2.084509244127943361e-01
-1.928124179006612260e-01
4.821385883384632365e-02
-7.876146018251600767e-02
-7.304456482204738088e-02
-3.623474450676655856e-01
-6.391993467658505512e-01
-5.280085904748781367e-01
-4.430792895355475380e-01
-4.731284343676193660e-01
-3.378749991273578557e-01
-4.596181006292191507e-01
-4.713501678948441853e-01
-5.798426173790938165e-01
-6.336530249020283501e-01
-7.750484545438626194e-01
-5.583478342704014663e-01
-6.559439786809679873e-01
-4.569754529146621280e-01
-5.798222383227520371e-01
-6.967952498944797179e-01
-6.508348175263207747e-01
-6.572105267431073150e-01
-7.470424413718615986e-01
-7.246986698690748296e-01
-6.562904691636536336e-01
-7.054692137846725331e-01
-9.840642999147316550e-01
-8.404857646938215243e-01
-7.695979124752835299e-01
-8.596167615734616740e-01
-9.690144095048144335e-01
-6.250426867561641453e-01
-8.520273877573548704e-01
-7.206534011333437517e-01
-7.353384445761793620e-01
-5.342377682646215487e-01
-7.426083857704905977e-01
-5.573062608241199367e-01
-6.090208421399081473e-01
-7.934879828106677913e-01
-8.118266994004204040e-01
-9.915423835259293828e-01
-8.428137328156212194e-01
-1.101992953968238487e+00
-9.084394199450519514e-01
-9.051964181322420533e-01
-5.892991830125393626e-01
-8.978566580036790867e-01
-6.827184102655655673e-01
-8.705653195296162439e-01
-9.724144348125877135e-01
-9.407984686126517060e-01
-8.796040755743599338e-01
-1.058617192535485252e+00
-1.112949671089159764e+00
-1.007151481045935437e+00
-9.934810860991694081e-01
-1.085634767044340920e+00
-1.043256102614953607e+00
-1.164280644547104782e+00
-9.640693331881931005e-01
-1.054605534473582740e+00
-1.009057567936035404e+00
-1.053044298900090325e+00
-1.019170677435901062e+00
-1.094408788000409416e+00
-1.145352540940768105e+00
-1.034745168993626452e+00
-1.156170734488315865e+00
-1.084441386015866371e+00
-9.739954319931128923e-01
-9.561964328882720521e-01
-1.111251321655427615e+00
-9.711778542637071743e-01
-9.427526190002251116e-01
-1.087311682619058750e+00
-1.145723425123601258e+00
-1.019692473585294801e+00
-1.062711454057802651e+00
-1.161372635578270529e+00
-1.128676996594025539e+00
-1.172053229131071461e+00
-1.123156116744212785e+00
-1.097460198425663780e+00
-1.093089925592133360e+00
-1.041957875956601498e+00
-1.025656842014716519e+00
-1.015105380523519951e+00
-5.917634512260372404e-01
-5.767689888858822389e-01
-5.763581149109785473e-01
-6.846194781410724906e-01
-7.173988882500687003e-01
-7.752984176127714067e-01
-7.721720488610850364e-01
-8.890744737077992399e-01
-8.633095485488119225e-01
-8.830111534882648661e-01
-8.221818743651302386e-01
-7.215675490394255487e-01
-7.925229257721663201e-01
-8.535679026065440267e-01
-9.257017446640752878e-01
-9.327974966377262644e-01
-8.598155242536611453e-01
-4.322105313073020261e-01
-4.941504683390507968e-01
-2.964905728794748896e-01
-4.659577868490366037e-01
-4.642894614498384032e-01
-2.815676395094543483e-01
-3.443042894249713770e-01
-3.552213244969562589e-01
-3.218247605542969292e-01
-7.062354561969209632e-01
8.410084202735879089e-02
-1.029728385644116014e-02
-1.003949873367747554e-02
-6.290414887879362815e-02
-1.725404102391283889e-01
-2.444812976119205561e-01
-3.522715885142350678e-01
-4.771465002480497763e-01
-4.296966786452222076e-01
-3.005896780683403602e-01
-3.436791018654578034e-01
-2.969126022255358932e-01
-5.910666955728061112e-01
-5.171990070621773627e-01
-6.239125045084203958e-01
-4.107182033896743523e-01
-4.877910281311488294e-01
-4.106357881441989877e-01
-5.262059846546506270e-01
-4.529168557305128795e-01
-6.937220353451893917e-01
-5.867982147130221815e-01
-4.585633883785407705e-01
-3.667506016820769044e-01
-8.155344436951600384e-01
-4.994127251724381211e-01
-5.389224673997896620e-01
-6.793368860167737777e-01
-7.604420345945128723e-01
-5.467509662108596125e-01
-4.324856440042989525e-01
-3.465435130519175511e-01
-5.735345560196070114e-01
-4.962923691936098058e-01
-6.603735489903116429e-01
-5.918628291566508937e-01
-2.876280164593093547e-01
-2.876414891257964568e-01
-3.579491925875771807e-01
-3.750969876302608919e-01
-1.668438310424952831e-01
-2.655506286768175572e-01
-7.619082144383131361e-01
-7.046709433578415283e-01
-8.078397303794614404e-01
-5.061809773527721212e-01
-3.647736773310499836e-01
-2.402850430258717529e-01
-8.562622202948975136e-01
-9.676231560810273358e-01
-6.211525170303854315e-01
-6.142405928139069715e-01
-5.682243773834966261e-01
-5.478430753602827608e-01
-4.446570483162460841e-01
-3.348742021991195084e-01
-7.352693591988638255e-01
-1.092468094580642202e+00
-7.139830771878304949e-01
-7.468526111163890091e-01
-9.289627278714630565e-01
-9.508759930783671210e-01
-7.203063716905780955e-01
-7.455922975886654092e-01
-8.945137878542526177e-01
-5.215625820947179525e-01
-4.126975383200465752e-01
-4.067038040504357688e-01
-4.285422099076383051e-01
-6.375483931381932257e-01
-6.458288702130317027e-01
-7.690230659583594530e-01
-8.299110261354617490e-01
-4.811598221763801475e-01
-4.531582632246842768e-01
-4.195426883569112753e-01
-4.188340767080812044e-01
-4.569906245157145386e-01
-5.520371213344315020e-01
-4.404815969021533828e-01
-3.324612910134163157e-01
-6.616855698551692422e-01
-8.177337791819757618e-01
-6.784075701806935310e-01
-7.767607884865755929e-01
-8.631394645139881527e-01
-8.312164299063754536e-01
-6.664928493060384707e-01
-8.844994503576557587e-01
-9.626971108667649046e-01
-8.134933456668105300e-01
-1.060110505106260703e+00
-9.227321004992584674e-01
-9.321728685075695298e-01
-9.881739895033271326e-01
-9.733781147850133486e-01
-9.837598888153269439e-01
-1.005334752911052565e+00
-1.104638477911545458e+00
-5.924133698159078643e-01
-4.962893955664968715e-01
-4.903554980712688804e-01
-5.110917427702182936e-01
-4.104385653387553345e-01
-4.087814821888487438e-01
-7.445914684031603725e-01
-8.397376775224976164e-01
-7.081523407833777428e-01
-1.051341665799876868e+00
-7.889903552862154168e-01
-8.857286488094382459e-01
-9.389881403292299478e-01
-9.720333688781448434e-01
-8.741538922202819473e-01
-1.135468397842482213e+00
-1.009153268505117218e+00
-1.023094378616624445e+00
-1.017073593802364506e+00
-1.123404265000116808e+00
-7.878386353719972757e-01
-7.055257514482690118e-01
-6.155297551417632240e-01
-5.646094016762218670e-01
-5.207234781230983822e-01
-6.398294528630463773e-01
-1.307196778382523350e+00
-1.057879605165192860e+00
-1.005095839327150964e+00
-1.021601060939737238e+00
-1.177698107794631799e+00
-1.089004016629788740e+00
-1.133247096522175701e+00
-1.088882203158106243e+00
-1.134955703627422929e+00
-1.180699566306836035e+00
-1.113095407002397730e+00
-1.104846002952092787e+00
-1.039046444761585253e+00
-1.018227468294381932e+00
-1.277905445481909430e+00
-1.041449132298493785e+00
-1.122835023171559587e+00
-9.344604672662352174e-01
-1.188438568286679153e+00
-1.083480896135198046e+00
-9.843654362164596661e-01
-9.015085071536736994e-01
-8.321299564343747068e-01
-9.425475377325464033e-01
-8.980072625375471462e-01
-6.681703787778154879e-01
-6.612223390053534322e-01
-5.393971960759719186e-01
-5.748599370803568753e-01
-1.053780022561440433e+00
-1.088884026479735700e+00
-8.803689618006085293e-01
-1.148260215836330200e+00
-1.119317362925153381e+00
-1.072429616997348845e+00
-1.029248342717065556e+00
-1.154225862340453101e+00
-1.155573941569784990e+00
-1.207894591673977613e+00
-1.258653550218002515e+00
-1.207796621644703361e+00
-1.176787217148429487e+00
-1.189303860223514864e+00
-1.213314349992455687e+00
-1.006271577336957490e+00
-7.733713011272550508e-01
-8.934941173415104076e-01
-8.130285160857722015e-01
-7.381150789395064526e-01
-8.624379590403028484e-01
-7.713084881612134458e-01
-5.933658843218931889e-01
-1.108768889349968978e+00
-1.104455981159088829e+00
-1.041917969526329424e+00
-1.136154257917628696e+00
-1.216394981307156176e+00
-9.621599332776099578e-01
-1.052793973638367575e+00
-1.163726564937590524e+00
-1.278745779992128462e+00
-9.589571428789567253e-01
-8.676310190710940784e-01
-1.043138227653857886e+00
-7.964796142808800994e-01
-8.098357410339580564e-01
-7.663844535292173576e-01
-7.150298852292308327e-01
-7.763949549876637546e-01
-8.400090132816336874e-01
-6.820711313865504000e-01
-1.072052727986243070e+00
-7.923322767913031361e-01
-8.342120887068711355e-01
-7.586236096079600477e-01
-9.464216454177566407e-01
-1.137095840233693700e+00
-8.601955776367735673e-01
-8.684303754483968518e-01
-9.316068987378639532e-01
-1.085341016255083391e+00
-9.522212187213031642e-01
-8.290194602182664463e-01
-8.425776080056441852e-01
-7.907871537258241990e-01
-8.161440897347317369e-01
-7.170890134864144061e-01
-1.073955806526561974e+00
-1.210492337019348996e+00
-1.249847863101789747e+00
-1.234472799795019782e+00
-7.121296357836202073e-01
-7.542473438765588956e-01
-1.055949862288805718e+00
-1.174018004026029294e+00
-8.384866438127391852e-01
-7.535918042099007952e-01
-9.563348660044016514e-01
-1.046413295432425450e+00
-7.204969014289949181e-01
-6.710506022708842000e-01
-9.649505267060337621e-01
-1.168292963762268100e+00
-1.095278170885882751e+00
-7.384975971181152454e-01
-6.724935938960128201e-01
-6.476520183197981284e-01
-6.802612212836873784e-01
-6.730392854438922434e-01
-5.802980166707557563e-01
-6.310384366936058198e-01
-5.607523217011243233e-01
-1.021114149239704005e+00
-1.084360794368177450e+00
-6.755109115598527669e-01
-6.514894898739310714e-01
-1.625984476795816480e-01
-3.701544093600863533e-02
4.150912267387730538e-03
9.095983331399354332e-02
3.560826312741953437e-02
-8.506213551887059632e-02
5.933984071819705525e-02
2.014651744649876841e-01
1.695062297457040068e-01
-8.056803050662243726e-02
1.694975753303907262e-01
-3.424196483965152860e-02
4.132644213534596156e-02
6.674383142356475618e-02
1.621256217488698526e-01
8.795436536078829123e-03
-2.188826880348842402e-02
7.396366720074587509e-02
9.514464726758746493e-02
7.937001082716603484e-02
4.019285789709605566e-02
3.851351561671132601e-02
1.406936056013951275e-01
1.420012523403098581e-01
1.851297262947880218e-01
2.425542362185889311e-01
-8.278184466027035948e-02
-2.104943164412264034e-01
-1.367333001426620509e-01
-3.351303028255606109e-01
-2.002757547087355983e-01
-2.662866738611860407e-01
-1.996302706296940732e-01
-1.336896182748443795e-01
-7.063746612377487244e-01
-6.604291401621109614e-01
-4.833380988172244486e-01
-3.592943112411021156e-01
-3.688374546692291811e-01
-4.739945923933034932e-01
-5.271166347751640169e-01
-4.559975196638851314e-01
-6.175328285141598039e-01
-4.040303069872527297e-01
-3.317617209373981413e-01
-5.786379837364984402e-01
-1.087671982927893133e+00
-7.856455916219374780e-01
-5.104954562532315610e-01
-5.522461607455103616e-01
-5.046001782912782341e-01
-5.605693463891134876e-01
-5.845891348613937444e-01
-6.304896659678245197e-01
-5.896492365442896899e-01
-5.057768947518657132e-01
-5.784428455634587074e-01
-6.278312850801014422e-01
-6.241088853699631178e-01
-7.215033507328377782e-01
-7.287751217769570244e-01
-8.510698645538560259e-01
-5.802786226162768290e-01
-6.481669169543229359e-01
-6.379865151817530888e-01
-7.082281792222474559e-01
-6.499384066716933361e-01
-5.592068664355765995e-01
-8.050272812521996890e-01
-7.036792922178115584e-01
-6.885235495687256346e-01
-7.440398927039253429e-01
-7.015451536966524904e-01
-7.031831546762425944e-01
-7.584560331651868381e-01
-6.849141590446573558e-01
-7.527412403448406897e-01
-8.699621793175998929e-01
-1.017256669444935424e+00
-6.651918747098075624e-01
-6.593561965382245260e-01
1.708986960344388850e-01
1.452002887888607929e-01
5.726802903221648103e-03
-1.070023423707807675e-01
-8.271693597575273393e-02
-9.674618277145950740e-02
-2.311555460973246101e-01
-3.097330835493547485e-01
-3.624851584770412138e-01
-3.411601062796097428e-01
-8.379773935503472826e-01
-8.833350500608700973e-01
-8.853176433324216887e-01
-8.251644495694382409e-01
-9.116257645574978863e-01
-8.724332476053392460e-01
-8.637354327088636596e-01
-9.215395747205583632e-01
-9.547168693088703417e-01
-8.550019670413655515e-01
-3.437881683377866926e-01
-3.877245212895379101e-02
-1.994250972965018187e-01
-1.892326443796426561e-01
-4.240768198628978511e-03
-7.338648227461262719e-02
-5.854026839683388328e-01
-5.389434076901323811e-01
-7.645677233293339814e-01
-7.459777634070652308e-01
-3.398949641467917115e-01
-4.163660839220537091e-01
-4.268571892872100038e-01
-5.357161385425359690e-01
-8.827435132329869427e-01
-8.155621114961207896e-01
-9.153226411534196583e-01
-9.608362016000228101e-01
-9.237850454355688301e-01
-9.739190674954467664e-01
-9.178584911705544025e-01
-9.303750781697984751e-01
-9.101091316992713232e-01
-9.379914704712692952e-01
-1.015444747952208404e+00
-1.035251732246539991e+00
-9.670693050147457503e-01
-9.514675992202027421e-01
-9.645564554617904740e-01
-9.323946924467938491e-01
-1.015706816869604179e+00
-9.755550963953144583e-01
-9.212783594022480038e-01
-9.226190209779721041e-01
-1.006851707097592863e+00
-9.383785047392824152e-01
-4.706190145536698899e-01
-4.671560822788405343e-01
-1.320463327260250341e-01
-2.607022149019115886e-01
-4.686736945335639309e-02
-1.891806674591555437e-01
-2.676865556053591860e-02
-1.180037202159701509e-01
5.162623838839549423e-02
-9.945666279311798225e-03
-7.604818611176790422e-02
-2.349268905429984511e-01
-1.060651116060137150e-01
-2.060954362985593924e-01
-1.285382947549835730e-01
-1.177558043750203676e-01
-3.077921621703912092e-02
-1.452615395723695912e-01
-1.037467089565492634e-01
-1.291821273100896839e-01
-2.224518270714286317e-01
-1.372795772421105398e-01
-3.205417435219233835e-01
-2.283189506994835194e-01
-3.254669118491430591e-01
-4.259775461783673611e-01
-3.330781219658028314e-01
-2.989478816065950784e-01
-5.305183018132613171e-01
-4.247058532333164993e-01
-5.970428942152584684e-01
-6.529884265388211650e-01
-8.288355367874210566e-01
-8.650188785814199033e-01
-8.151079934316239894e-01
-8.675847313985087794e-01
-8.964243797777952105e-01
-9.389250963531036165e-01
-8.185601968095097547e-01
-8.087789445967430435e-01
-8.668008015064464500e-01
-1.005394610126149058e+00
-9.556315006298627956e-01
-7.379614279613145866e-01
-8.394281981702133022e-01
-1.007493191625436157e+00
-9.334104517391726974e-01
-8.999499204151414355e-01
-9.442540897182662984e-01
-8.530220424230540166e-01
-9.054647906682075087e-01
-1.015151125846051050e+00
-1.064330571241333789e+00
-6.884731861468590397e-01
-8.392700634171169627e-01
-8.163360472767209330e-01
-7.895395112871088639e-01
-8.137804680724820550e-01
-7.257470425586443064e-01
-7.786711360781236602e-01
-8.460022381763521171e-01
-9.590256842619709898e-01
-9.846293340048004605e-01
-8.825039188355506825e-01
-8.583763769631505003e-01
-1.014137929014722328e+00
-7.976506856609119067e-01
-8.048971788146966899e-01
-8.704044019751010497e-01
-8.903298901974847634e-01
-7.841877418650734510e-01
-7.257376704181979221e-01
-7.288441730281716158e-01
-8.155794229311885690e-01
-8.870841686045199959e-01
-9.323959990449877111e-01
-1.584728165336377337e-01
-9.914719710050434731e-01
-3.982913156334736970e-01
-3.956829604660293542e-01
-3.809260596058716697e-01
-3.131610589185944149e-01
-3.055133494503086133e-01
-3.781606137547277036e-01
-2.700878481959123611e-01
-3.257551825805448109e-01
-4.077086952299073808e-01
-3.491461321262561701e-01
-3.275514608450859622e-01
-3.006931867251693147e-01
-2.472873573697060845e-01
-2.982465131244880219e-01
-3.731297487191603257e-01
-3.068307122044656721e-01
-2.525038461143378488e-01
-2.233680083703111219e-01
-2.708764318393976911e-01
-3.429365854537477776e-01
-3.753923487043051566e-01
-4.061055285582814145e-01
-3.467236073574368471e-01
-4.928203954854311619e-01
-4.799935946825082400e-01
-4.096972026909416198e-01
-4.986147469310556191e-01
-4.669710488069957477e-01
-6.408511867653480243e-01
-5.737536973734496115e-01
-3.260717586314547112e-01
-2.428214488429566997e-01
-6.195865930658120968e-01
-6.784397053715857107e-01
-8.795732925570891592e-01
-8.636224149175876219e-01
-6.780418428849744883e-01
-7.897437004942028382e-01
-1.123617085814052619e+00
-1.129109787377230445e+00
-1.229597889312180170e+00
-1.062626120074838143e+00
-9.239037754298059513e-01
-7.400475322316083515e-01
-7.017578293677032564e-01
-9.722999249594399540e-01
-7.197959843030979910e-01
-9.370154703594676393e-01
-9.337954885223335166e-01
1.036975592666501689e-01
4.050225504466488380e-02
1.488904119917937134e-02
-1.120108307436746553e-01
-9.176189606729489093e-03
-6.079675199505188421e-02
-1.286149346099569601e-01
-8.156356092041164296e-02
-1.208219287983126750e-01
-4.471194258207251970e-02
-1.218749578409718259e-01
-7.251593106949902334e-02
-1.797945530470204389e-01
-2.174309414068032464e-01
7.075579683609248272e-02
8.063148144284502938e-02
2.291603863288058443e-02
-6.566887651359049061e-02
-3.532613716330588183e-01
-4.136905387509782761e-01
-4.309790299410156678e-01
-6.297808469853791724e-01
-6.920659087164184875e-01
-8.230067225097936756e-01
-8.452687489328253312e-01
-7.743251676967481956e-01
-7.217788545617744855e-01
-9.332846870809796691e-01
-9.887063567455671720e-01
-1.057658346565928831e+00
-1.138620535645066711e+00
-2.924389790186688876e-01
-1.756960386376924532e-01
-6.947592439198615466e-01
-6.435406399327742166e-01
-9.082167307041379978e-01
-9.756278476844355563e-01
-9.981829741901208086e-01
-1.022743430315688817e+00
-9.952724673661403898e-01
-1.038797902777770954e+00
-1.082185701524081667e+00
-1.007286877599050445e+00
-1.120936478817370574e+00
-3.146680049496898834e-01
-4.845999879466562077e-01
-3.683097487228743083e-01
-2.873720903842058028e-01
-4.083307541240072669e-01
-4.154410884578625396e-01
-3.018462395612302451e-01
-3.049947354978566616e-01
-5.495805530915863768e-01
-4.313587986781342032e-01
-5.869671265655730386e-01
-4.962897456654686290e-01
-6.251398108609075299e-01
-5.729836237313271630e-01
-5.611455857763407717e-01
-4.969549536214775132e-01
-4.769718421586236490e-01
-3.710098026234107671e-01
-5.059528865309014245e-01
-4.176302530175024508e-01
-3.542080474024497105e-01
-3.892172836733477359e-01
-2.531891905817588717e-01
-2.377963932891802579e-01
-4.401661414172286513e-01
-3.946541279694024129e-01
-7.734934554364929493e-01
-7.245962759235087258e-01
-6.361425988902008610e-01
-7.124701718570406461e-01
-7.764988014990856779e-01
-7.077286146453503068e-01
-6.848662409028614118e-01
-7.498561084018765532e-01
-7.668901643220222830e-01
-8.040303299985520624e-01
-1.993135276736392181e-01
-9.841606866829800959e-02
-1.202040839825830598e-01
-5.627009285551677620e-02
-1.039298834055537302e-01
-1.832751355177905939e-01
-2.449522366479172375e-01
-1.445668072549192718e-01
-1.655853925926063508e-01
-6.091794250993922688e-01
-6.096814208662084678e-01
-6.321809859624636374e-01
-7.692108854481590763e-01
-6.253604912052399545e-01
-7.274508808029166440e-01
-7.003747542234507462e-01
-6.877668535829234431e-01
-7.513415714341578067e-01
-7.252505973418819085e-01
-8.151955743202164983e-01
-8.133064716104292380e-01
-7.549130098986771564e-01
-9.309660536972821365e-01
-9.339186057424707643e-01
-9.182801130754791874e-01
-7.512945534564832162e-01
-8.384244504074844784e-01
-7.116654412187247702e-01
-7.826721333371980949e-01
-8.586024966978434980e-01
-8.477122260047971203e-01
-8.117511848141966135e-01
-8.230878779125053724e-01
-7.749846194800527055e-01
-9.664827054917998206e-01
-8.198806324463194795e-01
-8.876811170167254739e-01
-8.424319927968293431e-01
-8.990183857188887018e-01
-9.112826027602058954e-01
-8.675669229445568398e-01
-9.468804538313168040e-01
-9.953345598155369789e-01
-9.019478199124432161e-01
-9.282815365995187307e-01
-9.982396404944929857e-01
-9.039203099773420735e-01
-9.824481712064124794e-01
-8.696392722055257263e-01
-1.233993080323016356e+00
-1.291780888720517328e+00
-1.246592549860699561e+00
-1.281095240021858928e+00
-1.227348479850860485e+00
-1.264429652638905388e+00
-1.193075399890723753e+00
-1.028434974226926979e+00
-1.166313551853300323e+00
-1.085290930459953840e+00
-1.163837564527121504e+00
-1.160613247588324182e+00
-9.999090158953997109e-01
-1.070507724447200548e+00
-1.145399335635755911e+00
-1.121939511089319552e+00
-1.043985423236459598e+00
-1.061375699376924109e+00
-1.143610062767596025e+00
-1.093326330088910892e+00
-7.543008061420034549e-01
-7.796253182502376200e-01
-7.452137562598821763e-01
-7.659937555604813264e-01
-7.153171710243004799e-01
-7.566658281737004277e-01
-1.141504277201432105e+00
-1.145232193010644162e+00
-1.109040776009230456e+00
-1.092302290697091838e+00
-1.091969305968345738e+00
-1.118941575458012760e+00
-1.066910143610889650e+00
-1.021431984122581627e+00
-1.116952594502855112e+00
-1.056091335326225122e+00
-1.086863174513124974e+00
-9.089925151841881101e-01
-1.057852510049311689e+00
-1.196330495000934135e+00
-9.478499422177000255e-01
-1.093628905566932374e+00
-1.178412008832065538e+00
-1.125211629677013381e+00
-1.025665023124294972e+00
-1.032809605730553137e+00
-9.863888188576700466e-01
-1.024656543487554305e+00
-7.852352823032999751e-01
-8.169968951973277660e-01
-8.910910451092844964e-01
-9.137873133174587714e-01
-8.755599675006066063e-01
-9.615755377608922183e-01
-1.011807986248695057e+00
-9.925437054603442055e-01
-1.037960688768256201e+00
-8.407652281915718451e-01
-9.275181495168521861e-01
-8.207745475511240008e-01
-8.838738460747751491e-01
-1.037996582014706792e+00
-1.005976669850307426e+00
-9.964415795996655056e-01
-9.381222092159786641e-01
-1.030838045589905327e+00
-9.706277908462909165e-01
-9.548890524686812764e-01
-9.162512086377306852e-01
-1.213394377553325798e+00
-1.101846841707277536e+00
-1.167100427749993452e+00
-1.041809477720068822e+00
-1.111470072745883719e+00
-9.996770270231756239e-01
-1.057701662220401184e+00
-1.027596396491466502e+00
-1.017506020651998133e+00
-1.030471328773698625e+00
-1.057525057987448669e+00
-1.071019706342787092e+00
-1.065228375351704004e+00
-1.053684583569215905e+00
-1.064837586746083531e+00
-1.012476107797733338e+00
-1.051938826970891583e+00
-1.051435239655577059e+00
-9.857952645770163835e-01
-1.000952107420335135e+00
-9.847027677088396880e-01
-9.172277508482320485e-01
-1.008444999930786734e+00
-1.040212204979892530e+00
-8.551535159234163741e-01
-8.070522042208715385e-01
-8.831266284414944767e-01
-8.703256407827821839e-01
-9.113038646882131166e-01
-8.707126500005087921e-01
-9.202413807225479081e-01
-9.849848905056103332e-01
-9.741035418355539210e-01
-1.102361366396503506e+00
-1.072505731982650978e+00
-1.054638611999472175e+00
-1.117251626814582011e+00
-1.036748755141184031e+00
-9.624297824013955394e-01
-9.651375318680359694e-01
-1.001595553375598469e+00
-7.828814096148972723e-01
-8.591568378038093590e-01
-7.953487308847175807e-01
-8.306154225266413338e-01
-8.176566122069376386e-01
-7.427481311554395838e-01
-7.905009385929017141e-01
-8.218353609229634982e-01
-8.836209586381474912e-01
-7.460250947332591753e-01
-7.763701237038319602e-01
-7.735328712531581719e-01
-7.975037777019134966e-01
-9.267478824457857645e-01
-8.270460373957971845e-01
-7.925084834163013126e-01
-8.387681275109426515e-01
-1.045035946103536340e+00
-1.080251547302642168e+00
-9.590953860194986191e-01
-9.487007937401448210e-01
-9.954407305369251668e-01
-1.034723900054278500e+00
-9.753400613491209903e-01
-9.527433769627824400e-01
-9.107266691890917309e-01
-8.669226595039386529e-01
-8.869526278186781187e-01
-9.669826779076237111e-01
-9.728266693477146676e-01
-9.375285541470017581e-01
-9.169274841821497546e-01
-9.102732278929267506e-01
1.023225865311272464e+00
1.024562109998175652e+00
1.009365783471146472e+00
9.955086517768860777e-01
7.774221259051040667e-01
7.464120896835704233e-01
5.839107243966029648e-01
5.967423243494146545e-01
-4.001374673552984818e-02
6.756554353903526655e-02
7.080690117687822305e-01
4.952129678583114814e-01
-2.667422116575693392e-01
-2.579008853172490845e-01
1.383923827689444164e-01
-2.579687214516193650e-02
5.538156047621266287e-02
-7.998886583484596247e-02
2.167233862924732718e-02
-1.905428460590817275e-01
1.386615234916412920e-01
-3.679628304612358319e-02
2.591700799104634800e-01
4.558333332658322939e-02
-6.525335838513190989e-02
-2.315372228437845570e-01
2.780170424191367728e-01
9.944352781979301503e-02
-5.766624444028701363e-02
-1.595030158254115982e-01
-3.065141160340658505e-02
-1.599589223430961937e-01
6.558186650463426748e-02
-4.685644897323985175e-03
-2.576020900395257218e-01
-1.929158407122372743e-01
-2.036787241578962016e-01
-1.418302782172652932e-01
-7.698186591038570781e-02
-1.044457467987332938e-01
6.935720585098785473e-02
-3.023289301751516320e-02
1.548371999481880645e-01
9.430345283003151169e-02
2.033971396403382315e-01
2.362905476972857466e-01
2.090741883914882804e-01
3.514723038612158623e-01
-2.335351654722167825e-01
-3.408405663012183395e-01
4.551958325075704526e-01
3.373925836544356960e-01
-4.562638438096243698e-01
-5.347938603217158304e-01
-3.267517370206113325e-01
-3.438222480690437677e-01
-6.136623394862777969e-01
-6.854458330385003739e-01
-5.615024620674538003e-01
-7.095655744315190194e-01
-7.092834427920335916e-01
-7.528789011375345286e-01
-6.636826813692444649e-01
-6.719575404285779152e-01
-7.684175034288469597e-01
-6.299242024300409915e-01
-7.011252605235924751e-01
-5.850013042309468725e-01
-6.008123553404316475e-01
-7.786299409388388604e-01
-7.545800601108644257e-01
-7.267201894230606030e-01
-7.878389972744745950e-01
-6.388182682571289517e-01
-6.412814468120456857e-01
-7.204760704522641390e-01
-7.386278664391103810e-01
-7.557422711818670980e-01
-7.981119509584252425e-01
-6.991798792772335736e-01
-7.541777747117663910e-01
-6.228531729016060225e-01
-6.874462071600355717e-01
-1.215881516683275043e+00
-1.295741435733517966e+00
-5.902478429738314825e-01
-6.862168634976234527e-01
9.170293019879745267e-02
1.323077811442819607e-01
9.011110327834853662e-02
5.315518887774146189e-02
-1.406082050951248663e-01
-4.451632695334515472e-02
-9.676662604313152061e-01
-9.476158237021500286e-01
-6.390917697857849689e-01
-5.736230310940175769e-01
-5.317430089171385488e-01
-5.547904413029692838e-01
