72
# x y z
0	299.29	0
1	299.2	0
2	299.1	0
3	298.98	0
4	298.85	0
5	298.72	0
6	298.58	0
7	298.5	0
8	298.42	0
9	298.32	0
10	298.21	0
11	298.21	0
12	298.21	0
13	298.21	0
14	298.2	0
15	298.19	0
16	298.18	0
17	298.12	0
18	298.05	0
19	297.99	0
20	297.93	0
21	297.84	0
22	297.74	0
23	297.58	0
24	297.42	0
25	297.43	0
26	297.44	0
27	297.38	0
28	297.31	0
29	297.19	0
30	297.06	0
31	296.98	0
32	296.89	0
33	296.73	0
34	296.56	0
35	296.49	0
36	296.41	0
37	296.36	0
38	296.3	0
39	296.21	0
40	296.12	0
41	296.04	0
42	295.95	0
43	295.86	0
44	295.76	0
45	295.67	0
46	295.58	0
47	295.44	0
48	295.29	0
49	295.23	0
50	295.17	0
51	295.17	0
52	295.16	0
53	295.12	0
54	295.08	0
55	295.04	0
56	295	0
57	294.98	0
58	294.95	0
59	294.81	0
60	294.66	0
61	294.51	0
62	294.36	0
63	294.48	0
64	294.6	0
65	294.57	0
66	294.54	0
67	294.3	0
68	293.8	0
69	293.7	0
70	293.63	0
71	293.67	0
2903
# a b m n err i ip iperr k r rhoa u valid 
1	2	7	8	1.75169946834795e-02	8.29197160000000e-02	0.00000000000000e+00	0.00000000000000e+00	-6.74503001893242e+02	-3.48949856509398e-01	2.35367725725805e+02	-2.89348230000000e-02	1
1	2	8	9	1.75206015797435e-02	8.29197160000000e-02	0.00000000000000e+00	0.00000000000000e+00	-1.11888718271304e+03	-1.73529441417768e-01	1.94159867825694e+02	-1.43890120000000e-02	1
1	3	9	11	1.75201853841512e-02	1.41041875000000e-01	0.00000000000000e+00	0.00000000000000e+00	-3.92070841474256e+02	-5.05426987552456e-01	1.98163184313490e+02	-7.12863700000000e-02	1
1	3	11	13	1.75257256079311e-02	1.41041875000000e-01	0.00000000000000e+00	0.00000000000000e+00	-7.96602817339393e+02	-1.95187727049148e-01	1.55487093277423e+02	-2.75296430000000e-02	1
1	3	13	15	1.75257155864832e-02	1.41041875000000e-01	0.00000000000000e+00	0.00000000000000e+00	-1.48229444285419e+03	-1.04937104671928e-01	1.55547687104408e+02	-1.48005260000000e-02	1
1	3	15	10	1.75241993015329e-02	1.41041875000000e-01	0.00000000000000e+00	0.00000000000000e+00	3.34968547819417e+02	4.93461335507628e-01	1.65294026960020e+02	6.95987120000000e-02	1
1	3	10	12	1.75242106329004e-02	1.41041875000000e-01	0.00000000000000e+00	0.00000000000000e+00	-5.56981610993017e+02	-2.96628579278317e-01	1.65216663953007e+02	-4.18370510000000e-02	1
1	3	12	14	1.75231424819113e-02	1.41041875000000e-01	0.00000000000000e+00	0.00000000000000e+00	-1.11466652680393e+03	-1.55061899170016e-01	1.72842308587463e+02	-2.18702210000000e-02	1
1	3	14	16	1.75231638078038e-02	1.41041875000000e-01	0.00000000000000e+00	0.00000000000000e+00	-1.91148205198804e+03	-9.03399433678827e-02	1.72683180325324e+02	-1.27417150000000e-02	1
1	4	15	18	1.75269734890280e-02	1.32820958000000e-01	0.00000000000000e+00	0.00000000000000e+00	-1.04519582023229e+03	-1.41881313640277e-01	1.48293755985883e+02	-1.88448120000000e-02	1
1	4	18	21	1.75258906299750e-02	1.32820958000000e-01	0.00000000000000e+00	0.00000000000000e+00	-1.85920278603018e+03	-8.30980077707315e-02	1.54496047560901e+02	-1.10371570000000e-02	1
1	4	21	16	1.75265221826769e-02	1.32820958000000e-01	0.00000000000000e+00	0.00000000000000e+00	9.10370525221546e+02	1.65665677550677e-01	1.50817149882993e+02	2.20038740000000e-02	1
1	4	16	19	1.75267879693078e-02	1.32820958000000e-01	0.00000000000000e+00	0.00000000000000e+00	-1.29434309416388e+03	-1.15364128001546e-01	1.49320762393039e+02	-1.53227740000000e-02	1
1	4	19	22	1.75260973923332e-02	1.32820958000000e-01	0.00000000000000e+00	0.00000000000000e+00	-2.21406064495598e+03	-6.92266577387584e-02	1.53272018481222e+02	-9.19475100000000e-03	1
1	4	22	17	1.75257345496051e-02	1.32820958000000e-01	0.00000000000000e+00	0.00000000000000e+00	1.09330355351559e+03	1.42168263836796e-01	1.55433068049911e+02	1.88829250000000e-02	1
1	4	17	20	1.75253025314994e-02	1.32820958000000e-01	0.00000000000000e+00	0.00000000000000e+00	-1.56044333508266e+03	-1.01308996732278e-01	1.58086948734794e+02	-1.34559580000000e-02	1
1	4	20	23	1.75254455714970e-02	1.32820958000000e-01	0.00000000000000e+00	0.00000000000000e+00	-2.61803253888425e+03	-6.00444321445114e-02	1.57198277133158e+02	-7.97515900000000e-03	1
1	5	21	25	1.75276802583116e-02	1.54127584000000e-01	0.00000000000000e+00	0.00000000000000e+00	-1.60917748385347e+03	-8.98019785997554e-02	1.44507321968218e+02	-1.38409620000000e-02	1
1	5	25	29	1.75263310497643e-02	1.54127584000000e-01	0.00000000000000e+00	0.00000000000000e+00	-2.82551417018364e+03	-5.37643411058724e-02	1.51911907645229e+02	-8.28656800000000e-03	1
1	5	29	22	1.75267421007399e-02	1.54127584000000e-01	0.00000000000000e+00	0.00000000000000e+00	1.26691020405699e+03	1.18064310928276e-01	1.49576880249991e+02	1.81969670000000e-02	1
1	5	22	26	1.75272053587721e-02	1.54127584000000e-01	0.00000000000000e+00	0.00000000000000e+00	-1.81682443705603e+03	-8.09268378592115e-02	1.47029856636286e+02	-1.24730580000000e-02	1
1	5	26	30	1.75251751105871e-02	1.54127584000000e-01	0.00000000000000e+00	0.00000000000000e+00	-3.31296530187333e+03	-4.79591764703195e-02	1.58887087552588e+02	-7.39183200000000e-03	1
1	5	30	23	1.75271266115253e-02	1.54127584000000e-01	0.00000000000000e+00	0.00000000000000e+00	1.44275759213869e+03	1.02204748761909e-01	1.47456677228871e+02	1.57525710000000e-02	1
1	5	23	27	1.75278293924797e-02	1.54127584000000e-01	0.00000000000000e+00	0.00000000000000e+00	-2.07300201334812e+03	-6.93356420872723e-02	1.43732925643700e+02	-1.06865350000000e-02	1
1	5	27	24	1.75274136426391e-02	1.54127584000000e-01	0.00000000000000e+00	0.00000000000000e+00	2.93750842872324e+03	4.96722831910477e-02	1.45912750547631e+02	7.65586900000000e-03	1
1	5	24	28	1.75276326765687e-02	1.54127584000000e-01	0.00000000000000e+00	0.00000000000000e+00	-2.38872759280211e+03	-6.05996912272368e-02	1.44756154549789e+02	-9.34008400000000e-03	1
1	6	27	32	1.75260724439695e-02	1.29181854000000e-01	0.00000000000000e+00	0.00000000000000e+00	-2.29524307602035e+03	-6.68420194681522e-02	1.53418682371494e+02	-8.63477600000000e-03	1
1	6	32	37	1.75173137235413e-02	1.29181854000000e-01	0.00000000000000e+00	0.00000000000000e+00	-3.72565577637110e+03	-6.20107217225726e-02	2.31030603582644e+02	-8.01066000000000e-03	1
1	6	37	28	1.75207622471686e-02	1.29181854000000e-01	0.00000000000000e+00	0.00000000000000e+00	1.67267589568187e+03	1.15179141181857e-01	1.92657373140231e+02	1.48790550000000e-02	1
1	6	28	33	1.75237600258232e-02	1.29181854000000e-01	0.00000000000000e+00	0.00000000000000e+00	-2.55737045085872e+03	-6.58293307974973e-02	1.68349985381324e+02	-8.50395500000000e-03	1
1	6	33	29	1.75230753716421e-02	1.29181854000000e-01	0.00000000000000e+00	0.00000000000000e+00	3.36948484204414e+03	5.14455459046129e-02	1.73344987116279e+02	6.64583100000000e-03	1
1	6	29	34	1.75218648758896e-02	1.29181854000000e-01	0.00000000000000e+00	0.00000000000000e+00	-2.82837237557216e+03	-6.46809496943743e-02	1.82941811341341e+02	-8.35560500000000e-03	1
1	6	34	30	1.75209922470389e-02	1.29181854000000e-01	0.00000000000000e+00	0.00000000000000e+00	3.72354921116948e+03	5.11733637140709e-02	1.90546538090417e+02	6.61067000000000e-03	1
1	6	30	35	1.75210071752651e-02	1.29181854000000e-01	0.00000000000000e+00	0.00000000000000e+00	-3.08777920589247e+03	-6.16660448301044e-02	1.90411130936029e+02	-7.96613400000000e-03	1
1	6	35	31	1.75201389912136e-02	1.29181854000000e-01	0.00000000000000e+00	0.00000000000000e+00	4.08806716108141e+03	4.85852293155663e-02	1.98619680478576e+02	6.27633000000000e-03	1
1	6	31	36	1.75188941825566e-02	1.29181854000000e-01	0.00000000000000e+00	0.00000000000000e+00	-3.39191177573316e+03	-6.24147645380597e-02	2.11705374816257e+02	-8.06285500000000e-03	1
1	7	33	39	1.75172223748186e-02	1.46622513000000e-01	0.00000000000000e+00	0.00000000000000e+00	-2.75009792610245e+03	-8.44537223284394e-02	2.32256006627074e+02	-1.23828170000000e-02	1
1	7	39	34	1.75169730751884e-02	1.46622513000000e-01	0.00000000000000e+00	0.00000000000000e+00	3.44593547567957e+03	6.83899545494763e-02	2.35667370562154e+02	1.00275070000000e-02	1
1	7	34	40	1.75172198865464e-02	1.46622513000000e-01	0.00000000000000e+00	0.00000000000000e+00	-3.01153476477026e+03	-7.71332844363403e-02	2.32289567600952e+02	-1.13094760000000e-02	1
1	7	40	35	1.75164401472625e-02	1.46622513000000e-01	0.00000000000000e+00	0.00000000000000e+00	3.83572393067704e+03	6.34317869043753e-02	2.43306822994719e+02	9.30052800000000e-03	1
1	7	35	41	1.75163330614416e-02	1.46622513000000e-01	0.00000000000000e+00	0.00000000000000e+00	-3.33673515829557e+03	-7.33957069744126e-02	2.44902035929482e+02	-1.07614630000000e-02	1
1	7	41	36	1.75164672397504e-02	1.46622513000000e-01	0.00000000000000e+00	0.00000000000000e+00	4.25441985708941e+03	5.70950997136436e-02	2.42906525964225e+02	8.37142700000000e-03	1
1	7	36	42	1.75164890442555e-02	1.46622513000000e-01	0.00000000000000e+00	0.00000000000000e+00	-3.69178989755638e+03	-6.57094043941260e-02	2.42585315316681e+02	-9.63447800000000e-03	1
1	7	42	37	1.75165692276680e-02	1.46622513000000e-01	0.00000000000000e+00	0.00000000000000e+00	4.68088066888820e+03	5.15739216664497e-02	2.41411372947239e+02	7.56189800000000e-03	1
1	7	37	43	1.75162563828752e-02	1.46622513000000e-01	0.00000000000000e+00	0.00000000000000e+00	-4.05480710057706e+03	-6.06828366118646e-02	2.46057196776946e+02	-8.89747000000000e-03	1
1	7	43	38	1.75162239373240e-02	1.46622513000000e-01	0.00000000000000e+00	0.00000000000000e+00	5.12095179668782e+03	4.81452053682916e-02	2.46549275932657e+02	7.05917100000000e-03	1
1	7	38	44	1.75155743291700e-02	1.46622513000000e-01	0.00000000000000e+00	0.00000000000000e+00	-4.42826565609236e+03	-5.79985285070104e-02	2.56832891891488e+02	-8.50389000000000e-03	1
1	8	39	46	1.75154713580388e-02	1.39092133000000e-01	0.00000000000000e+00	0.00000000000000e+00	-3.43901371668736e+03	-7.51791907598398e-02	2.58542268232545e+02	-1.04568340000000e-02	1
1	8	46	40	1.75148114638849e-02	1.39092133000000e-01	0.00000000000000e+00	0.00000000000000e+00	4.18711937506056e+03	6.44980618709759e-02	2.70061084513818e+02	8.97117300000000e-03	1
1	8	40	47	1.75147121700951e-02	1.39092133000000e-01	0.00000000000000e+00	0.00000000000000e+00	-3.72199133079311e+03	-7.30479271606253e-02	2.71883751624254e+02	-1.01603920000000e-02	1
1	8	47	41	1.75143300091794e-02	1.39092133000000e-01	0.00000000000000e+00	0.00000000000000e+00	4.53802131876971e+03	6.15101790120653e-02	2.79134503678094e+02	8.55558200000000e-03	1
1	8	41	48	1.75142346299449e-02	1.39092133000000e-01	0.00000000000000e+00	0.00000000000000e+00	-4.02242102898423e+03	-6.98596303789518e-02	2.81004846313361e+02	-9.71692500000000e-03	1
1	8	48	42	1.75136519142211e-02	1.39092133000000e-01	0.00000000000000e+00	0.00000000000000e+00	4.89521270443324e+03	5.98542334525850e-02	2.92999204011207e+02	8.32525300000000e-03	1
1	8	42	49	1.75140671136727e-02	1.39092133000000e-01	0.00000000000000e+00	0.00000000000000e+00	-4.30465520741817e+03	-6.60566618818046e-02	2.84351153554172e+02	-9.18796200000000e-03	1
1	8	49	43	1.75138210263969e-02	1.39092133000000e-01	0.00000000000000e+00	0.00000000000000e+00	5.22065869251008e+03	5.54363200397538e-02	2.89414106096312e+02	7.71075600000000e-03	1
1	8	43	50	1.75138370380468e-02	1.39092133000000e-01	0.00000000000000e+00	0.00000000000000e+00	-4.58931007939171e+03	-6.29896875619845e-02	2.89079208025950e+02	-8.76137000000000e-03	1
1	8	50	44	1.75139884044965e-02	1.39092133000000e-01	0.00000000000000e+00	0.00000000000000e+00	5.54933076090737e+03	5.15289387358809e-02	2.85951124803935e+02	7.16727000000000e-03	1
1	8	44	51	1.75141268511637e-02	1.39092133000000e-01	0.00000000000000e+00	0.00000000000000e+00	-4.89032295866760e+03	-5.78998022842888e-02	2.83148732413172e+02	-8.05340700000000e-03	1
1	9	45	53	1.75145448765222e-02	1.67569071000000e-01	0.00000000000000e+00	0.00000000000000e+00	-3.95530194808081e+03	-6.95296926244820e-02	2.75010928687074e+02	-1.16510260000000e-02	1
1	9	53	46	1.75148126287942e-02	1.67569071000000e-01	0.00000000000000e+00	0.00000000000000e+00	4.67978418592367e+03	5.77034827626394e-02	2.70039846105319e+02	9.66931900000000e-03	1
1	9	46	54	1.75145284402608e-02	1.67569071000000e-01	0.00000000000000e+00	0.00000000000000e+00	-4.24294009801371e+03	-6.48894508700833e-02	2.75322053034767e+02	-1.08734650000000e-02	1
1	9	54	47	1.75146000588653e-02	1.67569071000000e-01	0.00000000000000e+00	0.00000000000000e+00	5.00189134273183e+03	5.47735805016189e-02	2.73971498121473e+02	9.17835800000000e-03	1
1	9	47	55	1.75142970326761e-02	1.67569071000000e-01	0.00000000000000e+00	0.00000000000000e+00	-4.53142501524244e+03	-6.17417995949861e-02	2.79778335170806e+02	-1.03460160000000e-02	1
1	9	55	48	1.75143163531802e-02	1.67569071000000e-01	0.00000000000000e+00	0.00000000000000e+00	5.35121145315669e+03	5.22126186401069e-02	2.79400762866243e+02	8.74922000000000e-03	1
1	9	48	56	1.75141744118370e-02	1.67569071000000e-01	0.00000000000000e+00	0.00000000000000e+00	-4.84638786933380e+03	-5.82286572442715e-02	2.82198658116233e+02	-9.75732200000000e-03	1
1	9	56	49	1.75135068722869e-02	1.67569071000000e-01	0.00000000000000e+00	0.00000000000000e+00	5.78598388973681e+03	5.11832640046086e-02	2.96145540954811e+02	8.57673200000000e-03	1
1	9	49	57	1.75134485502887e-02	1.67569071000000e-01	0.00000000000000e+00	0.00000000000000e+00	-5.23180696489635e+03	-5.68503062238735e-02	2.97429828058552e+02	-9.52635300000000e-03	1
2	3	7	8	1.75145041633938e-02	1.42931341000000e-01	0.00000000000000e+00	0.00000000000000e+00	-3.82221383530669e+02	-7.21526568480177e-01	2.75782883258629e+02	-1.03128760000000e-01	1
2	3	8	9	1.75172025056085e-02	1.42931341000000e-01	0.00000000000000e+00	0.00000000000000e+00	-6.93014486758110e+02	-3.35525838241453e-01	2.32524266582985e+02	-4.79571580000000e-02	1
2	3	9	10	1.75180551622132e-02	1.42931341000000e-01	0.00000000000000e+00	0.00000000000000e+00	-1.10987133072220e+03	-1.99611686285095e-01	2.21543287884941e+02	-2.85307660000000e-02	1
2	4	10	12	1.75227786083463e-02	1.33949875000000e-01	0.00000000000000e+00	0.00000000000000e+00	-3.83439920797400e+02	-4.57968363165699e-01	1.75603352899971e+02	-6.13448050000000e-02	1
2	4	12	14	1.75250940053205e-02	1.33949875000000e-01	0.00000000000000e+00	0.00000000000000e+00	-8.23629983383190e+02	-1.93534260483632e-01	1.59400619746212e+02	-2.59238900000000e-02	1
2	4	14	16	1.75224145665465e-02	1.33949875000000e-01	0.00000000000000e+00	0.00000000000000e+00	-1.47743841153806e+03	-1.20787018278293e-01	1.78455380419499e+02	-1.61794060000000e-02	1
2	4	16	11	1.75242369993413e-02	1.33949875000000e-01	0.00000000000000e+00	0.00000000000000e+00	3.40311103806003e+02	4.84958996788911e-01	1.65036931497886e+02	6.49601970000000e-02	1
2	4	11	13	1.75252743621709e-02	1.33949875000000e-01	0.00000000000000e+00	0.00000000000000e+00	-5.70518257477419e+02	-2.77402416388966e-01	1.58263143218258e+02	-3.71580190000000e-02	1
2	4	13	15	1.75221470488648e-02	1.33949875000000e-01	0.00000000000000e+00	0.00000000000000e+00	-1.12266376522725e+03	-1.60877171404602e-01	1.80610970988201e+02	-2.15494770000000e-02	1
2	4	15	17	1.75270674017255e-02	1.33949875000000e-01	0.00000000000000e+00	0.00000000000000e+00	-1.90810325571957e+03	-7.74482395000369e-02	1.47779237939769e+02	-1.03741820000000e-02	1
2	5	16	19	1.75287720069527e-02	1.54717214000000e-01	0.00000000000000e+00	0.00000000000000e+00	-1.02762346329527e+03	-1.35286924181559e-01	1.39024017566018e+02	-2.09312160000000e-02	1
2	5	19	22	1.75292216736951e-02	1.54717214000000e-01	0.00000000000000e+00	0.00000000000000e+00	-1.82094064588700e+03	-7.51725208805789e-02	1.36884698725235e+02	-1.16304830000000e-02	1
2	5	22	17	1.75285909318036e-02	1.54717214000000e-01	0.00000000000000e+00	0.00000000000000e+00	8.86924201605762e+02	1.57741212946091e-01	1.39904499352537e+02	2.44052810000000e-02	1
2	5	17	20	1.75280730171240e-02	1.54717214000000e-01	0.00000000000000e+00	0.00000000000000e+00	-1.25561918204583e+03	-1.13478336030534e-01	1.42485575466581e+02	-1.75570520000000e-02	1
2	5	20	23	1.75280779048259e-02	1.54717214000000e-01	0.00000000000000e+00	0.00000000000000e+00	-2.17313018974720e+03	-6.55555625503960e-02	1.42460772084126e+02	-1.01425740000000e-02	1
2	5	23	18	1.75280811279191e-02	1.54717214000000e-01	0.00000000000000e+00	0.00000000000000e+00	1.06244982635769e+03	1.34071668327740e-01	1.42444420734293e+02	2.07431950000000e-02	1
2	5	18	21	1.75285855826186e-02	1.54717214000000e-01	0.00000000000000e+00	0.00000000000000e+00	-1.51340772138956e+03	-9.24606618110380e-02	1.39930679509614e+02	-1.43052560000000e-02	1
2	5	21	24	1.75276221183540e-02	1.54717214000000e-01	0.00000000000000e+00	0.00000000000000e+00	-2.52972344784827e+03	-5.72439987188497e-02	1.44811485807670e+02	-8.85663200000000e-03	1
2	6	22	26	1.75299048314365e-02	1.29362996000000e-01	0.00000000000000e+00	0.00000000000000e+00	-1.53068839776429e+03	-8.73839842113737e-02	1.33757650782768e+02	-1.13042540000000e-02	1
2	6	26	30	1.75277417094340e-02	1.29362996000000e-01	0.00000000000000e+00	0.00000000000000e+00	-2.86021488530122e+03	-5.04113247346250e-02	1.44187221393728e+02	-6.52136000000000e-03	1
2	6	30	23	1.75297997344243e-02	1.29362996000000e-01	0.00000000000000e+00	0.00000000000000e+00	1.23143888415086e+03	1.09002067329981e-01	1.34229384162968e+02	1.41008340000000e-02	1
2	6	23	27	1.75305539841859e-02	1.29362996000000e-01	0.00000000000000e+00	0.00000000000000e+00	-1.75842968647991e+03	-7.44504170265197e-02	1.30915823470241e+02	-9.63112900000000e-03	1
2	6	27	31	1.75273800733316e-02	1.29362996000000e-01	0.00000000000000e+00	0.00000000000000e+00	-3.21866412371671e+03	-4.53889070410831e-02	1.46091646707847e+02	-5.87164500000000e-03	1
2	6	31	24	1.75288739115645e-02	1.29362996000000e-01	0.00000000000000e+00	0.00000000000000e+00	1.40753656671169e+03	9.84225659090332e-02	1.38533360506556e+02	1.27322380000000e-02	1
2	6	24	28	1.75304578025785e-02	1.29362996000000e-01	0.00000000000000e+00	0.00000000000000e+00	-2.03877218614134e+03	-6.44158473262323e-02	1.31329237875449e+02	-8.33302700000000e-03	1
2	6	28	25	1.75289262938592e-02	1.29362996000000e-01	0.00000000000000e+00	0.00000000000000e+00	3.01308094455237e+03	4.58940514952205e-02	1.38282492028554e+02	5.93699200000000e-03	1
2	6	25	29	1.75285296091690e-02	1.29362996000000e-01	0.00000000000000e+00	0.00000000000000e+00	-2.42593137045858e+03	-5.77943865802242e-02	1.40205215441377e+02	-7.47645500000000e-03	1
2	7	28	33	1.75254503041963e-02	1.46781642000000e-01	0.00000000000000e+00	0.00000000000000e+00	-2.21601020374670e+03	-7.09243326219228e-02	1.57169044784106e+02	-1.04103900000000e-02	1
2	7	33	38	1.75182529710412e-02	1.46781642000000e-01	0.00000000000000e+00	0.00000000000000e+00	-3.57763885336576e+03	-6.12533616431406e-02	2.19142406513764e+02	-8.99086900000000e-03	1
2	7	38	29	1.75212192996567e-02	1.46781642000000e-01	0.00000000000000e+00	0.00000000000000e+00	1.60999383057522e+03	1.17085936400684e-01	1.88507635252224e+02	1.71860660000000e-02	1
2	7	29	34	1.75236498517293e-02	1.46781642000000e-01	0.00000000000000e+00	0.00000000000000e+00	-2.46132165254067e+03	-6.87168426689218e-02	1.69134252755248e+02	-1.00863710000000e-02	1
2	7	34	30	1.75227789034720e-02	1.46781642000000e-01	0.00000000000000e+00	0.00000000000000e+00	3.24815356673742e+03	5.40618151689569e-02	1.75601077765347e+02	7.93528200000000e-03	1
2	7	30	35	1.75224828448847e-02	1.46781642000000e-01	0.00000000000000e+00	0.00000000000000e+00	-2.69804712108821e+03	-6.59415569148627e-02	1.77913427794219e+02	-9.67901000000000e-03	1
2	7	35	31	1.75214213833592e-02	1.46781642000000e-01	0.00000000000000e+00	0.00000000000000e+00	3.58037183310214e+03	5.21536065116372e-02	1.86729303748958e+02	7.65519200000000e-03	1
2	7	31	36	1.75203650201910e-02	1.46781642000000e-01	0.00000000000000e+00	0.00000000000000e+00	-2.97525802194877e+03	-6.60161984017048e-02	1.96415223873234e+02	-9.68996600000000e-03	1
2	7	36	32	1.75191810248148e-02	1.46781642000000e-01	0.00000000000000e+00	0.00000000000000e+00	3.92660061184126e+03	5.31094072377253e-02	2.08539430954179e+02	7.79548600000000e-03	1
2	7	32	37	1.75187669784714e-02	1.46781642000000e-01	0.00000000000000e+00	0.00000000000000e+00	-3.27963810498771e+03	-6.49889786626041e-02	2.13140330826110e+02	-9.53918900000000e-03	1
2	8	34	40	1.75189523280892e-02	1.39874705000000e-01	0.00000000000000e+00	0.00000000000000e+00	-2.67622140107108e+03	-7.88633799084688e-02	2.11055865071843e+02	-1.10309920000000e-02	1
2	8	40	35	1.75180762765317e-02	1.39874705000000e-01	0.00000000000000e+00	0.00000000000000e+00	3.41506786491917e+03	6.47965191418992e-02	2.21284510280120e+02	9.06339400000000e-03	1
2	8	35	41	1.75180507697086e-02	1.39874705000000e-01	0.00000000000000e+00	0.00000000000000e+00	-2.97410528910376e+03	-7.45088613412983e-02	2.21597198600254e+02	-1.04219050000000e-02	1
2	8	41	36	1.75182231424071e-02	1.39874705000000e-01	0.00000000000000e+00	0.00000000000000e+00	3.79878017919799e+03	5.77819985393356e-02	2.19501110765675e+02	8.08224000000000e-03	1
2	8	36	42	1.75182208269524e-02	1.39874705000000e-01	0.00000000000000e+00	0.00000000000000e+00	-3.29987679447806e+03	-6.65264244882590e-02	2.19529004388403e+02	-9.30536400000000e-03	1
2	8	42	37	1.75181667657091e-02	1.39874705000000e-01	0.00000000000000e+00	0.00000000000000e+00	4.19075819673204e+03	5.25399642487182e-02	2.20182285831324e+02	7.34901200000000e-03	1
2	8	37	43	1.75178191266179e-02	1.39874705000000e-01	0.00000000000000e+00	0.00000000000000e+00	-3.63386097068726e+03	-6.17739354660301e-02	2.24477893095760e+02	-8.64061100000000e-03	1
2	8	43	38	1.75177730576556e-02	1.39874705000000e-01	0.00000000000000e+00	0.00000000000000e+00	4.59623794159137e+03	4.89660800357005e-02	2.25059754911087e+02	6.84911600000000e-03	1
2	8	38	44	1.75170598818559e-02	1.39874705000000e-01	0.00000000000000e+00	0.00000000000000e+00	-3.97829731330786e+03	-5.89368249248497e-02	2.34468212253425e+02	-8.24377100000000e-03	1
2	8	44	39	1.75168979085039e-02	1.39874705000000e-01	0.00000000000000e+00	0.00000000000000e+00	4.99236407138863e+03	4.74155495091124e-02	2.36715685794442e+02	6.63223600000000e-03	1
2	8	39	45	1.75164465644281e-02	1.39874705000000e-01	0.00000000000000e+00	0.00000000000000e+00	-4.31488983240792e+03	-5.63657238812407e-02	2.43211888871478e+02	-7.88413900000000e-03	1
2	9	40	47	1.75155736184196e-02	1.65926514000000e-01	0.00000000000000e+00	0.00000000000000e+00	-3.38344065838618e+03	-7.59122559520536e-02	2.56844613257996e+02	-1.25958560000000e-02	1
2	9	47	41	1.75150956261018e-02	1.65926514000000e-01	0.00000000000000e+00	0.00000000000000e+00	4.13051300696802e+03	6.41512121444316e-02	2.64977416175339e+02	1.06443870000000e-02	1
2	9	41	48	1.75154136121381e-02	1.65926514000000e-01	0.00000000000000e+00	0.00000000000000e+00	-3.66412194350151e+03	-7.08248471971152e-02	2.59510876760092e+02	-1.17517200000000e-02	1
2	9	48	42	1.75147762480020e-02	1.65926514000000e-01	0.00000000000000e+00	0.00000000000000e+00	4.46453113041094e+03	6.06345228225551e-02	2.70704714718910e+02	1.00608750000000e-02	1
2	9	42	49	1.75152213487871e-02	1.65926514000000e-01	0.00000000000000e+00	0.00000000000000e+00	-3.92909171799290e+03	-6.68828370612306e-02	2.62788801173150e+02	-1.10976360000000e-02	1
2	9	49	43	1.75149414016355e-02	1.65926514000000e-01	0.00000000000000e+00	0.00000000000000e+00	4.77057538266092e+03	5.61174448587523e-02	2.67712500980996e+02	9.31137200000000e-03	1
2	9	43	50	1.75149433880382e-02	1.65926514000000e-01	0.00000000000000e+00	0.00000000000000e+00	-4.19687461594343e+03	-6.37800598884395e-02	2.67676914349144e+02	-1.05828030000000e-02	1
2	9	50	44	1.75150953138678e-02	1.65926514000000e-01	0.00000000000000e+00	0.00000000000000e+00	5.08023875846367e+03	5.21595361185012e-02	2.64982897012696e+02	8.65465000000000e-03	1
2	9	44	51	1.75152492545634e-02	1.65926514000000e-01	0.00000000000000e+00	0.00000000000000e+00	-4.48015355552459e+03	-5.85488645895375e-02	2.62307903862745e+02	-9.71480900000000e-03	1
2	9	51	45	1.75153251174211e-02	1.65926514000000e-01	0.00000000000000e+00	0.00000000000000e+00	5.41420841826997e+03	4.82082327119824e-02	2.61009419379133e+02	7.99902400000000e-03	1
2	9	45	52	1.75153902415823e-02	1.65926514000000e-01	0.00000000000000e+00	0.00000000000000e+00	-4.78970693628587e+03	-5.42632264304667e-02	2.59904952019257e+02	-9.00370800000000e-03	1
2	10	46	54	1.75153224389887e-02	1.73480687000000e-01	0.00000000000000e+00	0.00000000000000e+00	-3.90247507031133e+03	-6.68947373951776e-02	2.61055045019704e+02	-1.16049450000000e-02	1
2	10	54	47	1.75153548175404e-02	1.73480687000000e-01	0.00000000000000e+00	0.00000000000000e+00	4.60483463250230e+03	5.65719687287150e-02	2.60504560830824e+02	9.81414400000000e-03	1
2	10	47	55	1.75152643915966e-02	1.73480687000000e-01	0.00000000000000e+00	0.00000000000000e+00	-4.17411208620355e+03	-6.27792879330712e-02	2.62047784524685e+02	-1.08909940000000e-02	1
2	10	55	48	1.75152741078667e-02	1.73480687000000e-01	0.00000000000000e+00	0.00000000000000e+00	4.93367276340739e+03	5.30803523968060e-02	2.61881088892188e+02	9.20841600000000e-03	1
2	10	48	56	1.75151217035626e-02	1.73480687000000e-01	0.00000000000000e+00	0.00000000000000e+00	-4.47070562877939e+03	-5.91674968407290e-02	2.64520461166634e+02	-1.02644180000000e-02	1
2	10	56	49	1.75144033551551e-02	1.73480687000000e-01	0.00000000000000e+00	0.00000000000000e+00	5.34228571216985e+03	5.19839421664269e-02	2.77713071497966e+02	9.01821000000000e-03	1
2	10	49	57	1.75143352095231e-02	1.73480687000000e-01	0.00000000000000e+00	0.00000000000000e+00	-4.83317759168472e+03	-5.77328760520760e-02	2.79033242838405e+02	-1.00155390000000e-02	1
2	10	57	50	1.75141098252805e-02	1.73480687000000e-01	0.00000000000000e+00	0.00000000000000e+00	5.79095717712907e+03	4.89539795285685e-02	2.83490399099993e+02	8.49257000000000e-03	1
2	10	50	58	1.75140646006837e-02	1.73480687000000e-01	0.00000000000000e+00	0.00000000000000e+00	-5.23824036348376e+03	-5.42934153817364e-02	2.84401959924002e+02	-9.41885900000000e-03	1
2	10	58	51	1.75135834288958e-02	1.73480687000000e-01	0.00000000000000e+00	0.00000000000000e+00	6.27158864178961e+03	4.69540450920626e-02	2.94476455885457e+02	8.14562000000000e-03	1
3	4	7	8	1.75152524467268e-02	1.28328232000000e-01	0.00000000000000e+00	0.00000000000000e+00	-1.91419144002557e+02	-1.37004586021258e+00	2.62253005806140e+02	-1.75815563000000e-01	1
3	4	8	9	1.75179173760104e-02	1.28328232000000e-01	0.00000000000000e+00	0.00000000000000e+00	-3.96439802734587e+02	-5.63129569181628e-01	2.23246975320378e+02	-7.22654220000000e-02	1
3	4	9	10	1.75194015430818e-02	1.28328232000000e-01	0.00000000000000e+00	0.00000000000000e+00	-6.93615693039817e+02	-2.97238327104826e-01	2.06169168252810e+02	-3.81440690000000e-02	1
3	4	10	11	1.75218155868483e-02	1.28328232000000e-01	0.00000000000000e+00	0.00000000000000e+00	-1.06774556707511e+03	-1.71721753323930e-01	1.83355140881992e+02	-2.20367490000000e-02	1
3	5	11	13	1.75278773491595e-02	1.45811315000000e-01	0.00000000000000e+00	0.00000000000000e+00	-3.92578860546651e+02	-3.65495140071948e-01	1.43485665624784e+02	-5.32933270000000e-02	1
3	5	13	15	1.75230682036068e-02	1.45811315000000e-01	0.00000000000000e+00	0.00000000000000e+00	-8.28986224659011e+02	-2.09169761619666e-01	1.73398850997912e+02	-3.04993180000000e-02	1
3	5	15	17	1.75403923415367e-02	1.45811315000000e-01	0.00000000000000e+00	0.00000000000000e+00	-1.47391118691702e+03	-6.71876801879196e-02	9.90286734519777e+01	-9.79672400000000e-03	1
3	5	17	12	1.75280568915656e-02	1.45811315000000e-01	0.00000000000000e+00	0.00000000000000e+00	3.46825497736373e+02	4.11063976756536e-01	1.42567468340079e+02	5.99377790000000e-02	1
3	5	12	14	1.75282276184593e-02	1.45811315000000e-01	0.00000000000000e+00	0.00000000000000e+00	-5.89802107113332e+02	-2.40258871542308e-01	1.41705188688325e+02	-3.50324620000000e-02	1
3	5	14	16	1.75266690307047e-02	1.45811315000000e-01	0.00000000000000e+00	0.00000000000000e+00	-1.11827361930211e+03	-1.34123438911445e-01	1.49986703464747e+02	-1.95567150000000e-02	1
3	5	16	18	1.75312738299780e-02	1.45811315000000e-01	0.00000000000000e+00	0.00000000000000e+00	-1.89875134734176e+03	-6.73613566958093e-02	1.27902466784936e+02	-9.82204800000000e-03	1
3	6	17	20	1.75320086496101e-02	1.23192449000000e-01	0.00000000000000e+00	0.00000000000000e+00	-9.97444133518576e+02	-1.25286436995826e-01	1.24966221590931e+02	-1.54343430000000e-02	1
3	6	20	23	1.75327924524444e-02	1.23192449000000e-01	0.00000000000000e+00	0.00000000000000e+00	-1.78942392731871e+03	-6.81667916188597e-02	1.21979287971336e+02	-8.39763400000000e-03	1
3	6	23	18	1.75324773379469e-02	1.23192449000000e-01	0.00000000000000e+00	0.00000000000000e+00	8.62551582916466e+02	1.42788913953647e-01	1.23162803753641e+02	1.75905160000000e-02	1
3	6	18	21	1.75328038889351e-02	1.23192449000000e-01	0.00000000000000e+00	0.00000000000000e+00	-1.21851845315534e+03	-1.00069688524497e-01	1.21936762068607e+02	-1.23278300000000e-02	1
3	6	21	24	1.75321630320083e-02	1.23192449000000e-01	0.00000000000000e+00	0.00000000000000e+00	-2.10288755652727e+03	-5.91407676293536e-02	1.24366384331238e+02	-7.28569600000000e-03	1
3	6	24	19	1.75324580378005e-02	1.23192449000000e-01	0.00000000000000e+00	0.00000000000000e+00	1.03521418779638e+03	1.19044000821836e-01	1.23236038622808e+02	1.46653220000000e-02	1
3	6	19	22	1.75333538561189e-02	1.23192449000000e-01	0.00000000000000e+00	0.00000000000000e+00	-1.48367557655485e+03	-8.08304492753448e-02	1.19926163431785e+02	-9.95770100000000e-03	1
3	6	22	25	1.75323571776688e-02	1.23192449000000e-01	0.00000000000000e+00	0.00000000000000e+00	-2.38038199311954e+03	-5.19329151415766e-02	1.23620176053214e+02	-6.39774300000000e-03	1
3	7	23	27	1.75339967488496e-02	1.38750427000000e-01	0.00000000000000e+00	0.00000000000000e+00	-1.47345743340733e+03	-7.98518551586151e-02	1.17658309554827e+02	-1.10794790000000e-02	1
3	7	27	31	1.75314475189432e-02	1.38750427000000e-01	0.00000000000000e+00	0.00000000000000e+00	-2.76650353682137e+03	-4.59771846323759e-02	1.27196043898557e+02	-6.37935400000000e-03	1
3	7	31	24	1.75325619975189e-02	1.38750427000000e-01	0.00000000000000e+00	0.00000000000000e+00	1.19553834027001e+03	1.02750854957729e-01	1.22842586597488e+02	1.42567250000000e-02	1
3	7	24	28	1.75342421389053e-02	1.38750427000000e-01	0.00000000000000e+00	0.00000000000000e+00	-1.72037567503364e+03	-6.79009441895267e-02	1.16815132695478e+02	-9.42128500000000e-03	1
3	7	28	32	1.75285690835128e-02	1.38750427000000e-01	0.00000000000000e+00	0.00000000000000e+00	-3.08325969255324e+03	-4.54102170078367e-02	1.40011491730359e+02	-6.30068700000000e-03	1
3	7	32	25	1.75305724112952e-02	1.38750427000000e-01	0.00000000000000e+00	0.00000000000000e+00	1.39673749167980e+03	9.36732324434576e-02	1.30836915720614e+02	1.29972010000000e-02	1
3	7	25	29	1.75320904895043e-02	1.38750427000000e-01	0.00000000000000e+00	0.00000000000000e+00	-2.06085816781001e+03	-6.04833093594732e-02	1.24647522109650e+02	-8.39208500000000e-03	1
3	7	29	26	1.75316715452814e-02	1.38750427000000e-01	0.00000000000000e+00	0.00000000000000e+00	3.07556531129396e+03	4.10644285801009e-02	1.26296332069066e+02	5.69770700000000e-03	1
3	7	26	30	1.75311582074682e-02	1.38750427000000e-01	0.00000000000000e+00	0.00000000000000e+00	-2.44493334018999e+03	-5.25073987700232e-02	1.28377089859480e+02	-7.28542400000000e-03	1
3	8	29	34	1.75268845972641e-02	1.32787425000000e-01	0.00000000000000e+00	0.00000000000000e+00	-2.14292085294728e+03	-6.94305051852613e-02	1.48784077392161e+02	-9.21949800000000e-03	1
3	8	34	39	1.75201223764134e-02	1.32787425000000e-01	0.00000000000000e+00	0.00000000000000e+00	-3.48290599115590e+03	-5.70740866463824e-02	1.98783678320436e+02	-7.57872100000000e-03	1
3	8	39	30	1.75228562613280e-02	1.32787425000000e-01	0.00000000000000e+00	0.00000000000000e+00	1.56300004562888e+03	1.11968486473776e-01	1.75006749467508e+02	1.48680070000000e-02	1
3	8	30	35	1.75258703624202e-02	1.32787425000000e-01	0.00000000000000e+00	0.00000000000000e+00	-2.35945429452286e+03	-6.55308663452130e-02	1.54617084022016e+02	-8.70167500000000e-03	1
3	8	35	31	1.75247198601949e-02	1.32787425000000e-01	0.00000000000000e+00	0.00000000000000e+00	3.13897712771544e+03	5.15496629293022e-02	1.61813212876520e+02	6.84514700000000e-03	1
3	8	31	36	1.75233003227204e-02	1.32787425000000e-01	0.00000000000000e+00	0.00000000000000e+00	-2.61278279135809e+03	-6.57044445285387e-02	1.71671441979908e+02	-8.72472400000000e-03	1
3	8	36	32	1.75220122666292e-02	1.32787425000000e-01	0.00000000000000e+00	0.00000000000000e+00	3.45630318416802e+03	5.25754980187318e-02	1.81716861211362e+02	6.98136500000000e-03	1
3	8	32	37	1.75213535013995e-02	1.32787425000000e-01	0.00000000000000e+00	0.00000000000000e+00	-2.89115931280514e+03	-6.47916246587356e-02	1.87322909023878e+02	-8.60351300000000e-03	1
3	8	37	33	1.75206794532056e-02	1.32787425000000e-01	0.00000000000000e+00	0.00000000000000e+00	3.76719711203349e+03	5.13455246232842e-02	1.93428712076681e+02	6.81804000000000e-03	1
3	8	33	38	1.75204124454121e-02	1.32787425000000e-01	0.00000000000000e+00	0.00000000000000e+00	-3.16478391040357e+03	-6.19185664606419e-02	1.95958882889893e+02	-8.22200700000000e-03	1
3	9	35	41	1.75201373210532e-02	1.55040716000000e-01	0.00000000000000e+00	0.00000000000000e+00	-2.66891025045644e+03	-7.44259398286061e-02	1.98636153708421e+02	-1.15390510000000e-02	1
3	9	41	36	1.75200934715373e-02	1.55040716000000e-01	0.00000000000000e+00	0.00000000000000e+00	3.41539784674877e+03	5.82859279365041e-02	1.99069632770090e+02	9.03669200000000e-03	1
3	9	36	42	1.75204833141254e-02	1.55040716000000e-01	0.00000000000000e+00	0.00000000000000e+00	-2.97012310423814e+03	-6.57484192732959e-02	1.95280899150752e+02	-1.01936820000000e-02	1
3	9	42	37	1.75203892344490e-02	1.55040716000000e-01	0.00000000000000e+00	0.00000000000000e+00	3.77848541762923e+03	5.19207935030434e-02	1.96181961122988e+02	8.04983700000000e-03	1
3	9	37	43	1.75199881084176e-02	1.55040716000000e-01	0.00000000000000e+00	0.00000000000000e+00	-3.27979976997206e+03	-6.10156108928186e-02	2.00118986570972e+02	-9.45990400000000e-03	1
3	9	43	38	1.75199219757210e-02	1.55040716000000e-01	0.00000000000000e+00	0.00000000000000e+00	4.15503413521478e+03	4.83228999019845e-02	2.00783298605312e+02	7.49201700000000e-03	1
3	9	38	44	1.75191104868044e-02	1.55040716000000e-01	0.00000000000000e+00	0.00000000000000e+00	-3.59998146472036e+03	-5.81417335559776e-02	2.09309163128229e+02	-9.01433600000000e-03	1
3	9	44	39	1.75189104765422e-02	1.55040716000000e-01	0.00000000000000e+00	0.00000000000000e+00	4.52419983332850e+03	4.67536734027983e-02	2.11522961416435e+02	7.24872300000000e-03	1
3	9	39	45	1.75184084726749e-02	1.55040716000000e-01	0.00000000000000e+00	0.00000000000000e+00	-3.91396349291765e+03	-5.55169327262395e-02	2.17291247929266e+02	-8.60738500000000e-03	1
3	9	45	40	1.75175907403960e-02	1.55040716000000e-01	0.00000000000000e+00	0.00000000000000e+00	4.90910339075390e+03	4.63205484680553e-02	2.27392361546111e+02	7.18157100000000e-03	1
3	9	40	46	1.75170711213678e-02	1.55040716000000e-01	0.00000000000000e+00	0.00000000000000e+00	-4.24360037832896e+03	-5.52158118258432e-02	2.34313839953889e+02	-8.56069900000000e-03	1
3	10	41	48	1.75166105234731e-02	1.61645889000000e-01	0.00000000000000e+00	0.00000000000000e+00	-3.33947386425249e+03	-7.21105193092786e-02	2.40811194571010e+02	-1.16563690000000e-02	1
3	10	48	42	1.75158681324070e-02	1.61645889000000e-01	0.00000000000000e+00	0.00000000000000e+00	4.07422563841691e+03	6.18712796339658e-02	2.52077553766365e+02	1.00012380000000e-02	1
3	10	42	49	1.75166808173880e-02	1.61645889000000e-01	0.00000000000000e+00	0.00000000000000e+00	-3.58866157935147e+03	-6.68205672709685e-02	2.39796402475795e+02	-1.08012700000000e-02	1
3	10	49	43	1.75163675529715e-02	1.61645889000000e-01	0.00000000000000e+00	0.00000000000000e+00	4.36253351755812e+03	5.60192718541701e-02	2.44385951093017e+02	9.05528500000000e-03	1
3	10	43	50	1.75163654376621e-02	1.61645889000000e-01	0.00000000000000e+00	0.00000000000000e+00	-3.84102723724637e+03	-6.36333782667371e-02	2.44417539120539e+02	-1.02860740000000e-02	1
3	10	50	44	1.75165224950342e-02	1.61645889000000e-01	0.00000000000000e+00	0.00000000000000e+00	4.65482855999350e+03	5.20092595735608e-02	2.42094186847126e+02	8.40708300000000e-03	1
3	10	44	51	1.75166845639432e-02	1.61645889000000e-01	0.00000000000000e+00	0.00000000000000e+00	-4.10811815317714e+03	-5.83582425656368e-02	2.39742555671407e+02	-9.43337000000000e-03	1
3	10	51	45	1.75167587957013e-02	1.61645889000000e-01	0.00000000000000e+00	0.00000000000000e+00	4.97001296079906e+03	4.80241474003709e-02	2.38680635011168e+02	7.76290600000000e-03	1
3	10	45	52	1.75168314398853e-02	1.61645889000000e-01	0.00000000000000e+00	0.00000000000000e+00	-4.39985235876849e+03	-5.40132882686549e-02	2.37650493793684e+02	-8.73102600000000e-03	1
3	10	52	46	1.75172729154717e-02	1.61645889000000e-01	0.00000000000000e+00	0.00000000000000e+00	5.31351931722584e+03	4.35824940775326e-02	2.31576424173850e+02	7.04493100000000e-03	1
3	10	46	53	1.75167834511122e-02	1.61645889000000e-01	0.00000000000000e+00	0.00000000000000e+00	-4.72886039188433e+03	-5.03990361301425e-02	2.38330005744978e+02	-8.14679700000000e-03	1
3	11	47	55	1.75164957948036e-02	1.15623967000000e-01	0.00000000000000e+00	0.00000000000000e+00	-3.81921356893734e+03	-6.34910926382590e-02	2.42486042510697e+02	-7.34109200000000e-03	1
3	11	55	48	1.75165010751675e-02	1.15623967000000e-01	0.00000000000000e+00	0.00000000000000e+00	4.51862859087647e+03	5.36464641452753e-02	2.42408446686271e+02	6.20281700000000e-03	1
3	11	48	56	1.75164029794780e-02	1.15623967000000e-01	0.00000000000000e+00	0.00000000000000e+00	-4.09705836787240e+03	-5.95202982440483e-02	2.43858135979039e+02	-6.88197300000000e-03	1
3	11	56	49	1.75156158569577e-02	1.15623967000000e-01	0.00000000000000e+00	0.00000000000000e+00	4.90063501405691e+03	5.22687134579979e-02	2.56149887311972e+02	6.04351600000000e-03	1
3	11	49	57	1.75155407307419e-02	1.15623967000000e-01	0.00000000000000e+00	0.00000000000000e+00	-4.43617099559105e+03	-5.80203410595660e-02	2.57388154162747e+02	-6.70854200000000e-03	1
3	11	57	50	1.75152940096470e-02	1.15623967000000e-01	0.00000000000000e+00	0.00000000000000e+00	5.32034179826550e+03	4.91585537797713e-02	2.61540308416800e+02	5.68390700000000e-03	1
3	11	50	58	1.75152363924775e-02	1.15623967000000e-01	0.00000000000000e+00	0.00000000000000e+00	-4.81516937437069e+03	-5.45213087179408e-02	2.62529335989238e+02	-6.30397000000000e-03	1
3	11	58	51	1.75147095638650e-02	1.15623967000000e-01	0.00000000000000e+00	0.00000000000000e+00	5.77024537573875e+03	4.71265788692408e-02	2.71931923794624e+02	5.44896200000000e-03	1
3	11	51	59	1.75142800088390e-02	1.15623967000000e-01	0.00000000000000e+00	0.00000000000000e+00	-5.23717284962659e+03	-5.34853210839929e-02	2.80111871434648e+02	-6.18418500000000e-03	1
3	11	59	52	1.75137347660184e-02	1.15623967000000e-01	0.00000000000000e+00	0.00000000000000e+00	6.26461036016578e+03	4.64884066812895e-02	2.91231754123207e+02	5.37517400000000e-03	1
3	12	54	63	1.75135947243230e-02	1.60691742000000e-01	0.00000000000000e+00	0.00000000000000e+00	-4.89050025859945e+03	-6.01639442056705e-02	2.94231784696195e+02	-9.66784900000000e-03	1
3	12	63	55	1.75135014998538e-02	1.60691742000000e-01	0.00000000000000e+00	0.00000000000000e+00	5.68719180872699e+03	5.20930876460347e-02	2.96263381351826e+02	8.37092900000000e-03	1
3	12	55	64	1.75140016718692e-02	1.60691742000000e-01	0.00000000000000e+00	0.00000000000000e+00	-5.13770003845546e+03	-5.56046806686556e-02	2.85680170009656e+02	-8.93521300000000e-03	1
3	12	64	56	1.75137974781252e-02	1.60691742000000e-01	0.00000000000000e+00	0.00000000000000e+00	5.95705623066869e+03	4.86663278564744e-02	2.89908051581176e+02	7.82027700000000e-03	1
3	12	56	65	1.75140613630245e-02	1.60691742000000e-01	0.00000000000000e+00	0.00000000000000e+00	-5.47654739598991e+03	-5.19428434598711e-02	2.84467444090469e+02	-8.34678600000000e-03	1
3	12	65	57	1.75138724570198e-02	1.60691742000000e-01	0.00000000000000e+00	0.00000000000000e+00	6.34918649611830e+03	4.54138707389207e-02	2.88341134832018e+02	7.29763400000000e-03	1
3	12	57	66	1.75140520547419e-02	1.60691742000000e-01	0.00000000000000e+00	0.00000000000000e+00	-5.86417197714546e+03	-4.85415299063719e-02	2.84655879404714e+02	-7.80022300000000e-03	1
3	12	66	58	1.75138788117092e-02	1.60691742000000e-01	0.00000000000000e+00	0.00000000000000e+00	6.78510068789321e+03	4.24767627449082e-02	2.88209112119953e+02	6.82566500000000e-03	1
3	12	58	67	1.75139781670037e-02	1.60691742000000e-01	0.00000000000000e+00	0.00000000000000e+00	-6.28000112489635e+03	-4.55669588795671e-02	2.86160553021787e+02	-7.32223400000000e-03	1
4	5	7	8	1.75164881042578e-02	1.13392927000000e-01	0.00000000000000e+00	0.00000000000000e+00	-7.64991299909152e+01	-3.17126672283537e+00	2.42599145266046e+02	-3.59599216000000e-01	1
4	5	8	9	1.75196577062422e-02	1.13392927000000e-01	0.00000000000000e+00	0.00000000000000e+00	-1.97113034848180e+02	-1.03231397316342e+00	2.03482540166425e+02	-1.17057103000000e-01	1
4	5	9	10	1.75210435580718e-02	1.13392927000000e-01	0.00000000000000e+00	0.00000000000000e+00	-3.93473509600397e+02	-4.83086965380125e-01	1.90081923710323e+02	-5.47786450000000e-02	1
4	5	10	11	1.75233373956376e-02	1.13392927000000e-01	0.00000000000000e+00	0.00000000000000e+00	-6.62719432589854e+02	-2.58629402872721e-01	1.71398731122862e+02	-2.93267450000000e-02	1
4	5	11	12	1.75296911528628e-02	1.13392927000000e-01	0.00000000000000e+00	0.00000000000000e+00	-1.07288730779166e+03	-1.25567955398135e-01	1.34720265612009e+02	-1.42385180000000e-02	1
4	6	12	14	1.75282385678786e-02	1.17435374000000e-01	0.00000000000000e+00	0.00000000000000e+00	-4.05001054593911e+02	-3.49752775513790e-01	1.41650242930232e+02	-4.10733480000000e-02	1
4	6	14	16	1.75300419928279e-02	1.17435374000000e-01	0.00000000000000e+00	0.00000000000000e+00	-8.23155843037329e+02	-1.61751824454529e-01	1.33146959421694e+02	-1.89953860000000e-02	1
4	6	16	18	1.75340896325501e-02	1.17435374000000e-01	0.00000000000000e+00	0.00000000000000e+00	-1.46229786965327e+03	-8.02420146420277e-02	1.17337727067724e+02	-9.42325100000000e-03	1
4	6	18	13	1.75291377984395e-02	1.17435374000000e-01	0.00000000000000e+00	0.00000000000000e+00	3.46205763231663e+02	3.96523529613828e-01	1.37278731209268e+02	4.65658890000000e-02	1
4	6	13	15	1.75257999540357e-02	1.17435374000000e-01	0.00000000000000e+00	0.00000000000000e+00	-5.91849705566905e+02	-2.61956767813419e-01	1.55039035901630e+02	-3.07629910000000e-02	1
4	6	15	17	1.75364043402113e-02	1.17435374000000e-01	0.00000000000000e+00	0.00000000000000e+00	-1.11198579580360e+03	-9.88115216459395e-02	1.09877008532025e+02	-1.16039680000000e-02	1
4	6	17	19	1.75346623336634e-02	1.17435374000000e-01	0.00000000000000e+00	0.00000000000000e+00	-1.83800805701513e+03	-6.27848385785360e-02	1.15399039165744e+02	-7.37316100000000e-03	1
4	7	18	21	1.75350862431323e-02	1.31344823000000e-01	0.00000000000000e+00	0.00000000000000e+00	-9.57615206647186e+02	-1.19050737157718e-01	1.14004796264788e+02	-1.56366980000000e-02	1
4	7	21	24	1.75358847023896e-02	1.31344823000000e-01	0.00000000000000e+00	0.00000000000000e+00	-1.71529574887534e+03	-6.49847767505842e-02	1.11468111301890e+02	-8.53541400000000e-03	1
4	7	24	19	1.75354656294020e-02	1.31344823000000e-01	0.00000000000000e+00	0.00000000000000e+00	8.32213509221838e+02	1.35524420326791e-01	1.12785253425414e+02	1.78004310000000e-02	1
4	7	19	22	1.75363251512705e-02	1.31344823000000e-01	0.00000000000000e+00	0.00000000000000e+00	-1.18242263190792e+03	-9.31279034880575e-02	1.10116540746416e+02	-1.22318680000000e-02	1
4	7	22	25	1.75355266401263e-02	1.31344823000000e-01	0.00000000000000e+00	0.00000000000000e+00	-1.96115895461945e+03	-5.74107287045489e-02	1.12591564690154e+02	-7.54060200000000e-03	1
4	7	25	20	1.75366874474819e-02	1.31344823000000e-01	0.00000000000000e+00	0.00000000000000e+00	9.87530376559921e+02	1.10405836094507e-01	1.09029116892821e+02	1.45012350000000e-02	1
4	7	20	23	1.75356736213831e-02	1.31344823000000e-01	0.00000000000000e+00	0.00000000000000e+00	-1.44372746529309e+03	-7.76653983537669e-02	1.12127668706262e+02	-1.02009480000000e-02	1
4	7	23	26	1.75378230482760e-02	1.31344823000000e-01	0.00000000000000e+00	0.00000000000000e+00	-2.22422203855925e+03	-4.75472413556795e-02	1.05755622095998e+02	-6.24508400000000e-03	1
4	8	24	28	1.75383203449955e-02	1.25982567000000e-01	0.00000000000000e+00	0.00000000000000e+00	-1.44645035563067e+03	-7.21650718547432e-02	1.04383193848406e+02	-9.09154100000000e-03	1
4	8	28	32	1.75333265958624e-02	1.25982567000000e-01	0.00000000000000e+00	0.00000000000000e+00	-2.65979649487723e+03	-4.51253545262338e-02	1.20024259798969e+02	-5.68500800000000e-03	1
4	8	32	25	1.75348554703297e-02	1.25982567000000e-01	0.00000000000000e+00	0.00000000000000e+00	1.19115482629994e+03	9.63431472229011e-02	1.14759604795484e+02	1.21375570000000e-02	1
4	8	25	29	1.75365268167275e-02	1.25982567000000e-01	0.00000000000000e+00	0.00000000000000e+00	-1.74565270059289e+03	-6.27321715075071e-02	1.09508584606136e+02	-7.90316000000000e-03	1
4	8	29	33	1.75301547646407e-02	1.25982567000000e-01	0.00000000000000e+00	0.00000000000000e+00	-2.98477845308823e+03	-4.44418313844962e-02	1.32649020732224e+02	-5.59889600000000e-03	1
4	8	33	26	1.75330207522896e-02	1.25982567000000e-01	0.00000000000000e+00	0.00000000000000e+00	1.39427713699442e+03	8.68808221696260e-02	1.21135943994387e+02	1.09454690000000e-02	1
4	8	26	30	1.75354345279231e-02	1.25982567000000e-01	0.00000000000000e+00	0.00000000000000e+00	-2.08520359932044e+03	-5.41358392863990e-02	1.12884246932232e+02	-6.82017200000000e-03	1
4	8	30	27	1.75362620518807e-02	1.25982567000000e-01	0.00000000000000e+00	0.00000000000000e+00	3.01641957428261e+03	3.65692342179375e-02	1.10308153911512e+02	4.60708600000000e-03	1
4	8	27	31	1.75352182641462e-02	1.25982567000000e-01	0.00000000000000e+00	0.00000000000000e+00	-2.37370651084002e+03	-4.78481360044045e-02	1.13577431965214e+02	-6.02803100000000e-03	1
4	9	30	35	1.75271973335298e-02	1.45408468000000e-01	0.00000000000000e+00	0.00000000000000e+00	-2.07413843539912e+03	-7.09081124491319e-02	1.47073241412347e+02	-1.03106400000000e-02	1
4	9	35	40	1.75234323775312e-02	1.45408468000000e-01	0.00000000000000e+00	0.00000000000000e+00	-3.48793665723818e+03	-4.89412487311262e-02	1.70703975500306e+02	-7.11647200000000e-03	1
4	9	40	31	1.75245464828490e-02	1.45408468000000e-01	0.00000000000000e+00	0.00000000000000e+00	1.54294026374702e+03	1.05614027925801e-01	1.62956136103221e+02	1.53571740000000e-02	1
4	9	31	36	1.75260330578880e-02	1.45408468000000e-01	0.00000000000000e+00	0.00000000000000e+00	-2.30714829639850e+03	-6.65977101141042e-02	1.53650793433797e+02	-9.68387100000000e-03	1
4	9	36	32	1.75244764116836e-02	1.45408468000000e-01	0.00000000000000e+00	0.00000000000000e+00	3.05968570866959e+03	5.34115798537950e-02	1.63422647556121e+02	7.76649600000000e-03	1
4	9	32	37	1.75240928520227e-02	1.45408468000000e-01	0.00000000000000e+00	0.00000000000000e+00	-2.56345234675491e+03	-6.47659185846040e-02	1.66024345985441e+02	-9.41751300000000e-03	1
4	9	37	33	1.75235438151781e-02	1.45408468000000e-01	0.00000000000000e+00	0.00000000000000e+00	3.34764986371099e+03	5.07508269738458e-02	1.69895999002215e+02	7.37960000000000e-03	1
4	9	33	38	1.75231621221172e-02	1.45408468000000e-01	0.00000000000000e+00	0.00000000000000e+00	-2.81641409951575e+03	-6.13175980920176e-02	1.72695747814798e+02	-8.91609800000000e-03	1
4	9	38	34	1.75227669257113e-02	1.45408468000000e-01	0.00000000000000e+00	0.00000000000000e+00	3.67905919734333e+03	4.77549973224393e-02	1.75693462118226e+02	6.94398100000000e-03	1
4	9	34	39	1.75224667141179e-02	1.45408468000000e-01	0.00000000000000e+00	0.00000000000000e+00	-3.11007498111123e+03	-5.72465834658268e-02	1.78041166991163e+02	-8.32413800000000e-03	1
4	10	36	42	1.75219941837912e-02	1.51348714000000e-01	0.00000000000000e+00	0.00000000000000e+00	-2.66924084402041e+03	-6.81340774392044e-02	1.81866262370374e+02	-1.03120050000000e-02	1
4	10	42	37	1.75216187139900e-02	1.51348714000000e-01	0.00000000000000e+00	0.00000000000000e+00	3.40205959828838e+03	5.43861376978730e-02	1.85024881768882e+02	8.23127200000000e-03	1
4	10	37	43	1.75218367792946e-02	1.51348714000000e-01	0.00000000000000e+00	0.00000000000000e+00	-2.95635028616070e+03	-6.19605859353387e-02	1.83177195960623e+02	-9.37765500000000e-03	1
4	10	43	38	1.75217593439910e-02	1.51348714000000e-01	0.00000000000000e+00	0.00000000000000e+00	3.75173460288026e+03	4.89984209578418e-02	1.83829071394028e+02	7.41584800000000e-03	1
4	10	38	44	1.75208656435744e-02	1.51348714000000e-01	0.00000000000000e+00	0.00000000000000e+00	-3.25399559271271e+03	-5.89130146160343e-02	1.91702689913995e+02	-8.91640900000000e-03	1
4	10	44	39	1.75206217226735e-02	1.51348714000000e-01	0.00000000000000e+00	0.00000000000000e+00	4.09581551864633e+03	4.73581427325507e-02	1.93970215938249e+02	7.16759400000000e-03	1
4	10	39	45	1.75200692364680e-02	1.51348714000000e-01	0.00000000000000e+00	0.00000000000000e+00	-3.54693490580659e+03	-5.61921854188996e-02	1.99310023895851e+02	-8.50461500000000e-03	1
4	10	45	40	1.75191660533024e-02	1.51348714000000e-01	0.00000000000000e+00	0.00000000000000e+00	4.45529747046630e+03	4.68436355527937e-02	2.08702330985807e+02	7.08972400000000e-03	1
4	10	40	46	1.75186141489551e-02	1.51348714000000e-01	0.00000000000000e+00	0.00000000000000e+00	-3.85500725922000e+03	-5.57431627730910e-02	2.14890297142148e+02	-8.43665600000000e-03	1
4	10	46	41	1.75180693322100e-02	1.51348714000000e-01	0.00000000000000e+00	0.00000000000000e+00	4.84784673671347e+03	4.56634801667360e-02	2.21369553313292e+02	6.91110900000000e-03	1
4	10	41	47	1.75178648729353e-02	1.51348714000000e-01	0.00000000000000e+00	0.00000000000000e+00	-4.19981974877200e+03	-5.33125441686938e-02	2.23903075856960e+02	-8.06878500000000e-03	1
4	11	42	49	1.75179301854119e-02	1.11142970000000e-01	0.00000000000000e+00	0.00000000000000e+00	-3.24731096821856e+03	-6.86991448941845e-02	2.23087486722122e+02	-7.63542700000000e-03	1
4	11	49	43	1.75175782087411e-02	1.11142970000000e-01	0.00000000000000e+00	0.00000000000000e+00	3.95285654749549e+03	5.75670957866251e-02	2.27554471500461e+02	6.39817800000000e-03	1
4	11	43	50	1.75176602346546e-02	1.11142970000000e-01	0.00000000000000e+00	0.00000000000000e+00	-3.48340274913129e+03	-6.50219262630826e-02	2.26497556698634e+02	-7.22673000000000e-03	1
4	11	50	44	1.75178101849074e-02	1.11142970000000e-01	0.00000000000000e+00	0.00000000000000e+00	4.22675816644341e+03	5.31354254794523e-02	2.24590593572720e+02	5.90562900000000e-03	1
4	11	44	51	1.75179794038735e-02	1.11142970000000e-01	0.00000000000000e+00	0.00000000000000e+00	-3.73340687790813e+03	-5.95908225234578e-02	2.22476786669280e+02	-6.62310100000000e-03	1
4	11	51	45	1.75180533586727e-02	1.11142970000000e-01	0.00000000000000e+00	0.00000000000000e+00	4.52208000005546e+03	4.89963512761986e-02	2.21565420181789e+02	5.44560000000000e-03	1
4	11	45	52	1.75181326074918e-02	1.11142970000000e-01	0.00000000000000e+00	0.00000000000000e+00	-4.00637171519342e+03	-5.50615571997041e-02	2.20597065359399e+02	-6.11970500000000e-03	1
4	11	52	46	1.75186135575344e-02	1.11142970000000e-01	0.00000000000000e+00	0.00000000000000e+00	4.84378460887219e+03	4.43655410684095e-02	2.14897124991449e+02	4.93091800000000e-03	1
4	11	46	53	1.75180734292611e-02	1.11142970000000e-01	0.00000000000000e+00	0.00000000000000e+00	-4.31381931109710e+03	-5.13047383923608e-02	2.21319371227751e+02	-5.70216100000000e-03	1
4	11	53	47	1.75182610500188e-02	1.11142970000000e-01	0.00000000000000e+00	0.00000000000000e+00	5.19293284717279e+03	4.21814533118919e-02	2.19045454444809e+02	4.68817200000000e-03	1
4	11	47	54	1.75176311343306e-02	1.11142970000000e-01	0.00000000000000e+00	0.00000000000000e+00	-4.62837928088455e+03	-4.90174592239167e-02	2.26871392673580e+02	-5.44794600000000e-03	1
4	12	48	56	1.75174276315611e-02	1.51001007000000e-01	0.00000000000000e+00	0.00000000000000e+00	-3.76121846410272e+03	-6.10229307940973e-02	2.29520574036421e+02	-9.21452400000000e-03	1
4	12	56	49	1.75165577601219e-02	1.51001007000000e-01	0.00000000000000e+00	0.00000000000000e+00	4.50359958807466e+03	5.36412184324042e-02	2.41578569235999e+02	8.09987800000000e-03	1
4	12	49	57	1.75167499517570e-02	1.51001007000000e-01	0.00000000000000e+00	0.00000000000000e+00	-4.07920639395634e+03	-5.85424307799484e-02	2.38806657955312e+02	-8.83996600000000e-03	1
4	12	57	50	1.75164843965749e-02	1.51001007000000e-01	0.00000000000000e+00	0.00000000000000e+00	4.89712230596980e+03	4.95502655820037e-02	2.42653710848358e+02	7.48214000000000e-03	1
4	12	50	58	1.75164209106980e-02	1.51001007000000e-01	0.00000000000000e+00	0.00000000000000e+00	-4.43464570910670e+03	-5.49292694452031e-02	2.43591849049536e+02	-8.29437500000000e-03	1
4	12	58	51	1.75158434841094e-02	1.51001007000000e-01	0.00000000000000e+00	0.00000000000000e+00	5.31925522499745e+03	4.74633589695200e-02	2.52469720194549e+02	7.16701500000000e-03	1
4	12	51	59	1.75153707329939e-02	1.51001007000000e-01	0.00000000000000e+00	0.00000000000000e+00	-4.83035857276181e+03	-5.38748460134441e-02	2.60234824297262e+02	-8.13515600000000e-03	1
4	12	59	52	1.75147745080577e-02	1.51001007000000e-01	0.00000000000000e+00	0.00000000000000e+00	5.78309934648368e+03	4.68151381268603e-02	2.70736594706989e+02	7.06913300000000e-03	1
4	12	52	60	1.75142998370509e-02	1.51001007000000e-01	0.00000000000000e+00	0.00000000000000e+00	-5.23146773628342e+03	-5.34694050086699e-02	2.79723467181128e+02	-8.07393400000000e-03	1
4	12	60	53	1.75141531019245e-02	1.51001007000000e-01	0.00000000000000e+00	0.00000000000000e+00	6.21918080941106e+03	4.54438558810406e-02	2.82623556401010e+02	6.86206800000000e-03	1
4	12	53	61	1.75139540627465e-02	1.51001007000000e-01	0.00000000000000e+00	0.00000000000000e+00	-5.58266032410513e+03	-5.13473595576750e-02	2.86654866950192e+02	-7.75350300000000e-03	1
4	13	54	63	1.75140908801385e-02	1.42811406000000e-01	0.00000000000000e+00	0.00000000000000e+00	-4.57004482704336e+03	-6.21157038395099e-02	2.83871551009910e+02	-8.87083100000000e-03	1
4	13	63	55	1.75139538057778e-02	1.42811406000000e-01	0.00000000000000e+00	0.00000000000000e+00	5.31848390797969e+03	5.38988461467847e-02	2.86660145890347e+02	7.69737000000000e-03	1
4	13	55	64	1.75147476701702e-02	1.42811406000000e-01	0.00000000000000e+00	0.00000000000000e+00	-4.80705575874317e+03	-5.64231613264840e-02	2.71229282580970e+02	-8.05787100000000e-03	1
4	13	64	56	1.75145228322945e-02	1.42811406000000e-01	0.00000000000000e+00	0.00000000000000e+00	5.57763333625623e+03	4.93808666795144e-02	2.75428368164884e+02	7.05215100000000e-03	1
4	13	56	65	1.75148054356093e-02	1.42811406000000e-01	0.00000000000000e+00	0.00000000000000e+00	-5.12979702424368e+03	-5.26670047629109e-02	2.70171044308608e+02	-7.52144900000000e-03	1
4	13	65	57	1.75146041493668e-02	1.42811406000000e-01	0.00000000000000e+00	0.00000000000000e+00	5.95121152759246e+03	4.60233617474503e-02	2.73894760969984e+02	6.57266100000000e-03	1
4	13	57	66	1.75147840056995e-02	1.42811406000000e-01	0.00000000000000e+00	0.00000000000000e+00	-5.49861134964940e+03	-4.92056355778753e-02	2.70562666255218e+02	-7.02712600000000e-03	1
4	13	66	58	1.75146120718294e-02	1.42811406000000e-01	0.00000000000000e+00	0.00000000000000e+00	6.36617699500292e+03	4.30001018266006e-02	2.73746259031288e+02	6.14090500000000e-03	1
4	13	58	67	1.75147099635388e-02	1.42811406000000e-01	0.00000000000000e+00	0.00000000000000e+00	-5.89427966848289e+03	-4.61336330516906e-02	2.71924535329830e+02	-6.58840900000000e-03	1
4	13	67	59	1.75152192070805e-02	1.42811406000000e-01	0.00000000000000e+00	0.00000000000000e+00	6.77838110978249e+03	3.87741228456220e-02	2.62825781845150e+02	5.53738700000000e-03	1
4	13	59	68	1.75150192174397e-02	1.42811406000000e-01	0.00000000000000e+00	0.00000000000000e+00	-6.27386676733545e+03	-4.24499706977186e-02	2.66325460434781e+02	-6.06234000000000e-03	1
5	6	8	9	1.75179028584115e-02	9.15673090000000e-02	0.00000000000000e+00	0.00000000000000e+00	-7.88519249923146e+01	-2.83351368336051e+00	2.23428008425040e+02	-2.59457223000000e-01	1
5	6	9	10	1.75204930622795e-02	9.15673090000000e-02	0.00000000000000e+00	0.00000000000000e+00	-1.95488101633028e+02	-9.98464899738399e-01	1.95188007797071e+02	-9.14267440000000e-02	1
5	6	10	11	1.75237394096162e-02	9.15673090000000e-02	0.00000000000000e+00	0.00000000000000e+00	-3.76626991880580e+02	-4.47382132852676e-01	1.68496186917421e+02	-4.09655780000000e-02	1
5	6	11	12	1.75276740983213e-02	9.15673090000000e-02	0.00000000000000e+00	0.00000000000000e+00	-6.67308405318410e+02	-2.16600730289016e-01	1.44539487919966e+02	-1.98335460000000e-02	1
5	6	12	13	1.75301996579413e-02	9.15673090000000e-02	0.00000000000000e+00	0.00000000000000e+00	-1.12390291525844e+03	-1.17849886797481e-01	1.32451831334566e+02	-1.07911970000000e-02	1
5	7	13	15	1.75249002799041e-02	1.50645309000000e-01	0.00000000000000e+00	0.00000000000000e+00	-4.00623607925155e+02	-4.00976780498356e-01	1.60640764497464e+02	-6.04052710000000e-02	1
5	7	15	17	1.75356419937187e-02	1.50645309000000e-01	0.00000000000000e+00	0.00000000000000e+00	-8.07586115431289e+02	-1.38966192435504e-01	1.12227167525266e+02	-2.09346050000000e-02	1
5	7	17	19	1.75345681187862e-02	1.50645309000000e-01	0.00000000000000e+00	0.00000000000000e+00	-1.39841871568898e+03	-8.27460017357726e-02	1.15713557475737e+02	-1.24652970000000e-02	1
5	7	19	14	1.75303734294014e-02	1.50645309000000e-01	0.00000000000000e+00	0.00000000000000e+00	3.37680560383998e+02	3.89995954006108e-01	1.31694052296275e+02	5.87510610000000e-02	1
5	7	14	16	1.75281757028506e-02	1.50645309000000e-01	0.00000000000000e+00	0.00000000000000e+00	-5.79612758346693e+02	-2.44932996884755e-01	1.41966289934495e+02	-3.68980070000000e-02	1
5	7	16	18	1.75334668542199e-02	1.50645309000000e-01	0.00000000000000e+00	0.00000000000000e+00	-1.08924604820403e+03	-1.09728415107835e-01	1.19521242531900e+02	-1.65300710000000e-02	1
5	7	18	20	1.75356208524816e-02	1.50645309000000e-01	0.00000000000000e+00	0.00000000000000e+00	-1.74613507964425e+03	-6.43099016113406e-02	1.12293775172032e+02	-9.68798500000000e-03	1
5	8	19	22	1.75390534902536e-02	1.43342606000000e-01	0.00000000000000e+00	0.00000000000000e+00	-9.34415925917014e+02	-1.09612455350505e-01	1.02423623958379e+02	-1.57121350000000e-02	1
5	8	22	25	1.75396904084879e-02	1.43342606000000e-01	0.00000000000000e+00	0.00000000000000e+00	-1.60985671021770e+03	-6.26018547479177e-02	1.00780015938009e+02	-8.97351300000000e-03	1
5	8	25	20	1.75402531508133e-02	1.43342606000000e-01	0.00000000000000e+00	0.00000000000000e+00	7.98917783519027e+02	1.24382139389876e-01	9.93711031107140e+01	1.78292600000000e-02	1
5	8	20	23	1.75391006609514e-02	1.43342606000000e-01	0.00000000000000e+00	0.00000000000000e+00	-1.15720620505298e+03	-8.84026205020997e-02	1.02300060987973e+02	-1.26718620000000e-02	1
5	8	23	26	1.75417307058049e-02	1.43342606000000e-01	0.00000000000000e+00	0.00000000000000e+00	-1.84381488902593e+03	-5.19860647712795e-02	9.58526802471513e+01	-7.45181800000000e-03	1
5	8	26	21	1.75398211698980e-02	1.43342606000000e-01	0.00000000000000e+00	0.00000000000000e+00	9.44566793782886e+02	1.06344076094166e-01	1.00449082994069e+02	1.52436370000000e-02	1
5	8	21	24	1.75389341281387e-02	1.43342606000000e-01	0.00000000000000e+00	0.00000000000000e+00	-1.39216989534848e+03	-7.37967607481617e-02	1.02737628687825e+02	-1.05782200000000e-02	1
5	8	24	27	1.75400815239180e-02	1.43342606000000e-01	0.00000000000000e+00	0.00000000000000e+00	-2.17279483363685e+03	-4.59300635290529e-02	9.97966047445385e+01	-6.58373500000000e-03	1
5	9	25	29	1.75399138688535e-02	1.68614014000000e-01	0.00000000000000e+00	0.00000000000000e+00	-1.48648860402677e+03	-6.74178007529077e-02	1.00215792527745e+02	-1.13675860000000e-02	1
5	9	29	33	1.75335557587097e-02	1.68614014000000e-01	0.00000000000000e+00	0.00000000000000e+00	-2.60670637161084e+03	-4.57299593140580e-02	1.19204576317459e+02	-7.71071200000000e-03	1
5	9	33	26	1.75363834943196e-02	1.68614014000000e-01	0.00000000000000e+00	0.00000000000000e+00	1.20441584297534e+03	9.12807342336326e-02	1.09939962469408e+02	1.53912110000000e-02	1
5	9	26	30	1.75387556327078e-02	1.68614014000000e-01	0.00000000000000e+00	0.00000000000000e+00	-1.78904493478428e+03	-5.76904479600373e-02	1.03210803708341e+02	-9.72741800000000e-03	1
5	9	30	34	1.75305788753169e-02	1.68614014000000e-01	0.00000000000000e+00	0.00000000000000e+00	-2.92453053569293e+03	-4.47282928689427e-02	1.30809258304639e+02	-7.54181700000000e-03	1
5	9	34	27	1.75346973253958e-02	1.68614014000000e-01	0.00000000000000e+00	0.00000000000000e+00	1.37591519658716e+03	8.37861673822675e-02	1.15282660965057e+02	1.41275220000000e-02	1
5	9	27	31	1.75385458405107e-02	1.68614014000000e-01	0.00000000000000e+00	0.00000000000000e+00	-2.05002462620839e+03	-5.06201459624821e-02	1.03772545805351e+02	-8.53526600000000e-03	1
5	9	31	28	1.75367884465790e-02	1.68614014000000e-01	0.00000000000000e+00	0.00000000000000e+00	2.92358081794461e+03	3.71906216525988e-02	1.08729788070974e+02	6.27086000000000e-03	1
5	9	28	32	1.75362564757633e-02	1.68614014000000e-01	0.00000000000000e+00	0.00000000000000e+00	-2.31063388233464e+03	-4.77466896672064e-02	1.10325118914365e+02	-8.05076100000000e-03	1
5	10	31	36	1.75277548509333e-02	1.76487249000000e-01	0.00000000000000e+00	0.00000000000000e+00	-2.03276501087310e+03	-7.08979887833143e-02	1.44118950939995e+02	-1.25125910000000e-02	1
5	10	36	41	1.75239335704377e-02	1.76487249000000e-01	0.00000000000000e+00	0.00000000000000e+00	-3.49957856552663e+03	-4.77569685501755e-02	1.67129263492724e+02	-8.42849600000000e-03	1
5	10	41	32	1.75250013536762e-02	1.76487249000000e-01	0.00000000000000e+00	0.00000000000000e+00	1.52516774215949e+03	1.04900813542626e-01	1.59991336941500e+02	1.85136560000000e-02	1
5	10	32	37	1.75260121492053e-02	1.76487249000000e-01	0.00000000000000e+00	0.00000000000000e+00	-2.26877145283132e+03	-6.77786642818598e-02	1.53774298633721e+02	-1.19620700000000e-02	1
5	10	37	33	1.75254018555492e-02	1.76487249000000e-01	0.00000000000000e+00	0.00000000000000e+00	2.97010536859379e+03	5.30179208584072e-02	1.57468811373236e+02	9.35698700000000e-03	1
5	10	33	38	1.75249871398342e-02	1.76487249000000e-01	0.00000000000000e+00	0.00000000000000e+00	-2.50271182411310e+03	-6.39635558033997e-02	1.60082347421487e+02	-1.12887520000000e-02	1
5	10	38	34	1.75246662808794e-02	1.76487249000000e-01	0.00000000000000e+00	0.00000000000000e+00	3.27671195705047e+03	4.94900682598322e-02	1.62164698422236e+02	8.73436600000000e-03	1
5	10	34	39	1.75243249123727e-02	1.76487249000000e-01	0.00000000000000e+00	0.00000000000000e+00	-2.77392971342513e+03	-5.92806905840546e-02	1.64440469043471e+02	-1.04622860000000e-02	1
5	10	39	35	1.75234018454104e-02	1.76487249000000e-01	0.00000000000000e+00	0.00000000000000e+00	3.70359684619647e+03	4.61515381204678e-02	1.70926691030081e+02	8.14515800000000e-03	1
5	10	35	40	1.75237135129809e-02	1.76487249000000e-01	0.00000000000000e+00	0.00000000000000e+00	-3.12216576255369e+03	-5.40266622887867e-02	1.68680195263100e+02	-9.53501700000000e-03	1
5	11	37	43	1.75233934084556e-02	1.24704722000000e-01	0.00000000000000e+00	0.00000000000000e+00	-2.63598609469784e+03	-6.48669342288418e-02	1.70988336632907e+02	-8.08921300000000e-03	1
5	11	43	38	1.75232999832984e-02	1.24704722000000e-01	0.00000000000000e+00	0.00000000000000e+00	3.35162390379845e+03	5.12211237678714e-02	1.71673942799817e+02	6.38751600000000e-03	1
5	11	38	44	1.75222884927211e-02	1.24704722000000e-01	0.00000000000000e+00	0.00000000000000e+00	-2.91034700279425e+03	-6.16644011282909e-02	1.79464805002823e+02	-7.68984200000000e-03	1
5	11	44	39	1.75220271440922e-02	1.24704722000000e-01	0.00000000000000e+00	0.00000000000000e+00	3.66967261434000e+03	4.94851028977074e-02	1.81594126921514e+02	6.17102600000000e-03	1
5	11	39	45	1.75214244462213e-02	1.24704722000000e-01	0.00000000000000e+00	0.00000000000000e+00	-3.18141646513038e+03	-5.86853719941736e-02	1.86702608724565e+02	-7.31834300000000e-03	1
5	11	45	40	1.75204560619766e-02	1.24704722000000e-01	0.00000000000000e+00	0.00000000000000e+00	4.00269615125389e+03	4.88523361609354e-02	1.95541057931138e+02	6.09211700000000e-03	1
5	11	40	46	1.75198278574663e-02	1.24704722000000e-01	0.00000000000000e+00	0.00000000000000e+00	-3.46702536614560e+03	-5.81871631131979e-02	2.01736370497509e+02	-7.25621400000000e-03	1
5	11	46	41	1.75192308436709e-02	1.24704722000000e-01	0.00000000000000e+00	0.00000000000000e+00	4.36669778378383e+03	4.76330639668961e-02	2.07999194859079e+02	5.94006800000000e-03	1
5	11	41	47	1.75190181898568e-02	1.24704722000000e-01	0.00000000000000e+00	0.00000000000000e+00	-3.78670143314582e+03	-5.55430531331444e-02	2.10324958900572e+02	-6.92648100000000e-03	1
5	11	47	42	1.75180933652936e-02	1.24704722000000e-01	0.00000000000000e+00	0.00000000000000e+00	4.76116516735999e+03	4.64330693107194e-02	2.21075512215810e+02	5.79042300000000e-03	1
5	11	42	48	1.75180473507007e-02	1.24704722000000e-01	0.00000000000000e+00	0.00000000000000e+00	-4.11489421040636e+03	-5.38626676863126e-02	2.21639179419449e+02	-6.71692900000000e-03	1
5	12	43	50	1.75187101189716e-02	1.75483810000000e-01	0.00000000000000e+00	0.00000000000000e+00	-3.16582043470240e+03	-6.75300644543790e-02	2.13788058006443e+02	-1.18504330000000e-02	1
5	12	50	44	1.75188263635231e-02	1.75483810000000e-01	0.00000000000000e+00	0.00000000000000e+00	3.84654784453352e+03	5.52360243375158e-02	2.12468010356072e+02	9.69302800000000e-03	1
5	12	44	51	1.75191993142177e-02	1.75483810000000e-01	0.00000000000000e+00	0.00000000000000e+00	-3.40051847458098e+03	-6.12673556609011e-02	2.08340774813618e+02	-1.07514290000000e-02	1
5	12	51	45	1.75192657515676e-02	1.75483810000000e-01	0.00000000000000e+00	0.00000000000000e+00	4.12408344544674e+03	5.03438693290281e-02	2.07622318079579e+02	8.83453400000000e-03	1
5	12	45	52	1.75193380724566e-02	1.75483810000000e-01	0.00000000000000e+00	0.00000000000000e+00	-3.65669413357670e+03	-5.65663521894128e-02	2.06845848208859e+02	-9.92647900000000e-03	1
5	12	52	46	1.75198591830528e-02	1.75483810000000e-01	0.00000000000000e+00	0.00000000000000e+00	4.42629330153474e+03	4.55049272066751e-02	2.01418154481732e+02	7.98537800000000e-03	1
5	12	46	53	1.75192870386040e-02	1.75483810000000e-01	0.00000000000000e+00	0.00000000000000e+00	-3.94488402213404e+03	-5.25726903239678e-02	2.07393166059621e+02	-9.22565600000000e-03	1
5	12	53	47	1.75194906598500e-02	1.75483810000000e-01	0.00000000000000e+00	0.00000000000000e+00	4.75405423386695e+03	4.31687344832552e-02	2.05226504940797e+02	7.57541400000000e-03	1
5	12	47	54	1.75188147091742e-02	1.75483810000000e-01	0.00000000000000e+00	0.00000000000000e+00	-4.24015003221075e+03	-5.01396453610165e-02	2.12599618892550e+02	-8.79869600000000e-03	1
5	12	54	48	1.75189072296164e-02	1.75483810000000e-01	0.00000000000000e+00	0.00000000000000e+00	5.11982799797207e+03	4.13215612312042e-02	2.11559286111436e+02	7.25126500000000e-03	1
5	12	48	55	1.75184281000072e-02	1.75483810000000e-01	0.00000000000000e+00	0.00000000000000e+00	-4.56077160476845e+03	-4.75927836305811e-02	2.17059816174243e+02	-8.35176300000000e-03	1
5	13	49	57	1.75173204924455e-02	1.64641688000000e-01	0.00000000000000e+00	0.00000000000000e+00	-3.78664731168661e+03	-6.09880712593277e-02	2.30940316079085e+02	-1.00411790000000e-02	1
5	13	57	50	1.75170181135235e-02	1.64641688000000e-01	0.00000000000000e+00	0.00000000000000e+00	4.55057854105005e+03	5.16513837005850e-02	2.35043678283425e+02	8.50397100000000e-03	1
5	13	50	58	1.75171324900915e-02	1.64641688000000e-01	0.00000000000000e+00	0.00000000000000e+00	-4.12320474626418e+03	-5.66245287766972e-02	2.33474525807050e+02	-9.32275800000000e-03	1
5	13	58	51	1.75165140482624e-02	1.64641688000000e-01	0.00000000000000e+00	0.00000000000000e+00	4.95047843058101e+03	4.89282034086045e-02	2.42218015621377e+02	8.05562200000000e-03	1
5	13	51	59	1.75160211982259e-02	1.64641688000000e-01	0.00000000000000e+00	0.00000000000000e+00	-4.49785514710575e+03	-5.55085052334983e-02	2.49669215972637e+02	-9.13901400000000e-03	1
5	13	59	52	1.75153931296384e-02	1.64641688000000e-01	0.00000000000000e+00	0.00000000000000e+00	5.38990206859862e+03	4.82116716393238e-02	2.59856188699389e+02	7.93765100000000e-03	1
5	13	52	60	1.75148902296654e-02	1.64641688000000e-01	0.00000000000000e+00	0.00000000000000e+00	-4.87832374909169e+03	-5.50665637004402e-02	2.68632525480728e+02	-9.06625200000000e-03	1
5	13	60	53	1.75147359106475e-02	1.64641688000000e-01	0.00000000000000e+00	0.00000000000000e+00	5.80417427911711e+03	4.67673290618838e-02	2.71445728443992e+02	7.69985200000000e-03	1
5	13	53	61	1.75145206839777e-02	1.64641688000000e-01	0.00000000000000e+00	0.00000000000000e+00	-5.21292941094403e+03	-5.28434390201345e-02	2.75469117443486e+02	-8.70023300000000e-03	1
5	13	61	54	1.75144644240845e-02	1.64641688000000e-01	0.00000000000000e+00	0.00000000000000e+00	6.18720895320905e+03	4.46955269311865e-02	2.76540564397033e+02	7.35874700000000e-03	1
5	13	54	62	1.75143362790142e-02	1.64641688000000e-01	0.00000000000000e+00	0.00000000000000e+00	-5.52715455821397e+03	-5.04803011980781e-02	2.79012426866971e+02	-8.31116200000000e-03	1
5	14	55	64	1.75148357707672e-02	1.50728846000000e-01	0.00000000000000e+00	0.00000000000000e+00	-4.51813678775740e+03	-5.96747353854219e-02	2.69618617244563e+02	-8.99470400000000e-03	1
5	14	64	56	1.75145931697277e-02	1.50728846000000e-01	0.00000000000000e+00	0.00000000000000e+00	5.24627020205023e+03	5.22468008545624e-02	2.74100834475743e+02	7.87510000000000e-03	1
5	14	56	65	1.75149588814361e-02	1.50728846000000e-01	0.00000000000000e+00	0.00000000000000e+00	-4.82704652199970e+03	-5.53961250389988e-02	2.67399672701760e+02	-8.34979400000000e-03	1
5	14	65	57	1.75147518509559e-02	1.50728846000000e-01	0.00000000000000e+00	0.00000000000000e+00	5.60392663349204e+03	4.83861463385714e-02	2.71152414158764e+02	7.29318800000000e-03	1
5	14	57	66	1.75149343094288e-02	1.50728846000000e-01	0.00000000000000e+00	0.00000000000000e+00	-5.17969300892880e+03	-5.17095579700783e-02	2.67839635912413e+02	-7.79412200000000e-03	1
5	14	66	58	1.75147594173546e-02	1.50728846000000e-01	0.00000000000000e+00	0.00000000000000e+00	6.00090290226372e+03	4.51621052018139e-02	2.71013408177904e+02	6.80723200000000e-03	1
5	14	58	67	1.75148606792627e-02	1.50728846000000e-01	0.00000000000000e+00	0.00000000000000e+00	-5.55804086830838e+03	-4.84283413143095e-02	2.69166700209319e+02	-7.29954800000000e-03	1
5	14	67	59	1.75153631510902e-02	1.50728846000000e-01	0.00000000000000e+00	0.00000000000000e+00	6.39552920817389e+03	4.07101969055081e-02	2.60363253379687e+02	6.13620100000000e-03	1
5	14	59	68	1.75151966200555e-02	1.50728846000000e-01	0.00000000000000e+00	0.00000000000000e+00	-5.92155175838808e+03	-4.44505824717851e-02	2.63216424797174e+02	-6.69998500000000e-03	1
5	14	68	60	1.75160671332969e-02	1.50728846000000e-01	0.00000000000000e+00	0.00000000000000e+00	6.83337174432467e+03	3.64322964431108e-02	2.48955425095214e+02	5.49139800000000e-03	1
5	14	60	69	1.75162943261024e-02	1.50728846000000e-01	0.00000000000000e+00	0.00000000000000e+00	-6.12611143778897e+03	-4.00717855957048e-02	2.45484224070474e+02	-6.03997400000000e-03	1
6	7	9	10	1.75166488798234e-02	1.28112713000000e-01	0.00000000000000e+00	0.00000000000000e+00	-7.55650042497683e+01	-3.17946656082445e+00	2.40256404180696e+02	-4.07330087000000e-01	1
6	7	10	11	1.75200770814343e-02	1.28112713000000e-01	0.00000000000000e+00	0.00000000000000e+00	-1.82164116910492e+02	-1.09369588481043e+00	1.99232145025131e+02	-1.40116347000000e-01	1
6	7	11	12	1.75257662395452e-02	1.28112713000000e-01	0.00000000000000e+00	0.00000000000000e+00	-3.70088951138999e+02	-4.19471859908236e-01	1.55241900665764e+02	-5.37396780000000e-02	1
6	7	12	13	1.75273508456125e-02	1.28112713000000e-01	0.00000000000000e+00	0.00000000000000e+00	-6.82392054246067e+02	-2.14316334086220e-01	1.46247763475582e+02	-2.74566470000000e-02	1
6	7	13	14	1.75244485196967e-02	1.28112713000000e-01	0.00000000000000e+00	0.00000000000000e+00	-1.10644217654855e+03	-1.47869532666910e-01	1.63609087569194e+02	-1.89439670000000e-02	1
6	8	14	16	1.75280362338442e-02	1.22337390000000e-01	0.00000000000000e+00	0.00000000000000e+00	-3.95016255661349e+02	-3.61181377173405e-01	1.42672515225648e+02	-4.41859870000000e-02	1
6	8	16	18	1.75343716739926e-02	1.22337390000000e-01	0.00000000000000e+00	0.00000000000000e+00	-7.96277039461762e+02	-1.46148753050887e-01	1.16374896400388e+02	-1.78794570000000e-02	1
6	8	18	20	1.75371694941826e-02	1.22337390000000e-01	0.00000000000000e+00	0.00000000000000e+00	-1.33743322519569e+03	-8.04639284849873e-02	1.07615131385592e+02	-9.84374700000000e-03	1
6	8	20	15	1.75358262052635e-02	1.22337390000000e-01	0.00000000000000e+00	0.00000000000000e+00	3.30047653995993e+02	3.38284836712635e-01	1.11650116739423e+02	4.13848840000000e-02	1
6	8	15	17	1.75353902142775e-02	1.22337390000000e-01	0.00000000000000e+00	0.00000000000000e+00	-5.72296400997714e+02	-1.97494854189713e-01	1.13025594268341e+02	-2.41610050000000e-02	1
6	8	17	19	1.75362638303771e-02	1.22337390000000e-01	0.00000000000000e+00	0.00000000000000e+00	-1.04867917283572e+03	-1.05182544764115e-01	1.10302744039988e+02	-1.28677580000000e-02	1
6	8	19	21	1.75392591250703e-02	1.22337390000000e-01	0.00000000000000e+00	0.00000000000000e+00	-1.70209198939121e+03	-5.98599496033061e-02	1.01887140705149e+02	-7.32311000000000e-03	1
6	9	20	23	1.75406969566502e-02	1.39602519000000e-01	0.00000000000000e+00	0.00000000000000e+00	-9.28099379485762e+02	-1.05901856971506e-01	9.82874477416450e+01	-1.47841660000000e-02	1
6	9	23	26	1.75474081224537e-02	1.39602519000000e-01	0.00000000000000e+00	0.00000000000000e+00	-1.53637840875104e+03	-5.49172826888604e-02	8.43737273904421e+01	-7.66659100000000e-03	1
6	9	26	21	1.75428420146510e-02	1.39602519000000e-01	0.00000000000000e+00	0.00000000000000e+00	7.75786478927859e+02	1.20350500265686e-01	9.33662908383232e+01	1.68012330000000e-02	1
6	9	21	24	1.75415097191068e-02	1.39602519000000e-01	0.00000000000000e+00	0.00000000000000e+00	-1.13263821419964e+03	-8.50783358715755e-02	9.63629744086586e+01	-1.18771500000000e-02	1
6	9	24	27	1.75439742858962e-02	1.39602519000000e-01	0.00000000000000e+00	0.00000000000000e+00	-1.82769018293067e+03	-4.97689658450934e-02	9.09622502896889e+01	-6.94787300000000e-03	1
6	9	27	22	1.75420199968536e-02	1.39602519000000e-01	0.00000000000000e+00	0.00000000000000e+00	9.27217809390332e+02	1.02664952628828e-01	9.51927724776636e+01	1.43322860000000e-02	1
6	9	22	25	1.75423317758858e-02	1.39602519000000e-01	0.00000000000000e+00	0.00000000000000e+00	-1.32668290968646e+03	-7.12240013376836e-02	9.44916653341907e+01	-9.94305000000000e-03	1
6	9	25	28	1.75419332718708e-02	1.39602519000000e-01	0.00000000000000e+00	0.00000000000000e+00	-2.26015088848725e+03	-4.22049905847329e-02	9.53896469686802e+01	-5.89192300000000e-03	1
6	10	26	30	1.75399784446961e-02	1.44929418000000e-01	0.00000000000000e+00	0.00000000000000e+00	-1.52609577225811e+03	-6.55620172296559e-02	1.00053917314891e+02	-9.50186500000000e-03	1
6	10	30	34	1.75343756179697e-02	1.44929418000000e-01	0.00000000000000e+00	0.00000000000000e+00	-2.55851302878540e+03	-4.54801453766964e-02	1.16361544497332e+02	-6.59141100000000e-03	1
6	10	34	27	1.75372628660615e-02	1.44929418000000e-01	0.00000000000000e+00	0.00000000000000e+00	1.19051055985865e+03	9.01675945459189e-02	1.07345473463969e+02	1.30679370000000e-02	1
6	10	27	31	1.75412458492772e-02	1.44929418000000e-01	0.00000000000000e+00	0.00000000000000e+00	-1.76167841889184e+03	-5.50494655267297e-02	9.69794553899699e+01	-7.97828700000000e-03	1
6	10	31	35	1.75298993784480e-02	1.44929418000000e-01	0.00000000000000e+00	0.00000000000000e+00	-2.86581652532310e+03	-4.66819993715838e-02	1.33782045234207e+02	-6.76559500000000e-03	1
6	10	35	28	1.75343651652976e-02	1.44929418000000e-01	0.00000000000000e+00	0.00000000000000e+00	1.34156769628075e+03	8.67618815663774e-02	1.16396937577988e+02	1.25743490000000e-02	1
6	10	28	32	1.75390398900950e-02	1.44929418000000e-01	0.00000000000000e+00	0.00000000000000e+00	-1.99868867227653e+03	-5.12632638875290e-02	1.02459304835927e+02	-7.42955500000000e-03	1
6	10	32	29	1.75376288888895e-02	1.44929418000000e-01	0.00000000000000e+00	0.00000000000000e+00	2.83706158055953e+03	3.74688042975512e-02	1.06301305142086e+02	5.43033200000000e-03	1
6	10	29	33	1.75353918798633e-02	1.44929418000000e-01	0.00000000000000e+00	0.00000000000000e+00	-2.26808252277098e+03	-4.98307596874501e-02	1.13020275143506e+02	-7.22194300000000e-03	1
6	11	32	37	1.75275228641921e-02	1.08698446000000e-01	0.00000000000000e+00	0.00000000000000e+00	-1.97842166019924e+03	-7.34594218577881e-02	1.45333711349162e+02	-7.98492500000000e-03	1
6	11	37	42	1.75251880751809e-02	1.08698446000000e-01	0.00000000000000e+00	0.00000000000000e+00	-3.45892644681596e+03	-4.59117327215515e-02	1.58805306529720e+02	-4.99053400000000e-03	1
6	11	42	33	1.75261037685263e-02	1.08698446000000e-01	0.00000000000000e+00	0.00000000000000e+00	1.48338540942111e+03	1.03300584444418e-01	1.53234579749523e+02	1.12286130000000e-02	1
6	11	33	38	1.75268246658175e-02	1.08698446000000e-01	0.00000000000000e+00	0.00000000000000e+00	-2.19233737518095e+03	-6.80171269421828e-02	1.49116489547774e+02	-7.39335600000000e-03	1
6	11	38	34	1.75265214806285e-02	1.08698446000000e-01	0.00000000000000e+00	0.00000000000000e+00	2.87773131326209e+03	5.24097373020402e-02	1.50821142153921e+02	5.69685700000000e-03	1
6	11	34	39	1.75261343562149e-02	1.08698446000000e-01	0.00000000000000e+00	0.00000000000000e+00	-2.44004964667382e+03	-6.27262785339176e-02	1.53055233773849e+02	-6.81824900000000e-03	1
6	11	39	35	1.75251265559037e-02	1.08698446000000e-01	0.00000000000000e+00	0.00000000000000e+00	3.26603647567762e+03	4.87422975669772e-02	1.59194121762080e+02	5.29821200000000e-03	1
6	11	35	40	1.75254488521116e-02	1.08698446000000e-01	0.00000000000000e+00	0.00000000000000e+00	-2.75744732028855e+03	-5.70012748848314e-02	1.57178012684209e+02	-6.19595000000000e-03	1
6	11	40	36	1.75255902571587e-02	1.08698446000000e-01	0.00000000000000e+00	0.00000000000000e+00	3.69895979182774e+03	4.22576878421979e-02	1.56309488223898e+02	4.59334500000000e-03	1
6	11	36	41	1.75252130390762e-02	1.08698446000000e-01	0.00000000000000e+00	0.00000000000000e+00	-3.10249874521110e+03	-5.11355792519794e-02	1.58648070464909e+02	-5.55835800000000e-03	1
6	12	38	44	1.75234675825683e-02	1.44706477000000e-01	0.00000000000000e+00	0.00000000000000e+00	-2.60641993024311e+03	-6.53954072836698e-02	1.70447892890522e+02	-9.46313900000000e-03	1
6	12	44	39	1.75230723686186e-02	1.44706477000000e-01	0.00000000000000e+00	0.00000000000000e+00	3.29261399941788e+03	5.26534689943422e-02	1.73367549128687e+02	7.61929800000000e-03	1
6	12	39	45	1.75230332657669e-02	1.44706477000000e-01	0.00000000000000e+00	0.00000000000000e+00	-2.85786226236825e+03	-6.07663539483447e-02	1.73661869770686e+02	-8.79328500000000e-03	1
6	12	45	40	1.75219416327260e-02	1.44706477000000e-01	0.00000000000000e+00	0.00000000000000e+00	3.60189739425407e+03	5.06127241284438e-02	1.82301839154342e+02	7.32398900000000e-03	1
6	12	40	46	1.75212630662965e-02	1.44706477000000e-01	0.00000000000000e+00	0.00000000000000e+00	-3.12331981720768e+03	-6.02306626537525e-02	1.88119622270016e+02	-8.71576700000000e-03	1
6	12	46	41	1.75205990132445e-02	1.44706477000000e-01	0.00000000000000e+00	0.00000000000000e+00	3.94030844468559e+03	4.92814361032368e-02	1.94184058843817e+02	7.13134300000000e-03	1
6	12	41	47	1.75203582281274e-02	1.44706477000000e-01	0.00000000000000e+00	0.00000000000000e+00	-3.42047862339206e+03	-5.74424737048916e-02	1.96480753382342e+02	-8.31229800000000e-03	1
6	12	47	42	1.75193769139661e-02	1.44706477000000e-01	0.00000000000000e+00	0.00000000000000e+00	4.30735208364508e+03	4.79253185052664e-02	2.06431220523013e+02	6.93510400000000e-03	1
6	12	42	48	1.75193100503292e-02	1.44706477000000e-01	0.00000000000000e+00	0.00000000000000e+00	-3.72640323816951e+03	-5.55887280705479e-02	2.07146016287814e+02	-8.04404900000000e-03	1
6	12	48	43	1.75187296577323e-02	1.44706477000000e-01	0.00000000000000e+00	0.00000000000000e+00	4.68141991367968e+03	4.56197133456576e-02	2.13565034512720e+02	6.60146800000000e-03	1
6	12	43	49	1.75194407269943e-02	1.44706477000000e-01	0.00000000000000e+00	0.00000000000000e+00	-4.01240378883122e+03	-5.12793909010721e-02	2.05753622340419e+02	-7.42046000000000e-03	1
6	13	44	51	1.75197177228849e-02	1.37092601000000e-01	0.00000000000000e+00	0.00000000000000e+00	-3.12810549005511e+03	-6.48517712491282e-02	2.02863181684196e+02	-8.89069800000000e-03	1
6	13	51	45	1.75197076576916e-02	1.37092601000000e-01	0.00000000000000e+00	0.00000000000000e+00	3.79868693116329e+03	5.34307755967078e-02	2.02966788981132e+02	7.32496400000000e-03	1
6	13	45	52	1.75201371154082e-02	1.37092601000000e-01	0.00000000000000e+00	0.00000000000000e+00	-3.37094247482334e+03	-5.89266010059872e-02	1.98638182228050e+02	-8.07840100000000e-03	1
6	13	52	46	1.75206694193467e-02	1.37092601000000e-01	0.00000000000000e+00	0.00000000000000e+00	4.08544402972882e+03	4.73688073071135e-02	1.93522611008222e+02	6.49391300000000e-03	1
6	13	46	53	1.75200771667237e-02	1.37092601000000e-01	0.00000000000000e+00	0.00000000000000e+00	-3.64382565695352e+03	-5.46764081017035e-02	1.99231298671048e+02	-7.49573100000000e-03	1
6	13	53	47	1.75202901983507e-02	1.37092601000000e-01	0.00000000000000e+00	0.00000000000000e+00	4.39625515025172e+03	4.48426024100309e-02	1.97139521795788e+02	6.14758900000000e-03	1
6	13	47	54	1.75195772150773e-02	1.37092601000000e-01	0.00000000000000e+00	0.00000000000000e+00	-3.92380569022306e+03	-5.20716796379113e-02	2.04319152862709e+02	-7.13864200000000e-03	1
6	13	54	48	1.75196815917637e-02	1.37092601000000e-01	0.00000000000000e+00	0.00000000000000e+00	4.74299630738158e+03	4.28496210382645e-02	2.03235594357189e+02	5.87436600000000e-03	1
6	13	48	55	1.75191723900091e-02	1.37092601000000e-01	0.00000000000000e+00	0.00000000000000e+00	-4.22797293524866e+03	-4.93459526674237e-02	2.08633352341929e+02	-6.76496500000000e-03	1
6	13	55	49	1.75181646033709e-02	1.37092601000000e-01	0.00000000000000e+00	0.00000000000000e+00	5.17433085976079e+03	4.25578693338818e-02	2.20208496619972e+02	5.83436900000000e-03	1
6	13	49	56	1.75180625970292e-02	1.37092601000000e-01	0.00000000000000e+00	0.00000000000000e+00	-4.60391070481467e+03	-4.81008672379044e-02	2.21452097587457e+02	-6.59427300000000e-03	1
6	14	50	58	1.75170704275229e-02	1.28096110000000e-01	0.00000000000000e+00	0.00000000000000e+00	-3.85054457540647e+03	-6.08546036253560e-02	2.34323363878125e+02	-7.79523800000000e-03	1
6	14	58	51	1.75164220908428e-02	1.28096110000000e-01	0.00000000000000e+00	0.00000000000000e+00	4.62780031900052e+03	5.26328551272946e-02	2.43574343748002e+02	6.74206400000000e-03	1
6	14	51	59	1.75161493511531e-02	1.28096110000000e-01	0.00000000000000e+00	0.00000000000000e+00	-4.20698504882982e+03	-5.88754100339191e-02	2.47687969756423e+02	-7.54171100000000e-03	1
6	14	59	52	1.75155020401349e-02	1.28096110000000e-01	0.00000000000000e+00	0.00000000000000e+00	5.04613132306311e+03	5.11343318700310e-02	2.58030553733268e+02	6.55010900000000e-03	1
6	14	52	60	1.75150031138688e-02	1.28096110000000e-01	0.00000000000000e+00	0.00000000000000e+00	-4.56965240654341e+03	-5.83438950644169e-02	2.66611320488229e+02	-7.47362600000000e-03	1
6	14	60	53	1.75148336839742e-02	1.28096110000000e-01	0.00000000000000e+00	0.00000000000000e+00	5.44163260988319e+03	4.95543463419771e-02	2.69656547015949e+02	6.34771900000000e-03	1
6	14	53	61	1.75146091144399e-02	1.28096110000000e-01	0.00000000000000e+00	0.00000000000000e+00	-4.89003627759027e+03	-5.59917471342416e-02	2.73801674732103e+02	-7.17232500000000e-03	1
6	14	61	54	1.75145494483743e-02	1.28096110000000e-01	0.00000000000000e+00	0.00000000000000e+00	5.80872407806970e+03	4.73295871357842e-02	2.74924512400728e+02	6.06273600000000e-03	1
6	14	54	62	1.75144193062314e-02	1.28096110000000e-01	0.00000000000000e+00	0.00000000000000e+00	-5.19194800936767e+03	-5.34300143852924e-02	2.77405856828205e+02	-6.84417700000000e-03	1
6	14	62	55	1.75142228826103e-02	1.28096110000000e-01	0.00000000000000e+00	0.00000000000000e+00	6.16120250300916e+03	4.56464368824315e-02	2.81236941173487e+02	5.84713100000000e-03	1
6	14	55	63	1.75146485261941e-02	1.28096110000000e-01	0.00000000000000e+00	0.00000000000000e+00	-5.44643033679786e+03	-5.01365107808504e-02	2.73065013298017e+02	-6.42229200000000e-03	1
6	15	56	65	1.75147153017741e-02	1.08816724000000e-01	0.00000000000000e+00	0.00000000000000e+00	-4.55484475586130e+03	-5.96784093592084e-02	2.71825889907934e+02	-6.49400900000000e-03	1
6	15	65	57	1.75144844122863e-02	1.08816724000000e-01	0.00000000000000e+00	0.00000000000000e+00	5.29181634760861e+03	5.21860408148292e-02	2.76158943900883e+02	5.67871400000000e-03	1
6	15	57	66	1.75148201387520e-02	1.08816724000000e-01	0.00000000000000e+00	0.00000000000000e+00	-4.89312675908451e+03	-5.51596186630283e-02	2.69903006100961e+02	-6.00228900000000e-03	1
6	15	66	58	1.75146607559604e-02	1.08816724000000e-01	0.00000000000000e+00	0.00000000000000e+00	5.67282315227967e+03	4.80954931155619e-02	2.72837226866267e+02	5.23359400000000e-03	1
6	15	58	67	1.75147477213485e-02	1.08816724000000e-01	0.00000000000000e+00	0.00000000000000e+00	-5.25609450750909e+03	-5.16026378445284e-02	2.71228341347606e+02	-5.61523000000000e-03	1
6	15	67	59	1.75152380179386e-02	1.08816724000000e-01	0.00000000000000e+00	0.00000000000000e+00	6.05186466815455e+03	4.33752811746106e-02	2.62501331611895e+02	4.71995600000000e-03	1
6	15	59	68	1.75150956941435e-02	1.08816724000000e-01	0.00000000000000e+00	0.00000000000000e+00	-5.60535919808150e+03	-4.72719432354902e-02	2.64976221826242e+02	-5.14397800000000e-03	1
6	15	68	60	1.75159597403370e-02	1.08816724000000e-01	0.00000000000000e+00	0.00000000000000e+00	6.47237742555020e+03	3.87231194352074e-02	2.50630644079321e+02	4.21372300000000e-03	1
6	15	60	69	1.75161780471630e-02	1.08816724000000e-01	0.00000000000000e+00	0.00000000000000e+00	-5.80536664606785e+03	-4.25896666398448e-02	2.47248630178104e+02	-4.63446800000000e-03	1
6	15	69	61	1.75169481613457e-02	1.08816724000000e-01	0.00000000000000e+00	0.00000000000000e+00	6.74317242091874e+03	3.50004104148550e-02	2.36013802230287e+02	3.80863000000000e-03	1
6	15	61	70	1.75175472906255e-02	1.08816724000000e-01	0.00000000000000e+00	0.00000000000000e+00	-6.01171303454311e+03	-3.79185464175525e-02	2.27955419749328e+02	-4.12617200000000e-03	1
7	8	9	10	1.75139620697106e-02	1.14809397000000e-01	0.00000000000000e+00	0.00000000000000e+00	-1.87375145984053e+01	-1.52896732747407e+01	2.86490476190302e+02	-1.75539816900000e+00	1
7	8	10	11	1.75186054709029e-02	1.14809397000000e-01	0.00000000000000e+00	0.00000000000000e+00	-7.25149981406654e+01	-2.96477325806354e+00	2.14990527295972e+02	-3.40383830000000e-01	1
7	8	11	12	1.75248735196093e-02	1.14809397000000e-01	0.00000000000000e+00	0.00000000000000e+00	-1.84715551339438e+02	-8.70601254007109e-01	1.60813590630730e+02	-9.99532050000000e-02	1
7	8	12	13	1.75279507162870e-02	1.14809397000000e-01	0.00000000000000e+00	0.00000000000000e+00	-3.89940110573227e+02	-3.67002598228088e-01	1.43109033733722e+02	-4.21353470000000e-02	1
7	8	13	14	1.75259833251132e-02	1.14809397000000e-01	0.00000000000000e+00	0.00000000000000e+00	-6.90696082126765e+02	-2.22883680854103e-01	1.53944885135921e+02	-2.55891410000000e-02	1
7	8	14	15	1.75246094598891e-02	1.14809397000000e-01	0.00000000000000e+00	0.00000000000000e+00	-1.10587214922332e+03	-1.46978221652013e-01	1.62539121867333e+02	-1.68744810000000e-02	1
7	9	15	17	1.75346744746303e-02	1.60476573000000e-01	0.00000000000000e+00	0.00000000000000e+00	-4.00169405530651e+02	-2.88274494745099e-01	1.15358633191795e+02	-4.62613030000000e-02	1
7	9	17	19	1.75358338783001e-02	1.60476573000000e-01	0.00000000000000e+00	0.00000000000000e+00	-7.87142708460976e+02	-1.41811907959924e-01	1.11626209323593e+02	-2.27574890000000e-02	1
7	9	19	21	1.75414239129252e-02	1.60476573000000e-01	0.00000000000000e+00	0.00000000000000e+00	-1.33921705084695e+03	-7.21037580980745e-02	9.65625822750849e+01	-1.15709640000000e-02	1
7	9	21	16	1.75374371899103e-02	1.60476573000000e-01	0.00000000000000e+00	0.00000000000000e+00	3.30842583396124e+02	3.22950042060033e-01	1.06845626223028e+02	5.18259160000000e-02	1
7	9	16	18	1.75358548959211e-02	1.60476573000000e-01	0.00000000000000e+00	0.00000000000000e+00	-5.79181719860546e+02	-1.92617915638066e-01	1.11560775655209e+02	-3.09106630000000e-02	1
7	9	18	20	1.75383548487991e-02	1.60476573000000e-01	0.00000000000000e+00	0.00000000000000e+00	-1.02991830321609e+03	-1.01259770795330e-01	1.04289291321576e+02	-1.62498210000000e-02	1
7	9	20	22	1.75452125942310e-02	1.60476573000000e-01	0.00000000000000e+00	0.00000000000000e+00	-1.71395174815414e+03	-5.16180950598939e-02	8.84709242642919e+01	-8.28349500000000e-03	1
7	10	21	24	1.75425498002299e-02	1.67435872000000e-01	0.00000000000000e+00	0.00000000000000e+00	-9.12801002037785e+02	-1.02987936778566e-01	9.40074918892788e+01	-1.72438750000000e-02	1
7	10	24	27	1.75472314835415e-02	1.67435872000000e-01	0.00000000000000e+00	0.00000000000000e+00	-1.53148247380825e+03	-5.52988848172272e-02	8.46892729187244e+01	-9.25901700000000e-03	1
7	10	27	22	1.75440777547698e-02	1.67435872000000e-01	0.00000000000000e+00	0.00000000000000e+00	7.65502354464642e+02	1.18547935773285e-01	9.07487239513730e+01	1.98491770000000e-02	1
7	10	22	25	1.75441739083215e-02	1.67435872000000e-01	0.00000000000000e+00	0.00000000000000e+00	-1.08547842463806e+03	-8.34205348779741e-02	9.05511907818077e+01	-1.39675900000000e-02	1
7	10	25	28	1.75449215568720e-02	1.67435872000000e-01	0.00000000000000e+00	0.00000000000000e+00	-1.91308225352497e+03	-4.65448407614827e-02	8.90441088539382e+01	-7.79327600000000e-03	1
7	10	28	23	1.75471023836744e-02	1.67435872000000e-01	0.00000000000000e+00	0.00000000000000e+00	9.18063602192976e+02	9.25005544809418e-02	8.49213922516211e+01	1.54879110000000e-02	1
7	10	23	26	1.75482907079417e-02	1.67435872000000e-01	0.00000000000000e+00	0.00000000000000e+00	-1.27337182955021e+03	-6.50490833887735e-02	8.28316703253264e+01	-1.08915500000000e-02	1
7	10	26	29	1.75443846836124e-02	1.67435872000000e-01	0.00000000000000e+00	0.00000000000000e+00	-2.36711690833656e+03	-3.80721282951840e-02	9.01211786238888e+01	-6.37464000000000e-03	1
7	11	27	31	1.75439317741814e-02	1.21119799000000e-01	0.00000000000000e+00	0.00000000000000e+00	-1.48708443887969e+03	-6.12273720830729e-02	9.10502722582347e+01	-7.41584700000000e-03	1
7	11	31	35	1.75330594116148e-02	1.21119799000000e-01	0.00000000000000e+00	0.00000000000000e+00	-2.48443270640198e+03	-4.87009724974857e-02	1.20994288906337e+02	-5.89865200000000e-03	1
7	11	35	28	1.75372128998346e-02	1.21119799000000e-01	0.00000000000000e+00	0.00000000000000e+00	1.14943179305448e+03	9.35154292982273e-02	1.07489607576521e+02	1.13265700000000e-02	1
7	11	28	32	1.75413944603498e-02	1.21119799000000e-01	0.00000000000000e+00	0.00000000000000e+00	-1.70001372944571e+03	-5.68414747782070e-02	9.66312875248937e+01	-6.88462800000000e-03	1
7	11	32	36	1.75294612097046e-02	1.21119799000000e-01	0.00000000000000e+00	0.00000000000000e+00	-2.78061516664150e+03	-4.88279542141578e-02	1.35771750043964e+02	-5.91403200000000e-03	1
7	11	36	29	1.75345320132710e-02	1.21119799000000e-01	0.00000000000000e+00	0.00000000000000e+00	1.29481178008273e+03	8.94605265981328e-02	1.15834543691667e+02	1.08354410000000e-02	1
7	11	29	33	1.75385025629460e-02	1.21119799000000e-01	0.00000000000000e+00	0.00000000000000e+00	-1.94227098969814e+03	-5.34885134675628e-02	1.03889187990126e+02	-6.47851800000000e-03	1
7	11	33	30	1.75377996643517e-02	1.21119799000000e-01	0.00000000000000e+00	0.00000000000000e+00	2.76561967112919e+03	3.82630506181735e-02	1.05821045467033e+02	4.63441300000000e-03	1
7	11	30	34	1.75354800536444e-02	1.21119799000000e-01	0.00000000000000e+00	0.00000000000000e+00	-2.20471511320203e+03	-5.11355868415865e-02	1.12739401132101e+02	-6.19353200000000e-03	1
7	12	33	38	1.75285789824432e-02	1.66787059000000e-01	0.00000000000000e+00	0.00000000000000e+00	-1.92591331203732e+03	-7.26735699560480e-02	1.39962995811628e+02	-1.21210110000000e-02	1
7	12	38	43	1.75264662542937e-02	1.66787059000000e-01	0.00000000000000e+00	0.00000000000000e+00	-3.43438101799915e+03	-4.40067235672043e-02	1.51135856083542e+02	-7.33975200000000e-03	1
7	12	43	34	1.75273933058370e-02	1.66787059000000e-01	0.00000000000000e+00	0.00000000000000e+00	1.45851889783551e+03	1.00115998807797e-01	1.46021076236850e+02	1.66980530000000e-02	1
7	12	34	39	1.75280975836000e-02	1.66787059000000e-01	0.00000000000000e+00	0.00000000000000e+00	-2.15325958573656e+03	-6.61141821560628e-02	1.42360996480676e+02	-1.10269900000000e-02	1
7	12	39	35	1.75267526020553e-02	1.66787059000000e-01	0.00000000000000e+00	0.00000000000000e+00	2.89011664972079e+03	5.17343015203596e-02	1.49518166185667e+02	8.62861200000000e-03	1
7	12	35	40	1.75271526398270e-02	1.66787059000000e-01	0.00000000000000e+00	0.00000000000000e+00	-2.44401486958751e+03	-6.02759534239404e-02	1.47315326446674e+02	-1.00532490000000e-02	1
7	12	40	36	1.75273327800795e-02	1.66787059000000e-01	0.00000000000000e+00	0.00000000000000e+00	3.28690371431671e+03	4.45234902787032e-02	1.46344425571413e+02	7.42594200000000e-03	1
7	12	36	41	1.75269787028814e-02	1.66787059000000e-01	0.00000000000000e+00	0.00000000000000e+00	-2.76114447620751e+03	-5.36969717776485e-02	1.48265097012925e+02	-8.95596000000000e-03	1
7	12	41	37	1.75268090634304e-02	1.66787059000000e-01	0.00000000000000e+00	0.00000000000000e+00	3.68782899551341e+03	4.04582947889260e-02	1.49203272631630e+02	6.74792000000000e-03	1
7	12	37	42	1.75267316934777e-02	1.66787059000000e-01	0.00000000000000e+00	0.00000000000000e+00	-3.08995980760344e+03	-4.84262331168031e-02	1.49635113964556e+02	-8.07686900000000e-03	1
7	13	39	45	1.75239724758687e-02	1.56850525000000e-01	0.00000000000000e+00	0.00000000000000e+00	-2.60034331420819e+03	-6.41676908636423e-02	1.66858025925450e+02	-1.00647360000000e-02	1
7	13	45	40	1.75227674017933e-02	1.56850525000000e-01	0.00000000000000e+00	0.00000000000000e+00	3.28338487194332e+03	5.35087402480801e-02	1.75689788247291e+02	8.39287400000000e-03	1
7	13	40	46	1.75223481150712e-02	1.56850525000000e-01	0.00000000000000e+00	0.00000000000000e+00	-2.85041114866750e+03	-6.27930508998934e-02	1.78986012343902e+02	-9.84912300000000e-03	1
7	13	46	41	1.75216319904490e-02	1.56850525000000e-01	0.00000000000000e+00	0.00000000000000e+00	3.60228465659378e+03	5.13316802733048e-02	1.84911324245703e+02	8.05140100000000e-03	1
7	13	41	47	1.75213654806418e-02	1.56850525000000e-01	0.00000000000000e+00	0.00000000000000e+00	-3.13041085346011e+03	-5.98061689624565e-02	1.87217880423943e+02	-9.38062900000000e-03	1
7	13	47	42	1.75203051516831e-02	1.56850525000000e-01	0.00000000000000e+00	0.00000000000000e+00	3.94849180948444e+03	4.98910347925198e-02	1.96994342244968e+02	7.82543500000000e-03	1
7	13	42	48	1.75202295363670e-02	1.56850525000000e-01	0.00000000000000e+00	0.00000000000000e+00	-3.41949138629468e+03	-5.78245880911141e-02	1.97730680893603e+02	-9.06981700000000e-03	1
7	13	48	43	1.75196088441151e-02	1.56850525000000e-01	0.00000000000000e+00	0.00000000000000e+00	4.30238792008447e+03	4.74131087543379e-02	2.03989586358315e+02	7.43677100000000e-03	1
7	13	43	49	1.75203408325767e-02	1.56850525000000e-01	0.00000000000000e+00	0.00000000000000e+00	-3.69139664964767e+03	-5.32721901950918e-02	1.96648784405555e+02	-8.35577100000000e-03	1
7	13	49	44	1.75205177301431e-02	1.56850525000000e-01	0.00000000000000e+00	0.00000000000000e+00	4.62685297808344e+03	4.21351920881361e-02	1.94953338995111e+02	6.60892700000000e-03	1
7	13	44	50	1.75204623436101e-02	1.56850525000000e-01	0.00000000000000e+00	0.00000000000000e+00	-3.96915044030346e+03	-4.92500933611794e-02	1.95481029749512e+02	-7.72490300000000e-03	1
7	14	45	52	1.75202374692078e-02	1.45479441000000e-01	0.00000000000000e+00	0.00000000000000e+00	-3.12726704941585e+03	-6.32031642189222e-02	1.97653172880654e+02	-9.19476100000000e-03	1
7	14	52	46	1.75207447104504e-02	1.45479441000000e-01	0.00000000000000e+00	0.00000000000000e+00	3.79510478487160e+03	5.08076189267183e-02	1.92820237696722e+02	7.39146400000000e-03	1
7	14	46	53	1.75202669036759e-02	1.45479441000000e-01	0.00000000000000e+00	0.00000000000000e+00	-3.38752808769379e+03	-5.82625760845479e-02	1.97366112947803e+02	-8.47600700000000e-03	1
7	14	53	47	1.75204820242317e-02	1.45479441000000e-01	0.00000000000000e+00	0.00000000000000e+00	4.09199063339605e+03	4.77257195399864e-02	1.95293197329711e+02	6.94311100000000e-03	1
7	14	47	54	1.75197616620258e-02	1.45479441000000e-01	0.00000000000000e+00	0.00000000000000e+00	-3.65495544328469e+03	-5.53801894248411e-02	2.02412124788460e+02	-8.05667900000000e-03	1
7	14	54	48	1.75198611703339e-02	1.45479441000000e-01	0.00000000000000e+00	0.00000000000000e+00	4.42310460838052e+03	4.55331760588769e-02	2.01398000860220e+02	6.62414100000000e-03	1
7	14	48	55	1.75193458219623e-02	1.45479441000000e-01	0.00000000000000e+00	0.00000000000000e+00	-3.94564105664501e+03	-5.24028890102760e-02	2.06762990365757e+02	-7.62354300000000e-03	1
7	14	55	49	1.75183418621677e-02	1.45479441000000e-01	0.00000000000000e+00	0.00000000000000e+00	4.83436764121152e+03	4.51104221661121e-02	2.18080365201243e+02	6.56263900000000e-03	1
7	14	49	56	1.75182233185299e-02	1.45479441000000e-01	0.00000000000000e+00	0.00000000000000e+00	-4.30437891844747e+03	-5.09943463420374e-02	2.19498989354675e+02	-7.41862900000000e-03	1
7	14	56	50	1.75178995809197e-02	1.45479441000000e-01	0.00000000000000e+00	0.00000000000000e+00	5.29087028806386e+03	4.22367033978361e-02	2.23468919073377e+02	6.14457200000000e-03	1
7	14	50	57	1.75178093470972e-02	1.45479441000000e-01	0.00000000000000e+00	0.00000000000000e+00	-4.69945784721457e+03	-4.77929936505599e-02	2.24601159053000e+02	-6.95289800000000e-03	1
7	15	51	59	1.75160656529467e-02	1.22935771000000e-01	0.00000000000000e+00	0.00000000000000e+00	-3.95223888643870e+03	-6.29967904134265e-02	2.48978364792773e+02	-7.74455900000000e-03	1
7	15	59	52	1.75154247757783e-02	1.22935771000000e-01	0.00000000000000e+00	0.00000000000000e+00	4.74535176745719e+03	5.46478046654135e-02	2.59323056456675e+02	6.71817000000000e-03	1
7	15	52	60	1.75148903449718e-02	1.22935771000000e-01	0.00000000000000e+00	0.00000000000000e+00	-4.29971707884245e+03	-6.24763072417710e-02	2.68630445270451e+02	-7.68057300000000e-03	1
7	15	60	53	1.75147254368722e-02	1.22935771000000e-01	0.00000000000000e+00	0.00000000000000e+00	5.12489451824266e+03	5.30037835773609e-02	2.71638799901737e+02	6.51606100000000e-03	1
7	15	53	61	1.75144948759252e-02	1.22935771000000e-01	0.00000000000000e+00	0.00000000000000e+00	-4.60809471817540e+03	-5.98858325783795e-02	2.75959588797967e+02	-7.36211100000000e-03	1
7	15	61	54	1.75144297885090e-02	1.22935771000000e-01	0.00000000000000e+00	0.00000000000000e+00	5.47856595086459e+03	5.05979744496010e-02	2.77204340002300e+02	6.22030100000000e-03	1
7	15	54	62	1.75143011395236e-02	1.22935771000000e-01	0.00000000000000e+00	0.00000000000000e+00	-4.89972009796371e+03	-5.70844835715066e-02	2.79697991437190e+02	-7.01772500000000e-03	1
7	15	62	55	1.75140935169147e-02	1.22935771000000e-01	0.00000000000000e+00	0.00000000000000e+00	5.81926577497187e+03	4.87722080500069e-02	2.83818441075213e+02	5.99584900000000e-03	1
7	15	55	63	1.75145036537296e-02	1.22935771000000e-01	0.00000000000000e+00	0.00000000000000e+00	-5.14734169142975e+03	-5.35796127231349e-02	2.75792574380452e+02	-6.58685100000000e-03	1
7	15	63	56	1.75141523308502e-02	1.22935771000000e-01	0.00000000000000e+00	0.00000000000000e+00	6.08716484356730e+03	4.64319534791871e-02	2.82638954836660e+02	5.70814800000000e-03	1
7	15	56	64	1.75147704751960e-02	1.22935771000000e-01	0.00000000000000e+00	0.00000000000000e+00	-5.41501622296599e+03	-5.00110256761639e-02	2.70810515363596e+02	-6.14814400000000e-03	1
7	16	57	66	1.75151191862917e-02	1.58950078000000e-01	0.00000000000000e+00	0.00000000000000e+00	-4.63903473262701e+03	-5.70300758204095e-02	2.64564502535231e+02	-9.06493500000000e-03	1
7	16	66	58	1.75149169680852e-02	1.58950078000000e-01	0.00000000000000e+00	0.00000000000000e+00	5.38217646204199e+03	4.98220390933058e-02	2.68151006098926e+02	7.91921700000000e-03	1
7	16	58	67	1.75152603389077e-02	1.58950078000000e-01	0.00000000000000e+00	0.00000000000000e+00	-4.98871020470297e+03	-5.25421132539488e-02	2.62117376566633e+02	-8.35157300000000e-03	1
7	16	67	59	1.75157756714606e-02	1.58950078000000e-01	0.00000000000000e+00	0.00000000000000e+00	5.74779155290970e+03	4.41134605797425e-02	2.53554976089859e+02	7.01183800000000e-03	1
7	16	59	68	1.75156149721984e-02	1.58950078000000e-01	0.00000000000000e+00	0.00000000000000e+00	-5.32571390025126e+03	-4.80995422978025e-02	2.56164401011130e+02	-7.64542600000000e-03	1
7	16	68	60	1.75165177406441e-02	1.58950078000000e-01	0.00000000000000e+00	0.00000000000000e+00	6.15337835736568e+03	3.93546205117307e-02	2.42163870119223e+02	6.25542000000000e-03	1
7	16	60	69	1.75167501723701e-02	1.58950078000000e-01	0.00000000000000e+00	0.00000000000000e+00	-5.52211663434425e+03	-4.32449237300783e-02	2.38803512680814e+02	-6.87378400000000e-03	1
7	16	69	61	1.75175697148397e-02	1.58950078000000e-01	0.00000000000000e+00	0.00000000000000e+00	6.41830912845119e+03	3.54710992969755e-02	2.27664480413976e+02	5.63813400000000e-03	1
7	16	61	70	1.75181902025964e-02	1.58950078000000e-01	0.00000000000000e+00	0.00000000000000e+00	-5.72511801155833e+03	-3.84094432467029e-02	2.19898595345626e+02	-6.10518400000000e-03	1
7	16	70	62	1.75193101296955e-02	1.58950078000000e-01	0.00000000000000e+00	0.00000000000000e+00	6.67684243616972e+03	3.10244201327161e-02	2.07145164899677e+02	4.93133400000000e-03	1
7	16	62	71	1.75191188025352e-02	1.58950078000000e-01	0.00000000000000e+00	0.00000000000000e+00	-6.00038272490518e+03	-3.48674632295556e-02	2.09218124023892e+02	-5.54218600000000e-03	1
8	9	10	11	1.75137567016046e-02	9.74104290000000e-02	0.00000000000000e+00	0.00000000000000e+00	-1.86031648155921e+01	-1.56299950490927e+01	2.90767373965161e+02	-1.52252452300000e+00	1
8	9	11	12	1.75206888257750e-02	9.74104290000000e-02	0.00000000000000e+00	0.00000000000000e+00	-7.61339755177264e+01	-2.53948493543746e+00	1.93341083902230e+02	-2.47372317000000e-01	1
8	9	12	13	1.75248081317307e-02	9.74104290000000e-02	0.00000000000000e+00	0.00000000000000e+00	-2.00398021573812e+02	-8.04586057207489e-01	1.61237454050255e+02	-7.83750730000000e-02	1
8	9	13	14	1.75236300787418e-02	9.74104290000000e-02	0.00000000000000e+00	0.00000000000000e+00	-4.04674037705619e+02	-4.18301555781055e-01	1.69275779556462e+02	-4.07469340000000e-02	1
8	9	14	15	1.75229371381532e-02	9.74104290000000e-02	0.00000000000000e+00	0.00000000000000e+00	-7.07392371918766e+02	-2.46524671398378e-01	1.74389672036993e+02	-2.40140740000000e-02	1
8	9	15	16	1.75331092728244e-02	9.74104290000000e-02	0.00000000000000e+00	0.00000000000000e+00	-1.12551613570454e+03	-1.07339266517346e-01	1.20812076459963e+02	-1.04559640000000e-02	1
8	10	16	18	1.75321047469826e-02	1.57631724000000e-01	0.00000000000000e+00	0.00000000000000e+00	-4.02016619097802e+02	-3.09917951541277e-01	1.24592167076341e+02	-4.88529010000000e-02	1
8	10	18	20	1.75352968797759e-02	1.57631724000000e-01	0.00000000000000e+00	0.00000000000000e+00	-7.68409798343606e+02	-1.47479202853862e-01	1.13324464524812e+02	-2.32474010000000e-02	1
8	10	20	22	1.75436026091126e-02	1.57631724000000e-01	0.00000000000000e+00	0.00000000000000e+00	-1.34213633417932e+03	-6.83519454497624e-02	9.17376294999689e+01	-1.07744350000000e-02	1
8	10	22	17	1.75353833401787e-02	1.57631724000000e-01	0.00000000000000e+00	0.00000000000000e+00	3.26883124772621e+02	3.45834776253541e-01	1.13047552316798e+02	5.45145320000000e-02	1
8	10	17	19	1.75325159521169e-02	1.57631724000000e-01	0.00000000000000e+00	0.00000000000000e+00	-5.68823547834991e+02	-2.16264855417048e-01	1.23016542330347e+02	-3.40902020000000e-02	1
8	10	19	21	1.75389829891805e-02	1.57631724000000e-01	0.00000000000000e+00	0.00000000000000e+00	-1.02578490173522e+03	-1.00029604446882e-01	1.02608857968158e+02	-1.57678390000000e-02	1
8	10	21	23	1.75409724327735e-02	1.57631724000000e-01	0.00000000000000e+00	0.00000000000000e+00	-1.70546821184156e+03	-5.72432932345522e-02	9.76266169526536e+01	-9.02335900000000e-03	1
8	11	22	25	1.75434100246871e-02	1.16575020000000e-01	0.00000000000000e+00	0.00000000000000e+00	-8.55348400165698e+02	-1.07727581775238e-01	9.21446147251692e+01	-1.25583450000000e-02	1
8	11	25	28	1.75458738908547e-02	1.16575020000000e-01	0.00000000000000e+00	0.00000000000000e+00	-1.56940561521014e+03	-5.55596130285888e-02	8.71955686659698e+01	-6.47686300000000e-03	1
8	11	28	23	1.75472164723042e-02	1.16575020000000e-01	0.00000000000000e+00	0.00000000000000e+00	7.41087862346661e+02	1.14313297994716e-01	8.47161976487011e+01	1.33260750000000e-02	1
8	11	23	26	1.75478936397135e-02	1.16575020000000e-01	0.00000000000000e+00	0.00000000000000e+00	-1.01900276916378e+03	-8.19609123807142e-02	8.35183966791379e+01	-9.55459500000000e-03	1
8	11	26	29	1.75452120822034e-02	1.16575020000000e-01	0.00000000000000e+00	0.00000000000000e+00	-1.96264453558819e+03	-4.50779163494889e-02	8.84719261990258e+01	-5.25495900000000e-03	1
8	11	29	24	1.75469821970829e-02	1.16575020000000e-01	0.00000000000000e+00	0.00000000000000e+00	8.98708043778286e+02	9.47344722737341e-02	8.51386322554959e+01	1.10436730000000e-02	1
8	11	24	27	1.75468352942866e-02	1.16575020000000e-01	0.00000000000000e+00	0.00000000000000e+00	-1.24154584862532e+03	-6.87897887557729e-02	8.54056766575426e+01	-8.01917100000000e-03	1
8	11	27	30	1.75452813570481e-02	1.16575020000000e-01	0.00000000000000e+00	0.00000000000000e+00	-2.32325259022276e+03	-3.80228028268835e-02	8.83365751550863e+01	-4.43250900000000e-03	1
8	12	28	32	1.75431419977120e-02	1.57645584000000e-01	0.00000000000000e+00	0.00000000000000e+00	-1.43958688452092e+03	-6.44053372278414e-02	9.27170787663472e+01	-1.01532170000000e-02	1
8	12	32	36	1.75316360323983e-02	1.57645584000000e-01	0.00000000000000e+00	0.00000000000000e+00	-2.41880026128201e+03	-5.22730658919060e-02	1.26438105437354e+02	-8.24061800000000e-03	1
8	12	36	29	1.75364429776464e-02	1.57645584000000e-01	0.00000000000000e+00	0.00000000000000e+00	1.11295392555149e+03	9.86208976205765e-02	1.09760515148232e+02	1.55471490000000e-02	1
8	12	29	33	1.75402981140432e-02	1.57645584000000e-01	0.00000000000000e+00	0.00000000000000e+00	-1.65706378274421e+03	-5.99012719569741e-02	9.92602283002132e+01	-9.44317100000000e-03	1
8	12	33	37	1.75299876018024e-02	1.57645584000000e-01	0.00000000000000e+00	0.00000000000000e+00	-2.68921087260027e+03	-4.96013386584936e-02	1.33388459215949e+02	-7.81943200000000e-03	1
8	12	37	30	1.75343092171830e-02	1.57645584000000e-01	0.00000000000000e+00	0.00000000000000e+00	1.25959475670365e+03	9.25589327005823e-02	1.16586746315739e+02	1.45915070000000e-02	1
8	12	30	34	1.75372993234455e-02	1.57645584000000e-01	0.00000000000000e+00	0.00000000000000e+00	-1.89390176136511e+03	-5.66241360747536e-02	1.07240551047753e+02	-8.92654500000000e-03	1
8	12	34	31	1.75352275018474e-02	1.57645584000000e-01	0.00000000000000e+00	0.00000000000000e+00	2.73852817803720e+03	4.14630199853870e-02	1.13547648576502e+02	6.53646200000000e-03	1
8	12	31	35	1.75347133503696e-02	1.57645584000000e-01	0.00000000000000e+00	0.00000000000000e+00	-2.14825047921533e+03	-5.36387368770190e-02	1.15229442200561e+02	-8.45591000000000e-03	1
8	13	34	39	1.75285238990800e-02	1.48857371000000e-01	0.00000000000000e+00	0.00000000000000e+00	-1.91840995299442e+03	-7.30987046654210e-02	1.40233282581143e+02	-1.08812810000000e-02	1
8	13	39	44	1.75258749057030e-02	1.48857371000000e-01	0.00000000000000e+00	0.00000000000000e+00	-3.43233472912524e+03	-4.50392946950541e-02	1.54589935357140e+02	-6.70443100000000e-03	1
8	13	44	35	1.75265283875951e-02	1.48857371000000e-01	0.00000000000000e+00	0.00000000000000e+00	1.47367900719017e+03	1.02316633013759e-01	1.50781874158757e+02	1.52305850000000e-02	1
8	13	35	40	1.75278939436860e-02	1.48857371000000e-01	0.00000000000000e+00	0.00000000000000e+00	-2.18754198892519e+03	-6.55531663259054e-02	1.43400303844915e+02	-9.75807200000000e-03	1
8	13	40	36	1.75279633247271e-02	1.48857371000000e-01	0.00000000000000e+00	0.00000000000000e+00	2.94997090650394e+03	4.84901416134778e-02	1.43044507012015e+02	7.21811500000000e-03	1
8	13	36	41	1.75276074216440e-02	1.48857371000000e-01	0.00000000000000e+00	0.00000000000000e+00	-2.48209469646900e+03	-5.83735084237112e-02	1.44888575672782e+02	-8.68932700000000e-03	1
8	13	41	37	1.75276610542565e-02	1.48857371000000e-01	0.00000000000000e+00	0.00000000000000e+00	3.32324658100509e+03	4.35139688178424e-02	1.44607648099857e+02	6.47737500000000e-03	1
8	13	37	42	1.75275685403518e-02	1.48857371000000e-01	0.00000000000000e+00	0.00000000000000e+00	-2.78868030866953e+03	-5.20292407958757e-02	1.45092919282484e+02	-7.74493600000000e-03	1
8	13	42	38	1.75276073297002e-02	1.48857371000000e-01	0.00000000000000e+00	0.00000000000000e+00	3.71448820131012e+03	3.90064661292453e-02	1.44889058211884e+02	5.80640000000000e-03	1
8	13	38	43	1.75268048982398e-02	1.48857371000000e-01	0.00000000000000e+00	0.00000000000000e+00	-3.11086411880641e+03	-4.79694552713819e-02	1.49226457202431e+02	-7.14060700000000e-03	1
8	14	40	46	1.75218199788494e-02	1.38944982000000e-01	0.00000000000000e+00	0.00000000000000e+00	-2.60870991195252e+03	-7.02716057784656e-02	1.83318234523103e+02	-9.76388700000000e-03	1
8	14	46	41	1.75210432512792e-02	1.38944982000000e-01	0.00000000000000e+00	0.00000000000000e+00	3.30295555629790e+03	5.75498797070627e-02	1.90084694942719e+02	7.99626700000000e-03	1
8	14	41	47	1.75211215481424e-02	1.38944982000000e-01	0.00000000000000e+00	0.00000000000000e+00	-2.87353127836937e+03	-6.59049925243072e-02	1.89380057419296e+02	-9.15716800000000e-03	1
8	14	47	42	1.75200561560333e-02	1.38944982000000e-01	0.00000000000000e+00	0.00000000000000e+00	3.63075399410915e+03	5.49307422991353e-02	1.99440012001966e+02	7.63235100000000e-03	1
8	14	42	48	1.75199768587236e-02	1.38944982000000e-01	0.00000000000000e+00	0.00000000000000e+00	-3.14774576817010e+03	-6.36111349454851e-02	2.00231680833148e+02	-8.83844800000000e-03	1
8	14	48	43	1.75193499458451e-02	1.38944982000000e-01	0.00000000000000e+00	0.00000000000000e+00	3.96687146327491e+03	5.21113241786594e-02	2.06718924797792e+02	7.24060700000000e-03	1
8	14	43	49	1.75200563983051e-02	1.38944982000000e-01	0.00000000000000e+00	0.00000000000000e+00	-3.40725502114479e+03	-5.85332185656046e-02	1.99437602861422e+02	-8.13289700000000e-03	1
8	14	49	44	1.75202183545306e-02	1.38944982000000e-01	0.00000000000000e+00	0.00000000000000e+00	4.27717275642487e+03	4.62548622302891e-02	1.97840036583578e+02	6.42688100000000e-03	1
8	14	44	50	1.75201540108988e-02	1.38944982000000e-01	0.00000000000000e+00	0.00000000000000e+00	-3.67297696076020e+03	-5.40356398045379e-02	1.98471660062005e+02	-7.50798100000000e-03	1
8	14	50	45	1.75201522780696e-02	1.38944982000000e-01	0.00000000000000e+00	0.00000000000000e+00	4.59736101712658e+03	4.31744919006863e-02	1.98488725998462e+02	5.99887900000000e-03	1
8	14	45	51	1.75203967547676e-02	1.38944982000000e-01	0.00000000000000e+00	0.00000000000000e+00	-3.95962446983457e+03	-4.95273301773503e-02	1.96109628495813e+02	-6.88157400000000e-03	1
8	15	46	53	1.75196431941469e-02	1.19509242000000e-01	0.00000000000000e+00	0.00000000000000e+00	-3.15321677466800e+03	-6.45794071725432e-02	2.03632869994578e+02	-7.71783600000000e-03	1
8	15	53	47	1.75198506170212e-02	1.19509242000000e-01	0.00000000000000e+00	0.00000000000000e+00	3.81384964352639e+03	5.28350853400945e-02	2.01505071390006e+02	6.31428100000000e-03	1
8	15	47	54	1.75192031674265e-02	1.19509242000000e-01	0.00000000000000e+00	0.00000000000000e+00	-3.40917164639412e+03	-6.10995842480534e-02	2.08298970224932e+02	-7.30196500000000e-03	1
8	15	54	48	1.75193000651123e-02	1.19509242000000e-01	0.00000000000000e+00	0.00000000000000e+00	4.13069218184035e+03	5.01739606046535e-02	2.07253186801608e+02	5.99625200000000e-03	1
8	15	48	55	1.75188008859520e-02	1.19509242000000e-01	0.00000000000000e+00	0.00000000000000e+00	-3.68755284761482e+03	-5.76956968733849e-02	2.12755931300572e+02	-6.89516900000000e-03	1
8	15	55	49	1.75178248091531e-02	1.19509242000000e-01	0.00000000000000e+00	0.00000000000000e+00	4.52364532756279e+03	4.96074102787799e-02	2.24406329720093e+02	5.92854400000000e-03	1
8	15	49	56	1.75176992143092e-02	1.19509242000000e-01	0.00000000000000e+00	0.00000000000000e+00	-4.03060954485667e+03	-5.60706091667789e-02	2.25998732493547e+02	-6.70095600000000e-03	1
8	15	56	50	1.75173899153105e-02	1.19509242000000e-01	0.00000000000000e+00	0.00000000000000e+00	4.96013322541488e+03	4.63734260819762e-02	2.30018371485531e+02	5.54205300000000e-03	1
8	15	50	57	1.75172990034736e-02	1.19509242000000e-01	0.00000000000000e+00	0.00000000000000e+00	-4.40872282017159e+03	-5.24476592362622e-02	2.31227192139493e+02	-6.26798000000000e-03	1
8	15	57	51	1.75165739673325e-02	1.19509242000000e-01	0.00000000000000e+00	0.00000000000000e+00	5.41928738189173e+03	4.45339616495936e-02	2.41342336433293e+02	5.32222000000000e-03	1
8	15	51	58	1.75165451701303e-02	1.19509242000000e-01	0.00000000000000e+00	0.00000000000000e+00	-4.81544057541762e+03	-5.02056652656202e-02	2.41762397635903e+02	-6.00004100000000e-03	1
8	16	52	60	1.75150108188144e-02	1.51009125000000e-01	0.00000000000000e+00	0.00000000000000e+00	-4.04903964004915e+03	-6.58117713085219e-02	2.66474470810054e+02	-9.93817800000000e-03	1
8	16	60	53	1.75148012151818e-02	1.51009125000000e-01	0.00000000000000e+00	0.00000000000000e+00	4.83077933496069e+03	5.59429570895136e-02	2.70248081044615e+02	8.44789700000000e-03	1
8	16	53	61	1.75148413221555e-02	1.51009125000000e-01	0.00000000000000e+00	0.00000000000000e+00	-4.34628260339506e+03	-6.20111003225798e-02	2.69517766549415e+02	-9.36424200000000e-03	1
8	16	61	54	1.75147731218992e-02	1.51009125000000e-01	0.00000000000000e+00	0.00000000000000e+00	5.17201463576085e+03	5.23513595618808e-02	2.70761997856026e+02	7.90553300000000e-03	1
8	16	54	62	1.75146297232461e-02	1.51009125000000e-01	0.00000000000000e+00	0.00000000000000e+00	-4.62838472816498e+03	-5.90737347825835e-02	2.73415971903378e+02	-8.92067300000000e-03	1
8	16	62	55	1.75144207895216e-02	1.51009125000000e-01	0.00000000000000e+00	0.00000000000000e+00	5.50182018042444e+03	5.04155560135853e-02	2.77377323482862e+02	7.61320900000000e-03	1
8	16	55	63	1.75148421027815e-02	1.51009125000000e-01	0.00000000000000e+00	0.00000000000000e+00	-4.86967978580163e+03	-5.53431853869758e-02	2.69503591160828e+02	-8.35732600000000e-03	1
8	16	63	56	1.75144824533437e-02	1.51009125000000e-01	0.00000000000000e+00	0.00000000000000e+00	5.76361149010810e+03	4.79207001563647e-02	2.76196298035249e+02	7.23646300000000e-03	1
8	16	56	64	1.75151114188158e-02	1.51009125000000e-01	0.00000000000000e+00	0.00000000000000e+00	-5.13018820488894e+03	-5.15966435803134e-02	2.64700492307583e+02	-7.79156400000000e-03	1
8	16	64	57	1.75148213383306e-02	1.51009125000000e-01	0.00000000000000e+00	0.00000000000000e+00	6.05136183085091e+03	4.45984174797384e-02	2.69881161253243e+02	6.73476800000000e-03	1
8	16	57	65	1.75151773873435e-02	1.51009125000000e-01	0.00000000000000e+00	0.00000000000000e+00	-5.49588794522614e+03	-4.79540292680989e-02	2.63549971379566e+02	-7.24149600000000e-03	1
8	17	58	67	1.75149372111740e-02	1.83422602000000e-01	0.00000000000000e+00	0.00000000000000e+00	-4.74932924743554e+03	-5.63842999021462e-02	2.67787604621440e+02	-1.03421550000000e-02	1
8	17	67	59	1.75153291793126e-02	1.83422602000000e-01	0.00000000000000e+00	0.00000000000000e+00	5.47573354273312e+03	4.76539363453147e-02	2.60940257689309e+02	8.74080900000000e-03	1
8	17	59	68	1.75158446106486e-02	1.83422602000000e-01	0.00000000000000e+00	0.00000000000000e+00	-5.07558629615895e+03	-4.97384449927278e-02	2.52451769797345e+02	-9.12315500000000e-03	1
8	17	68	60	1.75167584094373e-02	1.83422602000000e-01	0.00000000000000e+00	0.00000000000000e+00	5.86823203912965e+03	4.06742839685591e-02	2.38686136352956e+02	7.46058300000000e-03	1
8	17	60	69	1.75170219234566e-02	1.83422602000000e-01	0.00000000000000e+00	0.00000000000000e+00	-5.26904037115721e+03	-4.45984568466649e-02	2.34991069616390e+02	-8.18036500000000e-03	1
8	17	69	61	1.75178617948083e-02	1.83422602000000e-01	0.00000000000000e+00	0.00000000000000e+00	6.12825456469834e+03	3.65424867323603e-02	2.23941661123015e+02	6.70271800000000e-03	1
8	17	61	70	1.75184771432984e-02	1.83422602000000e-01	0.00000000000000e+00	0.00000000000000e+00	-5.46936048002947e+03	-3.95811689553941e-02	2.16483681238001e+02	-7.26008100000000e-03	1
8	17	70	62	1.75196237791293e-02	1.83422602000000e-01	0.00000000000000e+00	0.00000000000000e+00	6.38285757175582e+03	3.19346521973339e-02	2.03834336579141e+02	5.85753700000000e-03	1
8	17	62	71	1.75194341511729e-02	1.83422602000000e-01	0.00000000000000e+00	0.00000000000000e+00	-5.73898436647835e+03	-3.58640534387360e-02	2.05823242003450e+02	-6.57827800000000e-03	1
8	17	71	63	1.75194272656946e-02	1.83422602000000e-01	0.00000000000000e+00	0.00000000000000e+00	6.79894442656523e+03	3.02835525144278e-02	2.05896190584565e+02	5.55468800000000e-03	1
8	17	63	72	1.75190641278996e-02	1.83422602000000e-01	0.00000000000000e+00	0.00000000000000e+00	-6.13861608353930e+03	-3.41800406909504e-02	2.09818147521496e+02	-6.26939200000000e-03	1
9	10	11	12	1.75155866600473e-02	1.88408936000000e-01	0.00000000000000e+00	0.00000000000000e+00	-1.94875460199266e+01	-1.31689083207816e+01	2.56629706933425e+02	-2.48114000500000e+00	1
9	10	12	13	1.75207000922823e-02	1.88408936000000e-01	0.00000000000000e+00	0.00000000000000e+00	-8.09562175807688e+01	-2.38691800690388e+00	1.93235853514365e+02	-4.49716682000000e-01	1
9	10	13	14	1.75210996015870e-02	1.88408936000000e-01	0.00000000000000e+00	0.00000000000000e+00	-2.02214610506563e+02	-9.37504163815245e-01	1.89577039334181e+02	-1.76634162000000e-01	1
9	10	14	15	1.75203374065076e-02	1.88408936000000e-01	0.00000000000000e+00	0.00000000000000e+00	-4.02495816127084e+02	-4.88655792844135e-01	1.96681912146027e+02	-9.20671180000000e-02	1
9	10	15	16	1.75305210146657e-02	1.88408936000000e-01	0.00000000000000e+00	0.00000000000000e+00	-6.98920229889560e+02	-1.87513876730348e-01	1.31057241831857e+02	-3.53292900000000e-02	1
9	10	16	17	1.75307684646032e-02	1.88408936000000e-01	0.00000000000000e+00	0.00000000000000e+00	-1.12620318095017e+03	-1.15434975971628e-01	1.30003237132153e+02	-2.17489810000000e-02	1
9	11	17	19	1.75309464214032e-02	1.32059901000000e-01	0.00000000000000e+00	0.00000000000000e+00	-3.77384672434573e+02	-3.42503724881635e-01	1.29255656022077e+02	-4.52310080000000e-02	1
9	11	19	21	1.75361975916875e-02	1.32059901000000e-01	0.00000000000000e+00	0.00000000000000e+00	-7.33165198707026e+02	-1.50722633057252e-01	1.10504589215066e+02	-1.99044160000000e-02	1
9	11	21	23	1.75396606480829e-02	1.32059901000000e-01	0.00000000000000e+00	0.00000000000000e+00	-1.28127919912119e+03	-7.87148023077800e-02	1.00855638859895e+02	-1.03950690000000e-02	1
9	11	23	18	1.75356815277487e-02	1.32059901000000e-01	0.00000000000000e+00	0.00000000000000e+00	3.08762151788142e+02	3.63071777556459e-01	1.12102823291878e+02	4.79472230000000e-02	1
9	11	18	20	1.75332467389519e-02	1.32059901000000e-01	0.00000000000000e+00	0.00000000000000e+00	-5.31327374774366e+02	-2.26437705719619e-01	1.20312551729936e+02	-2.99033410000000e-02	1
9	11	20	22	1.75408421213105e-02	1.32059901000000e-01	0.00000000000000e+00	0.00000000000000e+00	-9.85738434222507e+02	-9.93550646384325e-02	9.79381058487644e+01	-1.31208200000000e-02	1
9	11	22	24	1.75404695629113e-02	1.32059901000000e-01	0.00000000000000e+00	0.00000000000000e+00	-1.60388798063077e+03	-6.16250727009102e-02	9.88397134104873e+01	-8.13820100000000e-03	1
9	12	23	26	1.75481148804187e-02	1.85357915000000e-01	0.00000000000000e+00	0.00000000000000e+00	-8.02062974671969e+02	-1.03650669570814e-01	8.31343643627083e+01	-1.92124720000000e-02	1
9	12	26	29	1.75469906555495e-02	1.85357915000000e-01	0.00000000000000e+00	0.00000000000000e+00	-1.60766140439169e+03	-5.29485293357988e-02	8.51233070324648e+01	-9.81442900000000e-03	1
9	12	29	24	1.75481188732742e-02	1.85357915000000e-01	0.00000000000000e+00	0.00000000000000e+00	7.24022792177213e+02	1.14813327502092e-01	8.31274659572217e+01	2.12815590000000e-02	1
9	12	24	27	1.75476828778877e-02	1.85357915000000e-01	0.00000000000000e+00	0.00000000000000e+00	-9.91720671596530e+02	-8.45878850115465e-02	8.38875541325809e+01	-1.56790340000000e-02	1
9	12	27	30	1.75476689536743e-02	1.85357915000000e-01	0.00000000000000e+00	0.00000000000000e+00	-1.92228531388209e+03	-4.36522389669737e-02	8.39120578842850e+01	-8.09128800000000e-03	1
9	12	30	25	1.75462021046223e-02	1.85357915000000e-01	0.00000000000000e+00	0.00000000000000e+00	9.04703783564899e+02	9.56955682200029e-02	8.65761426390295e+01	1.77379310000000e-02	1
9	12	25	28	1.75467130607063e-02	1.85357915000000e-01	0.00000000000000e+00	0.00000000000000e+00	-1.27042682517153e+03	-6.74018803027645e-02	8.56291568036325e+01	-1.24934720000000e-02	1
9	12	28	31	1.75443209515413e-02	1.85357915000000e-01	0.00000000000000e+00	0.00000000000000e+00	-2.22175783828223e+03	-4.06213352151701e-02	9.02507699157940e+01	-7.52948600000000e-03	1
9	13	29	33	1.75407690731889e-02	1.72922104000000e-01	0.00000000000000e+00	0.00000000000000e+00	-1.42119411544975e+03	-6.90360209820255e-02	9.81135867737204e+01	-1.19378540000000e-02	1
9	13	33	37	1.75304808899691e-02	1.72922104000000e-01	0.00000000000000e+00	0.00000000000000e+00	-2.36779017376077e+03	-5.54228856711112e-02	1.31229764093524e+02	-9.58384200000000e-03	1
9	13	37	30	1.75347635370716e-02	1.72922104000000e-01	0.00000000000000e+00	0.00000000000000e+00	1.09623447152279e+03	1.04962116352690e-01	1.15063090149804e+02	1.81502700000000e-02	1
9	13	30	34	1.75378269367824e-02	1.72922104000000e-01	0.00000000000000e+00	0.00000000000000e+00	-1.63627493761549e+03	-6.46252950981906e-02	1.05744750705175e+02	-1.11751420000000e-02	1
9	13	34	38	1.75294106726751e-02	1.72922104000000e-01	0.00000000000000e+00	0.00000000000000e+00	-2.65428654118771e+03	-5.12397767262883e-02	1.36005049738050e+02	-8.86049000000000e-03	1
9	13	38	31	1.75325011736064e-02	1.72922104000000e-01	0.00000000000000e+00	0.00000000000000e+00	1.25372154019680e+03	9.81657209074902e-02	1.23072478810668e+02	1.69750230000000e-02	1
9	13	31	35	1.75361757294755e-02	1.72922104000000e-01	0.00000000000000e+00	0.00000000000000e+00	-1.86904710082102e+03	-5.91592211947641e-02	1.10571370860903e+02	-1.02299370000000e-02	1
9	13	35	32	1.75342484313909e-02	1.72922104000000e-01	0.00000000000000e+00	0.00000000000000e+00	2.68985372188055e+03	4.34200823742001e-02	1.16793670178602e+02	7.50829200000000e-03	1
9	13	32	36	1.75321747605388e-02	1.72922104000000e-01	0.00000000000000e+00	0.00000000000000e+00	-2.11783377642791e+03	-5.87019864158026e-02	1.24321049574799e+02	-1.01508710000000e-02	1
9	14	35	40	1.75265377522147e-02	1.59731435000000e-01	0.00000000000000e+00	0.00000000000000e+00	-1.95504204111866e+03	-7.70974041521633e-02	1.50728666378596e+02	-1.23148790000000e-02	1
9	14	40	45	1.75229855520993e-02	1.59731435000000e-01	0.00000000000000e+00	0.00000000000000e+00	-3.43647147644358e+03	-5.06398380506630e-02	1.74022359032825e+02	-8.08877400000000e-03	1
9	14	45	36	1.75250330298118e-02	1.59731435000000e-01	0.00000000000000e+00	0.00000000000000e+00	1.49433294979158e+03	1.06929910195823e-01	1.59788888123873e+02	1.70800680000000e-02	1
9	14	36	41	1.75267057149737e-02	1.59731435000000e-01	0.00000000000000e+00	0.00000000000000e+00	-2.22851149034217e+03	-6.72110846559414e-02	1.49780674434126e+02	-1.07357230000000e-02	1
9	14	41	37	1.75271359539097e-02	1.59731435000000e-01	0.00000000000000e+00	0.00000000000000e+00	2.99152965289816e+03	4.92744274162440e-02	1.47405910745272e+02	7.87067500000000e-03	1
9	14	37	42	1.75270447267008e-02	1.59731435000000e-01	0.00000000000000e+00	0.00000000000000e+00	-2.51429150345457e+03	-5.88249770622796e-02	1.47903140018600e+02	-9.39619800000000e-03	1
9	14	42	38	1.75270626830946e-02	1.59731435000000e-01	0.00000000000000e+00	0.00000000000000e+00	3.35700037014524e+03	4.40288913700675e-02	1.47805004626401e+02	7.03279800000000e-03	1
9	14	38	43	1.75262857228174e-02	1.59731435000000e-01	0.00000000000000e+00	0.00000000000000e+00	-2.81562855016118e+03	-5.40461431402028e-02	1.52173863651653e+02	-8.63286800000000e-03	1
9	14	43	39	1.75262313838209e-02	1.59731435000000e-01	0.00000000000000e+00	0.00000000000000e+00	3.72155670759241e+03	4.09745458055892e-02	1.52489095783343e+02	6.54492300000000e-03	1
9	14	39	44	1.75248418828175e-02	1.59731435000000e-01	0.00000000000000e+00	0.00000000000000e+00	-3.11759553613549e+03	-5.16482619717277e-02	1.61018390972215e+02	-8.24985100000000e-03	1
9	15	41	47	1.75206789785142e-02	1.35029139000000e-01	0.00000000000000e+00	0.00000000000000e+00	-2.63134632464527e+03	-7.35110960012861e-02	1.93433152283629e+02	-9.92614000000000e-03	1
9	15	47	42	1.75196541151151e-02	1.35029139000000e-01	0.00000000000000e+00	0.00000000000000e+00	3.33085014585839e+03	6.11014338171852e-02	2.03519719742128e+02	8.25047400000000e-03	1
9	15	42	48	1.75193198535245e-02	1.35029139000000e-01	0.00000000000000e+00	0.00000000000000e+00	-2.89102197419408e+03	-7.16151274577852e-02	2.07040907165167e+02	-9.67012900000000e-03	1
9	15	48	43	1.75187094300997e-02	1.35029139000000e-01	0.00000000000000e+00	0.00000000000000e+00	3.64956093816719e+03	5.85812740759607e-02	2.13795929575693e+02	7.91017900000000e-03	1
9	15	43	49	1.75193699872596e-02	1.35029139000000e-01	0.00000000000000e+00	0.00000000000000e+00	-3.13828770426818e+03	-6.58018192650995e-02	2.06505040318139e+02	-8.88516300000000e-03	1
9	15	49	44	1.75195223920235e-02	1.35029139000000e-01	0.00000000000000e+00	0.00000000000000e+00	3.94582953259776e+03	5.19264512232430e-02	2.04892924759669e+02	7.01158400000000e-03	1
9	15	44	50	1.75194536877106e-02	1.35029139000000e-01	0.00000000000000e+00	0.00000000000000e+00	-3.39209272209037e+03	-6.06164273920165e-02	2.05616542195579e+02	-8.18498400000000e-03	1
9	15	50	45	1.75194383309197e-02	1.35029139000000e-01	0.00000000000000e+00	0.00000000000000e+00	4.25216694946674e+03	4.83939099989373e-02	2.05778984652949e+02	6.53458800000000e-03	1
9	15	45	51	1.75196687364232e-02	1.35029139000000e-01	0.00000000000000e+00	0.00000000000000e+00	-3.66597985943878e+03	-5.54745076172040e-02	2.03368427636953e+02	-7.49067500000000e-03	1
9	15	51	46	1.75202278093746e-02	1.35029139000000e-01	0.00000000000000e+00	0.00000000000000e+00	4.58067869944845e+03	4.31699264556519e-02	1.97747562572161e+02	5.82919800000000e-03	1
9	15	46	52	1.75202390861769e-02	1.35029139000000e-01	0.00000000000000e+00	0.00000000000000e+00	-3.96405770319978e+03	-4.98573422733592e-02	1.97637381699778e+02	-6.73219400000000e-03	1
9	16	47	54	1.75195781094983e-02	1.74261658000000e-01	0.00000000000000e+00	0.00000000000000e+00	-3.17260028489505e+03	-6.43982223559471e-02	2.04309818593212e+02	-1.12221410000000e-02	1
9	16	54	48	1.75196409154003e-02	1.74261658000000e-01	0.00000000000000e+00	0.00000000000000e+00	3.84897065247840e+03	5.29119377482338e-02	2.03656495558716e+02	9.22052200000000e-03	1
9	16	48	55	1.75192817781506e-02	1.74261658000000e-01	0.00000000000000e+00	0.00000000000000e+00	-3.43872122110932e+03	-6.03275850847236e-02	2.07449747049117e+02	-1.05127850000000e-02	1
9	16	55	49	1.75182607234391e-02	1.74261658000000e-01	0.00000000000000e+00	0.00000000000000e+00	4.22377506221262e+03	5.18610410558587e-02	2.19049371912120e+02	9.03739100000000e-03	1
9	16	49	56	1.75181361981879e-02	1.74261658000000e-01	0.00000000000000e+00	0.00000000000000e+00	-3.76621735086576e+03	-5.85609830476880e-02	2.20553390437958e+02	-1.02049340000000e-02	1
9	16	56	50	1.75178337971586e-02	1.74261658000000e-01	0.00000000000000e+00	0.00000000000000e+00	4.64042059385382e+03	4.83346772702002e-02	2.24293231801915e+02	8.42288100000000e-03	1
9	16	50	57	1.75177260644583e-02	1.74261658000000e-01	0.00000000000000e+00	0.00000000000000e+00	-4.12748889314795e+03	-5.46715962039108e-02	2.25656406102311e+02	-9.52716300000000e-03	1
9	16	57	51	1.75169698733305e-02	1.74261658000000e-01	0.00000000000000e+00	0.00000000000000e+00	5.07938959053298e+03	4.64055437829015e-02	2.35711836033892e+02	8.08670700000000e-03	1
9	16	51	58	1.75169304132096e-02	1.74261658000000e-01	0.00000000000000e+00	0.00000000000000e+00	-4.51644349281342e+03	-5.23113409147066e-02	2.36261215274571e+02	-9.11586100000000e-03	1
9	16	58	52	1.75162403324444e-02	1.74261658000000e-01	0.00000000000000e+00	0.00000000000000e+00	5.54131386643399e+03	4.44480104739965e-02	2.46300376774960e+02	7.74558400000000e-03	1
9	16	52	59	1.75157442750967e-02	1.74261658000000e-01	0.00000000000000e+00	0.00000000000000e+00	-4.94402164145289e+03	-5.13874371607322e-02	2.54060601421460e+02	-8.95486000000000e-03	1
9	17	53	61	1.75148955726715e-02	2.18847020000000e-01	0.00000000000000e+00	0.00000000000000e+00	-4.10192693757198e+03	-6.54658582968139e-02	2.68536167638971e+02	-1.43270080000000e-02	1
9	17	61	54	1.75147844906895e-02	2.18847020000000e-01	0.00000000000000e+00	0.00000000000000e+00	4.88583140525694e+03	5.53751794289911e-02	2.70553790725903e+02	1.21186930000000e-02	1
9	17	54	62	1.75148338108370e-02	2.18847020000000e-01	0.00000000000000e+00	0.00000000000000e+00	-4.37501034484298e+03	-6.16351093106043e-02	2.69654240839421e+02	-1.34886600000000e-02	1
9	17	62	55	1.75146208819414e-02	2.18847020000000e-01	0.00000000000000e+00	0.00000000000000e+00	5.20532128600295e+03	5.25580060445877e-02	2.73581307613764e+02	1.15021630000000e-02	1
9	17	55	63	1.75150467131467e-02	2.18847020000000e-01	0.00000000000000e+00	0.00000000000000e+00	-4.61027012148531e+03	-5.76623021871625e-02	2.65838788909533e+02	-1.26192230000000e-02	1
9	17	63	56	1.75146578105242e-02	2.18847020000000e-01	0.00000000000000e+00	0.00000000000000e+00	5.46126733503759e+03	4.99686310556114e-02	2.72892052560555e+02	1.09354860000000e-02	1
9	17	56	64	1.75152941390268e-02	2.18847020000000e-01	0.00000000000000e+00	0.00000000000000e+00	-4.86396898984435e+03	-5.37705105602992e-02	2.61538095933393e+02	-1.17675160000000e-02	1
9	17	64	57	1.75150048552607e-02	2.18847020000000e-01	0.00000000000000e+00	0.00000000000000e+00	5.74203103220112e+03	4.64261473608368e-02	2.66580378851467e+02	1.01602240000000e-02	1
9	17	57	65	1.75153652266953e-02	2.18847020000000e-01	0.00000000000000e+00	0.00000000000000e+00	-5.21741000177508e+03	-4.98960369668273e-02	2.60328082319664e+02	-1.09195990000000e-02	1
9	17	65	58	1.75151027326165e-02	2.18847020000000e-01	0.00000000000000e+00	0.00000000000000e+00	6.13933521926365e+03	4.31402949877956e-02	2.64852732387997e+02	9.44112500000000e-03	1
9	17	58	66	1.75153434327604e-02	2.18847020000000e-01	0.00000000000000e+00	0.00000000000000e+00	-5.60875858577545e+03	-4.64804912582314e-02	2.60697854415666e+02	-1.01721170000000e-02	1
9	18	59	68	1.75149341371284e-02	2.18993027000000e-01	0.00000000000000e+00	0.00000000000000e+00	-4.82637349813106e+03	-5.54956482701159e-02	2.67842726072490e+02	-1.21531600000000e-02	1
9	18	68	60	1.75155799375123e-02	2.18993027000000e-01	0.00000000000000e+00	0.00000000000000e+00	5.58391262234109e+03	4.59785918206428e-02	2.56740439224756e+02	1.00689910000000e-02	1
9	18	60	69	1.75171030866604e-02	2.18993027000000e-01	0.00000000000000e+00	0.00000000000000e+00	-5.01651652989976e+03	-4.66211784907654e-02	2.33875912542332e+02	-1.02097130000000e-02	1
9	18	69	61	1.75179573358432e-02	2.18993027000000e-01	0.00000000000000e+00	0.00000000000000e+00	5.83860286516979e+03	3.81512832369772e-02	2.22750191617319e+02	8.35486500000000e-03	1
9	18	61	70	1.75185742466529e-02	2.18993027000000e-01	0.00000000000000e+00	0.00000000000000e+00	-5.21376712018843e+03	-4.13044795257339e-02	2.15351937267768e+02	-9.04539300000000e-03	1
9	18	70	62	1.75197316010062e-02	2.18993027000000e-01	0.00000000000000e+00	0.00000000000000e+00	6.08881966007923e+03	3.32938911338031e-02	2.02720498896038e+02	7.29113000000000e-03	1
9	18	62	71	1.75195436914960e-02	2.18993027000000e-01	0.00000000000000e+00	0.00000000000000e+00	-5.47735868061886e+03	-3.73664819930545e-02	2.04669624508846e+02	-8.18299900000000e-03	1
9	18	71	63	1.75195379638663e-02	2.18993027000000e-01	0.00000000000000e+00	0.00000000000000e+00	6.49384269199537e+03	3.15267298442338e-02	2.04729624201490e+02	6.90413400000000e-03	1
9	18	63	72	1.75191820013546e-02	2.18993027000000e-01	0.00000000000000e+00	0.00000000000000e+00	-5.86581212064443e+03	-3.55498625077227e-02	2.08528814385043e+02	-7.78517200000000e-03	1
10	11	12	13	1.75144437609499e-02	1.15148369000000e-01	0.00000000000000e+00	0.00000000000000e+00	-1.92338514495035e+01	-1.43983737190407e+01	2.76936181226463e+02	-1.65794925000000e+00	1
10	11	13	14	1.75173556524541e-02	1.15148369000000e-01	0.00000000000000e+00	0.00000000000000e+00	-7.61542300662669e+01	-3.02639084709919e+00	2.30472464840436e+02	-3.48483970000000e-01	1
10	11	14	15	1.75179569588385e-02	1.15148369000000e-01	0.00000000000000e+00	0.00000000000000e+00	-1.88667938260188e+02	-1.18067155601657e+00	2.22754868236094e+02	-1.35952404000000e-01	1
10	11	15	16	1.75290316190318e-02	1.15148369000000e-01	0.00000000000000e+00	0.00000000000000e+00	-3.74485485056539e+02	-3.67920295944444e-01	1.37780810488900e+02	-4.23654220000000e-02	1
10	11	16	17	1.75287792754760e-02	1.15148369000000e-01	0.00000000000000e+00	0.00000000000000e+00	-6.60118438438323e+02	-2.10551466864459e-01	1.38988905517465e+02	-2.42446580000000e-02	1
10	11	17	18	1.75296054085237e-02	1.15148369000000e-01	0.00000000000000e+00	0.00000000000000e+00	-1.04474806058007e+03	-1.29323473092354e-01	1.35110447700716e+02	-1.48913870000000e-02	1
10	12	18	20	1.75327836032927e-02	1.94118815000000e-01	0.00000000000000e+00	0.00000000000000e+00	-3.55464271226113e+02	-3.43247474491331e-01	1.22012213370265e+02	-6.66307930000000e-02	1
10	12	20	22	1.75408509853224e-02	1.94118815000000e-01	0.00000000000000e+00	0.00000000000000e+00	-7.10741166708058e+02	-1.37767248373116e-01	9.79168548428675e+01	-2.67432150000000e-02	1
10	12	22	24	1.75406740224617e-02	1.94118815000000e-01	0.00000000000000e+00	0.00000000000000e+00	-1.21566899299019e+03	-8.08960893358019e-02	9.83428674596991e+01	-1.57034530000000e-02	1
10	12	24	19	1.75378756110707e-02	1.94118815000000e-01	0.00000000000000e+00	0.00000000000000e+00	2.96202561066167e+02	3.56542687528769e-01	1.05608857175436e+02	6.92116440000000e-02	1
10	12	19	21	1.75357190305300e-02	1.94118815000000e-01	0.00000000000000e+00	0.00000000000000e+00	-5.11348137220090e+02	-2.18999765684743e-01	1.11985122234530e+02	-4.25119750000000e-02	1
10	12	21	23	1.75396131506259e-02	1.94118815000000e-01	0.00000000000000e+00	0.00000000000000e+00	-9.49169938922193e+02	-1.06384077195196e-01	1.00976568053658e+02	-2.06511510000000e-02	1
10	12	23	25	1.75492814452219e-02	1.94118815000000e-01	0.00000000000000e+00	0.00000000000000e+00	-1.46386763400759e+03	-5.54465779115744e-02	8.11664508212339e+01	-1.07632240000000e-02	1
10	13	24	27	1.75463942243924e-02	1.80302760000000e-01	0.00000000000000e+00	0.00000000000000e+00	-7.99210046286801e+02	-1.07878559374244e-01	8.62176284308427e+01	-1.94508020000000e-02	1
10	13	27	30	1.75482174960826e-02	1.80302760000000e-01	0.00000000000000e+00	0.00000000000000e+00	-1.61141134217313e+03	-5.14812307920300e-02	8.29574392073100e+01	-9.28220800000000e-03	1
10	13	30	25	1.75457723691157e-02	1.80302760000000e-01	0.00000000000000e+00	0.00000000000000e+00	7.46538584375183e+02	1.17058873641202e-01	8.73889658166565e+01	2.11060380000000e-02	1
10	13	25	28	1.75460475765646e-02	1.80302760000000e-01	0.00000000000000e+00	0.00000000000000e+00	-1.03934612913531e+03	-8.35781992466449e-02	8.68666778670998e+01	-1.50693800000000e-02	1
10	13	28	31	1.75448118312050e-02	1.80302760000000e-01	0.00000000000000e+00	0.00000000000000e+00	-1.88093208163410e+03	-4.74563340017646e-02	8.92621411006621e+01	-8.55650800000000e-03	1
10	13	31	26	1.75457401003686e-02	1.80302760000000e-01	0.00000000000000e+00	0.00000000000000e+00	9.27200595594754e+02	9.43168257657287e-02	8.74506170245903e+01	1.70055840000000e-02	1
10	13	26	29	1.75463751585822e-02	1.80302760000000e-01	0.00000000000000e+00	0.00000000000000e+00	-1.33274630446302e+03	-6.47182993760051e-02	8.62530743245025e+01	-1.16688880000000e-02	1
10	13	29	32	1.75436890401196e-02	1.80302760000000e-01	0.00000000000000e+00	0.00000000000000e+00	-2.17315254846607e+03	-4.21305641688458e-02	9.15561428918406e+01	-7.59625700000000e-03	1
10	14	30	34	1.75367962944089e-02	1.66412786000000e-01	0.00000000000000e+00	0.00000000000000e+00	-1.41549036788738e+03	-7.67978369162091e-02	1.08706598429480e+02	-1.27801420000000e-02	1
10	14	34	38	1.75288711968120e-02	1.66412786000000e-01	0.00000000000000e+00	0.00000000000000e+00	-2.35724184750502e+03	-5.87747866921716e-02	1.38546386768968e+02	-9.78087600000000e-03	1
10	14	38	31	1.75317744507079e-02	1.66412786000000e-01	0.00000000000000e+00	0.00000000000000e+00	1.10074445631615e+03	1.14365605296699e-01	1.25887306023582e+02	1.90318990000000e-02	1
10	14	31	35	1.75353648891858e-02	1.66412786000000e-01	0.00000000000000e+00	0.00000000000000e+00	-1.62934279321142e+03	-6.94185000904918e-02	1.13106532837989e+02	-1.15521260000000e-02	1
10	14	35	39	1.75263218837292e-02	1.66412786000000e-01	0.00000000000000e+00	0.00000000000000e+00	-2.71922697741162e+03	-5.58852971790281e-02	1.51964807729879e+02	-9.30002800000000e-03	1
10	14	39	32	1.75297460428567e-02	1.66412786000000e-01	0.00000000000000e+00	0.00000000000000e+00	1.26197143072367e+03	1.06556824305555e-01	1.34471668022252e+02	1.77324180000000e-02	1
10	14	32	36	1.75314744947333e-02	1.66412786000000e-01	0.00000000000000e+00	0.00000000000000e+00	-1.85909971570722e+03	-6.83594468516379e-02	1.27087028207783e+02	-1.13758860000000e-02	1
10	14	36	33	1.75305382497503e-02	1.66412786000000e-01	0.00000000000000e+00	0.00000000000000e+00	2.62351229906503e+03	4.99266865227531e-02	1.30983276144007e+02	8.30843900000000e-03	1
10	14	33	37	1.75295241006282e-02	1.66412786000000e-01	0.00000000000000e+00	0.00000000000000e+00	-2.09121688278245e+03	-6.47864581751549e-02	1.35482535111563e+02	-1.07812950000000e-02	1
10	15	36	41	1.75263551265868e-02	1.40609584000000e-01	0.00000000000000e+00	0.00000000000000e+00	-2.00144864347310e+03	-7.58316374792774e-02	1.51773127965243e+02	-1.06626550000000e-02	1
10	15	41	46	1.75205989944404e-02	1.40609584000000e-01	0.00000000000000e+00	0.00000000000000e+00	-3.46716601376604e+03	-5.60066161635184e-02	1.94184236108191e+02	-7.87506700000000e-03	1
10	15	46	37	1.75235792764475e-02	1.40609584000000e-01	0.00000000000000e+00	0.00000000000000e+00	1.51615357475934e+03	1.11888724455653e-01	1.69640489558701e+02	1.57326270000000e-02	1
10	15	37	42	1.75262820728541e-02	1.40609584000000e-01	0.00000000000000e+00	0.00000000000000e+00	-2.26836836301168e+03	-6.70944805583096e-02	1.52194997031172e+02	-9.43412700000000e-03	1
10	15	42	38	1.75262828181130e-02	1.40609584000000e-01	0.00000000000000e+00	0.00000000000000e+00	3.03649681905097e+03	5.01204811188404e-02	1.52190681486663e+02	7.04742000000000e-03	1
10	15	38	43	1.75255136551485e-02	1.40609584000000e-01	0.00000000000000e+00	0.00000000000000e+00	-2.55082984036807e+03	-6.14618773070262e-02	1.56778790679804e+02	-8.64212900000000e-03	1
10	15	43	39	1.75254557964952e-02	1.40609584000000e-01	0.00000000000000e+00	0.00000000000000e+00	3.37939835969929e+03	4.64979613338448e-02	1.57135134260956e+02	6.53805900000000e-03	1
10	15	39	44	1.75240857817542e-02	1.40609584000000e-01	0.00000000000000e+00	0.00000000000000e+00	-2.83515351605925e+03	-5.85763983200462e-02	1.66073081655166e+02	-8.23640300000000e-03	1
10	15	44	40	1.75228182121251e-02	1.40609584000000e-01	0.00000000000000e+00	0.00000000000000e+00	3.74563481063996e+03	4.68007643063648e-02	1.75298571950476e+02	6.58063600000000e-03	1
10	15	40	45	1.75222069948426e-02	1.40609584000000e-01	0.00000000000000e+00	0.00000000000000e+00	-3.13622494263636e+03	-5.74331974412214e-02	1.80123426350517e+02	-8.07565800000000e-03	1
10	16	42	48	1.75199223711042e-02	1.81024353000000e-01	0.00000000000000e+00	0.00000000000000e+00	-2.65605383879356e+03	-7.55930888481065e-02	2.00779313821276e+02	-1.36841900000000e-02	1
10	16	48	43	1.75192391611362e-02	1.81024353000000e-01	0.00000000000000e+00	0.00000000000000e+00	3.35908458926334e+03	6.18946225428575e-02	2.07909272741984e+02	1.12044340000000e-02	1
10	16	43	49	1.75200764662168e-02	1.81024353000000e-01	0.00000000000000e+00	0.00000000000000e+00	-2.89199202572002e+03	-6.88930842360199e-02	1.99238250237827e+02	-1.24713260000000e-02	1
10	16	49	44	1.75202030503905e-02	1.81024353000000e-01	0.00000000000000e+00	0.00000000000000e+00	3.64237783018127e+03	5.43573217466492e-02	1.97989903638025e+02	9.83999900000000e-03	1
10	16	44	50	1.75201234623607e-02	1.81024353000000e-01	0.00000000000000e+00	0.00000000000000e+00	-3.13478985126830e+03	-6.34087005962121e-02	1.98772951111116e+02	-1.14785190000000e-02	1
10	16	50	45	1.75200733924709e-02	1.81024353000000e-01	0.00000000000000e+00	0.00000000000000e+00	3.93593330387038e+03	5.06280831728756e-02	1.99268758671241e+02	9.16491600000000e-03	1
10	16	45	51	1.75203226133090e-02	1.81024353000000e-01	0.00000000000000e+00	0.00000000000000e+00	-3.39692051637179e+03	-5.79422095766308e-02	1.96825080474771e+02	-1.04889510000000e-02	1
10	16	51	46	1.75208990262859e-02	1.81024353000000e-01	0.00000000000000e+00	0.00000000000000e+00	4.25086761348588e+03	4.50252734779834e-02	1.91396476815904e+02	8.15067100000000e-03	1
10	16	46	52	1.75209005831844e-02	1.81024353000000e-01	0.00000000000000e+00	0.00000000000000e+00	-3.68221353344970e+03	-5.19747749077717e-02	1.91382219563399e+02	-9.40870000000000e-03	1
10	16	52	47	1.75212977115344e-02	1.81024353000000e-01	0.00000000000000e+00	0.00000000000000e+00	4.57658373883255e+03	4.10379480820462e-02	1.87813605867347e+02	7.42886800000000e-03	1
10	16	47	53	1.75204869080978e-02	1.81024353000000e-01	0.00000000000000e+00	0.00000000000000e+00	-3.99100779332601e+03	-4.89216387366400e-02	1.95246641460210e+02	-8.85600800000000e-03	1
10	17	48	55	1.75195378938147e-02	2.28933126000000e-01	0.00000000000000e+00	0.00000000000000e+00	-3.21782363509547e+03	-6.36238593099017e-02	2.04730358243391e+02	-1.45656090000000e-02	1
10	17	55	49	1.75184657584860e-02	2.28933126000000e-01	0.00000000000000e+00	0.00000000000000e+00	3.95774467724674e+03	5.47324723989485e-02	2.16617151309492e+02	1.25300760000000e-02	1
10	17	49	56	1.75185898234267e-02	2.28933126000000e-01	0.00000000000000e+00	0.00000000000000e+00	-3.53172724413891e+03	-6.09252852293643e-02	2.15171489701480e+02	-1.39478160000000e-02	1
10	17	56	50	1.75182753295020e-02	2.28933126000000e-01	0.00000000000000e+00	0.00000000000000e+00	4.35707009013688e+03	5.02342854480570e-02	2.18874302625127e+02	1.15002920000000e-02	1
10	17	50	57	1.75181557714086e-02	2.28933126000000e-01	0.00000000000000e+00	0.00000000000000e+00	-3.87832143843199e+03	-5.68069515636632e-02	2.20315618101323e+02	-1.30049930000000e-02	1
10	17	57	51	1.75173668456720e-02	2.28933126000000e-01	0.00000000000000e+00	0.00000000000000e+00	4.77847457464322e+03	4.82003028255509e-02	2.30323921541999e+02	1.10346460000000e-02	1
10	17	51	58	1.75173162589042e-02	2.28933126000000e-01	0.00000000000000e+00	0.00000000000000e+00	-4.25183294658433e+03	-5.43287518818924e-02	2.30996777198236e+02	-1.24376510000000e-02	1
10	17	58	52	1.75165949894427e-02	2.28933126000000e-01	0.00000000000000e+00	0.00000000000000e+00	5.22248770137896e+03	4.61536003313037e-02	2.41036610104594e+02	1.05660880000000e-02	1
10	17	52	59	1.75160807596303e-02	2.28933126000000e-01	0.00000000000000e+00	0.00000000000000e+00	-4.66252208063210e+03	-5.33497673027887e-02	2.48744468045837e+02	-1.22135290000000e-02	1
10	17	59	53	1.75159673597635e-02	2.28933126000000e-01	0.00000000000000e+00	0.00000000000000e+00	5.68350670301522e+03	4.40768453928332e-02	2.50511046237933e+02	1.00906500000000e-02	1
10	17	53	60	1.75153585871308e-02	2.28933126000000e-01	0.00000000000000e+00	0.00000000000000e+00	-5.05475260115488e+03	-5.15239109607930e-02	2.60440622950741e+02	-1.17955300000000e-02	1
10	18	54	62	1.75148754820428e-02	2.29335409000000e-01	0.00000000000000e+00	0.00000000000000e+00	-4.13541884749235e+03	-6.50233649702127e-02	2.68898849025191e+02	-1.49121600000000e-02	1
10	18	62	55	1.75146310901539e-02	2.29335409000000e-01	0.00000000000000e+00	0.00000000000000e+00	4.92495312183817e+03	5.55112751908276e-02	2.73390428048284e+02	1.27307010000000e-02	1
10	18	55	63	1.75152143419920e-02	2.29335409000000e-01	0.00000000000000e+00	0.00000000000000e+00	-4.36494861440330e+03	-6.02320551380707e-02	2.62909825617585e+02	-1.38133430000000e-02	1
10	18	63	56	1.75148212729010e-02	2.29335409000000e-01	0.00000000000000e+00	0.00000000000000e+00	5.17535397406738e+03	5.21476123209565e-02	2.69882352663387e+02	1.19592940000000e-02	1
10	18	56	64	1.75154612550330e-02	2.29335409000000e-01	0.00000000000000e+00	0.00000000000000e+00	-4.61219932953204e+03	-5.60928077181488e-02	2.58711210149215e+02	-1.28640670000000e-02	1
10	18	64	57	1.75151500546038e-02	2.29335409000000e-01	0.00000000000000e+00	0.00000000000000e+00	5.44950918278618e+03	4.84494001534669e-02	2.64025451036800e+02	1.11111630000000e-02	1
10	18	57	65	1.75155104072442e-02	2.29335409000000e-01	0.00000000000000e+00	0.00000000000000e+00	-4.95405385847197e+03	-5.20566320397562e-02	2.57891358815610e+02	-1.19384290000000e-02	1
10	18	65	58	1.75152618645582e-02	2.29335409000000e-01	0.00000000000000e+00	0.00000000000000e+00	5.83414105151164e+03	4.49236951455673e-02	2.62091174034348e+02	1.03025940000000e-02	1
10	18	58	66	1.75155016526048e-02	2.29335409000000e-01	0.00000000000000e+00	0.00000000000000e+00	-5.33232009233085e+03	-4.83911317854976e-02	2.58037004310439e+02	-1.10978000000000e-02	1
10	18	66	59	1.75160409590201e-02	2.29335409000000e-01	0.00000000000000e+00	0.00000000000000e+00	6.22878802535684e+03	4.00337350435057e-02	2.49361649449296e+02	9.18115300000000e-03	1
10	18	59	67	1.75161334532745e-02	2.29335409000000e-01	0.00000000000000e+00	0.00000000000000e+00	-5.70971544659721e+03	-4.34228366366225e-02	2.47932041079190e+02	-9.95839400000000e-03	1
10	19	60	69	1.75166634392069e-02	2.28688950000000e-01	0.00000000000000e+00	0.00000000000000e+00	-4.75895212107028e+03	-5.04410379250943e-02	2.40046484422614e+02	-1.15353080000000e-02	1
10	19	69	61	1.75173302572847e-02	2.28688950000000e-01	0.00000000000000e+00	0.00000000000000e+00	5.54293149985273e+03	4.16404552996548e-02	2.30810191348667e+02	9.52271200000000e-03	1
10	19	61	70	1.75188337258817e-02	2.28688950000000e-01	0.00000000000000e+00	0.00000000000000e+00	-4.95266548290343e+03	-4.28829595833117e-02	2.12384953733011e+02	-9.80685900000000e-03	1
10	19	70	62	1.75200262747834e-02	2.28688950000000e-01	0.00000000000000e+00	0.00000000000000e+00	5.78819539929393e+03	3.45077494999212e-02	1.99737596895431e+02	7.89154100000000e-03	1
10	19	62	71	1.75198293501688e-02	2.28688950000000e-01	0.00000000000000e+00	0.00000000000000e+00	-5.20968787556470e+03	-3.87203972907305e-02	2.01721184302567e+02	-8.85492700000000e-03	1
10	19	71	63	1.75198085989235e-02	2.28688950000000e-01	0.00000000000000e+00	0.00000000000000e+00	6.18140680503302e+03	3.26677261844090e-02	2.01932504941261e+02	7.47074800000000e-03	1
10	19	63	72	1.75194564635371e-02	2.28688950000000e-01	0.00000000000000e+00	0.00000000000000e+00	-5.58627192540112e+03	-3.68022197836844e-02	2.05587207170037e+02	-8.41626100000000e-03	1
11	12	14	15	1.75146466926077e-02	1.37910207000000e-01	0.00000000000000e+00	0.00000000000000e+00	-7.39489511409791e+01	-3.69307736591244e+00	2.73099197691715e+02	-5.09313064000000e-01	1
11	12	15	16	1.75285072337188e-02	1.37910207000000e-01	0.00000000000000e+00	0.00000000000000e+00	-1.83428125984650e+02	-7.64960457205318e-01	1.40315263117532e+02	-1.05495855000000e-01	1
11	12	16	17	1.75302236013973e-02	1.37910207000000e-01	0.00000000000000e+00	0.00000000000000e+00	-3.70311947532075e+02	-3.57393010076477e-01	1.32346901595771e+02	-4.92881440000000e-02	1
11	12	17	18	1.75295609373341e-02	1.37910207000000e-01	0.00000000000000e+00	0.00000000000000e+00	-6.42292479123734e+02	-2.10673035970427e-01	1.35313706557969e+02	-2.90539620000000e-02	1
11	12	18	19	1.75326037306541e-02	1.37910207000000e-01	0.00000000000000e+00	0.00000000000000e+00	-9.93999457719226e+02	-1.23425969478822e-01	1.22685346730419e+02	-1.70217010000000e-02	1
11	13	19	21	1.75325885776826e-02	1.30701808000000e-01	0.00000000000000e+00	0.00000000000000e+00	-3.58593297786271e+02	-3.42288585633031e-01	1.22742392716747e+02	-4.47377370000000e-02	1
11	13	21	23	1.75371427687748e-02	1.30701808000000e-01	0.00000000000000e+00	0.00000000000000e+00	-7.18071703592064e+02	-1.49974665996969e-01	1.07692563908095e+02	-1.96019600000000e-02	1
11	13	23	25	1.75467664892306e-02	1.30701808000000e-01	0.00000000000000e+00	0.00000000000000e+00	-1.16604059842807e+03	-7.33519309847650e-02	8.55313295013298e+01	-9.58723000000000e-03	1
11	13	25	20	1.75387469890665e-02	1.30701808000000e-01	0.00000000000000e+00	0.00000000000000e+00	2.96462975363425e+02	3.48218281724152e-01	1.03233827875882e+02	4.55127590000000e-02	1
11	13	20	22	1.75374624765606e-02	1.30701808000000e-01	0.00000000000000e+00	0.00000000000000e+00	-5.19980790261787e+02	-2.05341252815722e-01	1.06773506912465e+02	-2.68384730000000e-02	1
11	13	22	24	1.75379170484793e-02	1.30701808000000e-01	0.00000000000000e+00	0.00000000000000e+00	-9.45548745834418e+02	-1.11568487254591e-01	1.05493443198222e+02	-1.45822030000000e-02	1
11	13	24	26	1.75480720009489e-02	1.30701808000000e-01	0.00000000000000e+00	0.00000000000000e+00	-1.43633638040992e+03	-5.79310808003513e-02	8.32085189100111e+01	-7.57169700000000e-03	1
11	14	25	28	1.75410868549052e-02	1.23915329000000e-01	0.00000000000000e+00	0.00000000000000e+00	-8.55803819663179e+02	-1.13758242129995e-01	9.73547381330186e+01	-1.40963900000000e-02	1
11	14	28	31	1.75435306402223e-02	1.23915329000000e-01	0.00000000000000e+00	0.00000000000000e+00	-1.61154645497512e+03	-5.70193297069808e-02	9.18892986543424e+01	-7.06556900000000e-03	1
11	14	31	26	1.75423426799041e-02	1.23915329000000e-01	0.00000000000000e+00	0.00000000000000e+00	7.82465174353753e+02	1.20730398093040e-01	9.44673319936684e+01	1.49603470000000e-02	1
11	14	26	29	1.75425931709480e-02	1.23915329000000e-01	0.00000000000000e+00	0.00000000000000e+00	-1.11450994456776e+03	-8.42628356335155e-02	9.39117682710315e+01	-1.04414570000000e-02	1
11	14	29	32	1.75412580687254e-02	1.23915329000000e-01	0.00000000000000e+00	0.00000000000000e+00	-1.88068318810260e+03	-5.15508053083570e-02	9.69507328765774e+01	-6.38793500000000e-03	1
11	14	32	27	1.75433996558528e-02	1.23915329000000e-01	0.00000000000000e+00	0.00000000000000e+00	9.41978113709543e+02	9.78437058420754e-02	9.21666294674696e+01	1.21243350000000e-02	1
11	14	27	30	1.75446254386989e-02	1.23915329000000e-01	0.00000000000000e+00	0.00000000000000e+00	-1.36504699978012e+03	-6.56643860421821e-02	8.96349731592844e+01	-8.13682400000000e-03	1
11	14	30	33	1.75387090033111e-02	1.23915329000000e-01	0.00000000000000e+00	0.00000000000000e+00	-2.20388829680908e+03	-4.68876453533848e-02	1.03335132859260e+02	-5.81009800000000e-03	1
11	15	31	35	1.75324579060891e-02	1.09517703000000e-01	0.00000000000000e+00	0.00000000000000e+00	-1.42926155866602e+03	-8.62239230857499e-02	1.23236538703838e+02	-9.44304600000000e-03	1
11	15	35	39	1.75266543408619e-02	1.09517703000000e-01	0.00000000000000e+00	0.00000000000000e+00	-2.44975721379475e+03	-6.12588724582728e-02	1.50069364713586e+02	-6.70893100000000e-03	1
11	15	39	32	1.75285185491928e-02	1.09517703000000e-01	0.00000000000000e+00	0.00000000000000e+00	1.12361697068566e+03	1.24828649848509e-01	1.40259589397562e+02	1.36709470000000e-02	1
11	15	32	36	1.75298543465547e-02	1.09517703000000e-01	0.00000000000000e+00	0.00000000000000e+00	-1.64364199724964e+03	-8.15164375753936e-02	1.33983840265096e+02	-8.92749300000000e-03	1
11	15	36	40	1.75265903461275e-02	1.09517703000000e-01	0.00000000000000e+00	0.00000000000000e+00	-2.83202640525285e+03	-5.31176315850963e-02	1.50430535233486e+02	-5.81732100000000e-03	1
11	15	40	33	1.75279203278892e-02	1.09517703000000e-01	0.00000000000000e+00	0.00000000000000e+00	1.27804409851360e+03	1.12096909117972e-01	1.43264793159838e+02	1.22765960000000e-02	1
11	15	33	37	1.75285134149639e-02	1.09517703000000e-01	0.00000000000000e+00	0.00000000000000e+00	-1.86154461990270e+03	-7.53593782002532e-02	1.40284845047894e+02	-8.25318600000000e-03	1
11	15	37	34	1.75282904053511e-02	1.09517703000000e-01	0.00000000000000e+00	0.00000000000000e+00	2.62996181514711e+03	5.37615000928206e-02	1.41390692369146e+02	5.88783600000000e-03	1
11	15	34	38	1.75278344341323e-02	1.09517703000000e-01	0.00000000000000e+00	0.00000000000000e+00	-2.11135881337002e+03	-6.80636992541745e-02	1.43706891290868e+02	-7.45418000000000e-03	1
11	16	37	42	1.75268158652034e-02	1.32353846000000e-01	0.00000000000000e+00	0.00000000000000e+00	-2.05875173968437e+03	-7.24543055590542e-02	1.49165427617325e+02	-9.58960600000000e-03	1
11	16	42	47	1.75208961812929e-02	1.32353846000000e-01	0.00000000000000e+00	0.00000000000000e+00	-3.54283022340947e+03	-5.40309648425328e-02	1.91422535244100e+02	-7.15120600000000e-03	1
11	16	47	38	1.75237422167975e-02	1.32353846000000e-01	0.00000000000000e+00	0.00000000000000e+00	1.55260940622437e+03	1.08511686165886e-01	1.68476264626422e+02	1.43619390000000e-02	1
11	16	38	43	1.75267211669802e-02	1.32353846000000e-01	0.00000000000000e+00	0.00000000000000e+00	-2.32577151567056e+03	-6.43631844291098e-02	1.49694061003074e+02	-8.51871500000000e-03	1
11	16	43	39	1.75266475751398e-02	1.32353846000000e-01	0.00000000000000e+00	0.00000000000000e+00	3.08917028590554e+03	4.85915158068017e-02	1.50107466777481e+02	6.43127400000000e-03	1
11	16	39	44	1.75252119092276e-02	1.32353846000000e-01	0.00000000000000e+00	0.00000000000000e+00	-2.59584208809057e+03	-6.11189643858177e-02	1.58655180133214e+02	-8.08933000000000e-03	1
11	16	44	40	1.75238271207092e-02	1.32353846000000e-01	0.00000000000000e+00	0.00000000000000e+00	3.43759534727399e+03	4.88352790292169e-02	1.67875927973663e+02	6.46353700000000e-03	1
11	16	40	45	1.75231729444655e-02	1.32353846000000e-01	0.00000000000000e+00	0.00000000000000e+00	-2.88267862613887e+03	-5.98801035218878e-02	1.72615094553529e+02	-7.92536200000000e-03	1
11	16	45	41	1.75223911885493e-02	1.32353846000000e-01	0.00000000000000e+00	0.00000000000000e+00	3.82103394614201e+03	4.67521888257029e-02	1.78641700559452e+02	6.18783200000000e-03	1
11	16	41	46	1.75216048571082e-02	1.32353846000000e-01	0.00000000000000e+00	0.00000000000000e+00	-3.19850390242265e+03	-5.78844229430250e-02	1.85143552672749e+02	-7.66122600000000e-03	1
11	17	43	49	1.75202502093272e-02	1.56329666000000e-01	0.00000000000000e+00	0.00000000000000e+00	-2.68958147984040e+03	-7.34422153758072e-02	1.97528822313221e+02	-1.14811970000000e-02	1
11	17	49	44	1.75202529584919e-02	1.56329666000000e-01	0.00000000000000e+00	0.00000000000000e+00	3.39372597160833e+03	5.81962159376711e-02	1.97502009477001e+02	9.09779500000000e-03	1
11	17	44	50	1.75206745388225e-02	1.56329666000000e-01	0.00000000000000e+00	0.00000000000000e+00	-2.92433936078067e+03	-6.61601362341553e-02	1.93474690504152e+02	-1.03427920000000e-02	1
11	17	50	45	1.75206035125448e-02	1.56329666000000e-01	0.00000000000000e+00	0.00000000000000e+00	3.67807239813740e+03	5.27835324614587e-02	1.94141653822681e+02	8.25163200000000e-03	1
11	17	45	51	1.75208639236935e-02	1.56329666000000e-01	0.00000000000000e+00	0.00000000000000e+00	-3.17794395039129e+03	-6.03278395029642e-02	1.91718492588622e+02	-9.43103100000000e-03	1
11	17	51	46	1.75214529608662e-02	1.56329666000000e-01	0.00000000000000e+00	0.00000000000000e+00	3.98329487877862e+03	4.68091001998303e-02	1.86454449106219e+02	7.31765100000000e-03	1
11	17	46	52	1.75214346871176e-02	1.56329666000000e-01	0.00000000000000e+00	0.00000000000000e+00	-3.45400150067929e+03	-5.40281778635668e-02	1.86613407419728e+02	-8.44620700000000e-03	1
11	17	52	47	1.75218296451025e-02	1.56329666000000e-01	0.00000000000000e+00	0.00000000000000e+00	4.29932315874098e+03	4.26199784754865e-02	1.83237060484702e+02	6.66276700000000e-03	1
11	17	47	53	1.75210042719038e-02	1.56329666000000e-01	0.00000000000000e+00	0.00000000000000e+00	-3.75273054364595e+03	-5.07463695342380e-02	1.90437450930279e+02	-7.93316300000000e-03	1
11	17	53	48	1.75212979795855e-02	1.56329666000000e-01	0.00000000000000e+00	0.00000000000000e+00	4.67902478110549e+03	4.01389714476841e-02	1.87811242091800e+02	6.27491200000000e-03	1
11	17	48	54	1.75203481992178e-02	1.56329666000000e-01	0.00000000000000e+00	0.00000000000000e+00	-4.08578665239953e+03	-4.81125444226306e-02	1.96577591814964e+02	-7.52141800000000e-03	1
11	18	49	56	1.75184534403234e-02	1.57762573000000e-01	0.00000000000000e+00	0.00000000000000e+00	-3.32702191664777e+03	-6.51518849150616e-02	2.16761749023323e+02	-1.02785290000000e-02	1
11	18	56	50	1.75180561032294e-02	1.57762573000000e-01	0.00000000000000e+00	0.00000000000000e+00	4.11023391211598e+03	5.38975996543870e-02	2.21531741881112e+02	8.50302400000000e-03	1
11	18	50	57	1.75184155313579e-02	1.57762573000000e-01	0.00000000000000e+00	0.00000000000000e+00	-3.66150980031072e+03	-5.93219660533807e-02	2.17207960078153e+02	-9.35878600000000e-03	1
11	18	57	51	1.75175949171340e-02	1.57762573000000e-01	0.00000000000000e+00	0.00000000000000e+00	4.51720395264185e+03	5.03272344575668e-02	2.27338382417254e+02	7.93975400000000e-03	1
11	18	51	58	1.75175273939839e-02	1.57762573000000e-01	0.00000000000000e+00	0.00000000000000e+00	-4.02235640132352e+03	-5.67364415386405e-02	2.28214188811268e+02	-8.95088700000000e-03	1
11	18	58	52	1.75167846882791e-02	1.57762573000000e-01	0.00000000000000e+00	0.00000000000000e+00	4.94660675047727e+03	4.81769525906503e-02	2.38312438902334e+02	7.60052000000000e-03	1
11	18	52	59	1.75162649132993e-02	1.57762573000000e-01	0.00000000000000e+00	0.00000000000000e+00	-4.41923086806715e+03	-5.56495360911742e-02	2.45928147687734e+02	-8.77941400000000e-03	1
11	18	59	53	1.75161376729483e-02	1.57762573000000e-01	0.00000000000000e+00	0.00000000000000e+00	5.39285878329224e+03	4.59621180240259e-02	2.47867211884583e+02	7.25110200000000e-03	1
11	18	53	60	1.75155180722460e-02	1.57762573000000e-01	0.00000000000000e+00	0.00000000000000e+00	-4.79947362361336e+03	-5.37067178791512e-02	2.57763975871831e+02	-8.47291000000000e-03	1
11	18	60	54	1.75154694585643e-02	1.57762573000000e-01	0.00000000000000e+00	0.00000000000000e+00	5.84862111983750e+03	4.42111070285346e-02	2.58574014298483e+02	6.97485800000000e-03	1
11	18	54	61	1.75151699657782e-02	1.57762573000000e-01	0.00000000000000e+00	0.00000000000000e+00	-5.15873706830381e+03	-5.11130735678354e-02	2.63678907289332e+02	-8.06373000000000e-03	1
11	19	55	63	1.75150521075623e-02	1.58188248000000e-01	0.00000000000000e+00	0.00000000000000e+00	-4.13316843121497e+03	-6.42953514473465e-02	2.65743516876044e+02	-1.01707690000000e-02	1
11	19	63	56	1.75145897590375e-02	1.58188248000000e-01	0.00000000000000e+00	0.00000000000000e+00	4.90540226858755e+03	5.58904034388193e-02	2.74164911821058e+02	8.84120500000000e-03	1
11	19	56	64	1.75156507709132e-02	1.58188248000000e-01	0.00000000000000e+00	0.00000000000000e+00	-4.37457099562705e+03	-5.84236636845488e-02	2.55578464612696e+02	-9.24193700000000e-03	1
11	19	64	57	1.75153386940036e-02	1.58188248000000e-01	0.00000000000000e+00	0.00000000000000e+00	5.17361234196600e+03	5.04054763916470e-02	2.60778394762501e+02	7.97355400000000e-03	1
11	19	57	65	1.75157002276510e-02	1.58188248000000e-01	0.00000000000000e+00	0.00000000000000e+00	-4.70574592946754e+03	-5.41409119089555e-02	2.54773375833228e+02	-8.56445600000000e-03	1
11	19	65	58	1.75154250605274e-02	1.58188248000000e-01	0.00000000000000e+00	0.00000000000000e+00	5.54659354026373e+03	4.67527082037093e-02	2.59318269312529e+02	7.39572900000000e-03	1
11	19	58	66	1.75156717497809e-02	1.58188248000000e-01	0.00000000000000e+00	0.00000000000000e+00	-5.07195179142604e+03	-5.03230998550537e-02	2.55236336459951e+02	-7.96052300000000e-03	1
11	19	66	59	1.75162225753590e-02	1.58188248000000e-01	0.00000000000000e+00	0.00000000000000e+00	5.92932813330222e+03	4.15848084998071e-02	2.46569974955892e+02	6.57822800000000e-03	1
11	19	59	67	1.75163347789872e-02	1.58188248000000e-01	0.00000000000000e+00	0.00000000000000e+00	-5.43765748220736e+03	-4.50334148716281e-02	2.44876285326057e+02	-7.12375700000000e-03	1
11	19	67	60	1.75174403259331e-02	1.58188248000000e-01	0.00000000000000e+00	0.00000000000000e+00	6.37612147168320e+03	3.59706936004500e-02	2.29353511817167e+02	5.69014100000000e-03	1
11	19	60	68	1.75170716324742e-02	1.58188248000000e-01	0.00000000000000e+00	0.00000000000000e+00	-5.84331420860669e+03	-4.00982758213493e-02	2.34306824847520e+02	-6.34307600000000e-03	1
11	20	61	70	1.75173352477218e-02	1.65251541000000e-01	0.00000000000000e+00	0.00000000000000e+00	-4.71748303350138e+03	-4.89124697481641e-02	2.30743746163614e+02	-8.08286100000000e-03	1
11	20	70	62	1.75180308813930e-02	1.65251541000000e-01	0.00000000000000e+00	0.00000000000000e+00	5.51773565035519e+03	4.02051923981756e-02	2.21841623424803e+02	6.64397000000000e-03	1
11	20	62	71	1.75200920585211e-02	1.65251541000000e-01	0.00000000000000e+00	0.00000000000000e+00	-4.96906419380470e+03	-4.00646127711451e-02	1.99083632759747e+02	-6.62073900000000e-03	1
11	20	71	63	1.75200961016397e-02	1.65251541000000e-01	0.00000000000000e+00	0.00000000000000e+00	5.90092723820683e+03	3.37308987636006e-02	1.99043579283328e+02	5.57408300000000e-03	1
11	20	63	72	1.75197174116514e-02	1.65251541000000e-01	0.00000000000000e+00	0.00000000000000e+00	-5.33551798481495e+03	-3.80218723648695e-02	2.02866383819100e+02	-6.28317300000000e-03	1
12	13	15	16	1.75156912451240e-02	1.28787237000000e-01	0.00000000000000e+00	0.00000000000000e+00	-7.47298525012531e+01	-3.41121002541579e+00	2.54919222050118e+02	-4.39320314000000e-01	1
12	13	16	17	1.75233772806259e-02	1.28787237000000e-01	0.00000000000000e+00	0.00000000000000e+00	-1.88781304628550e+02	-9.06373121429727e-01	1.71106300343755e+02	-1.16729290000000e-01	1
12	13	17	18	1.75254761896210e-02	1.28787237000000e-01	0.00000000000000e+00	0.00000000000000e+00	-3.75571691129412e+02	-4.18054275052116e-01	1.57009351065203e+02	-5.38400550000000e-02	1
12	13	18	19	1.75284298368845e-02	1.28787237000000e-01	0.00000000000000e+00	0.00000000000000e+00	-6.38051393627975e+02	-2.20510849223359e-01	1.40697254657052e+02	-2.83989830000000e-02	1
12	13	19	20	1.75289363788660e-02	1.28787237000000e-01	0.00000000000000e+00	0.00000000000000e+00	-1.01255121747243e+03	-1.36520795146805e-01	1.38234297336201e+02	-1.75821360000000e-02	1
12	14	20	22	1.75308133076393e-02	1.66529287000000e-01	0.00000000000000e+00	0.00000000000000e+00	-3.67685660680882e+02	-3.53057123219413e-01	1.29814041609021e+02	-5.87943510000000e-02	1
12	14	22	24	1.75315271862367e-02	1.66529287000000e-01	0.00000000000000e+00	0.00000000000000e+00	-7.22005637062971e+02	-1.75725258464597e-01	1.26874627185786e+02	-2.92634020000000e-02	1
12	14	24	26	1.75404649998579e-02	1.66529287000000e-01	0.00000000000000e+00	0.00000000000000e+00	-1.15576255727063e+03	-8.55286914187052e-02	9.88508591140934e+01	-1.42430320000000e-02	1
12	14	26	21	1.75336119459910e-02	1.66529287000000e-01	0.00000000000000e+00	0.00000000000000e+00	2.98366681765280e+02	3.98855890135409e-01	1.19005308442239e+02	6.64211870000000e-02	1
12	14	21	23	1.75304216553784e-02	1.66529287000000e-01	0.00000000000000e+00	0.00000000000000e+00	-5.29841147256961e+02	-2.48159820680671e-01	1.31485284092529e+02	-4.13258780000000e-02	1
12	14	23	25	1.75390203087646e-02	1.66529287000000e-01	0.00000000000000e+00	0.00000000000000e+00	-9.16390210003756e+02	-1.11863614716611e-01	1.02510721381935e+02	-1.86285680000000e-02	1
12	14	25	27	1.75377360882249e-02	1.66529287000000e-01	0.00000000000000e+00	0.00000000000000e+00	-1.56452152089894e+03	-6.77519144125081e-02	1.05999328180472e+02	-1.12826780000000e-02	1
12	15	26	29	1.75373255177001e-02	1.41624674000000e-01	0.00000000000000e+00	0.00000000000000e+00	-9.21396999367890e+02	-1.16307402762318e-01	1.07165291909473e+02	-1.64719980000000e-02	1
12	15	29	32	1.75372427379205e-02	1.41624674000000e-01	0.00000000000000e+00	0.00000000000000e+00	-1.61708691490478e+03	-6.64178828048000e-02	1.07403489199321e+02	-9.40641100000000e-03	1
12	15	32	27	1.75387930868236e-02	1.41624674000000e-01	0.00000000000000e+00	0.00000000000000e+00	7.97859987930004e+02	1.29234648759015e-01	1.03111155299006e+02	1.83028150000000e-02	1
12	15	27	30	1.75392306524836e-02	1.41624674000000e-01	0.00000000000000e+00	0.00000000000000e+00	-1.14546916383493e+03	-8.90125120429227e-02	1.01961087740653e+02	-1.26063680000000e-02	1
12	15	30	33	1.75355663138127e-02	1.41624674000000e-01	0.00000000000000e+00	0.00000000000000e+00	-1.91396166129555e+03	-5.87608272270410e-02	1.12465970498568e+02	-8.32198300000000e-03	1
12	15	33	28	1.75364397207192e-02	1.41624674000000e-01	0.00000000000000e+00	0.00000000000000e+00	9.56358179732385e+02	1.14779512219742e-01	1.09770325377044e+02	1.62556110000000e-02	1
12	15	28	31	1.75375426335524e-02	1.41624674000000e-01	0.00000000000000e+00	0.00000000000000e+00	-1.36998701479136e+03	-7.77712010832237e-02	1.06545535608745e+02	-1.10143210000000e-02	1
12	15	31	34	1.75320099649323e-02	1.41624674000000e-01	0.00000000000000e+00	0.00000000000000e+00	-2.27342801757948e+03	-5.49659305835366e-02	1.24961086600941e+02	-7.78453200000000e-03	1
12	16	32	36	1.75308387555954e-02	1.79437037000000e-01	0.00000000000000e+00	0.00000000000000e+00	-1.44514035897538e+03	-8.97538561116566e-02	1.29706919840624e+02	-1.61051660000000e-02	1
12	16	36	40	1.75278691240837e-02	1.79437037000000e-01	0.00000000000000e+00	0.00000000000000e+00	-2.55719034544427e+03	-5.61272308570276e-02	1.43528012864113e+02	-1.00713040000000e-02	1
12	16	40	33	1.75290239044607e-02	1.79437037000000e-01	0.00000000000000e+00	0.00000000000000e+00	1.14012378900563e+03	1.20879358925215e-01	1.37817432710387e+02	2.16902340000000e-02	1
12	16	33	37	1.75296341589827e-02	1.79437037000000e-01	0.00000000000000e+00	0.00000000000000e+00	-1.64917773587339e+03	-8.18464640608171e-02	1.34979366289061e+02	-1.46862870000000e-02	1
12	16	37	41	1.75272497304774e-02	1.79437037000000e-01	0.00000000000000e+00	0.00000000000000e+00	-2.92812968082638e+03	-5.01311276110740e-02	1.46790442691281e+02	-8.99538100000000e-03	1
12	16	41	34	1.75284235079706e-02	1.79437037000000e-01	0.00000000000000e+00	0.00000000000000e+00	1.30052898153889e+03	1.08208725047104e-01	1.40728582979132e+02	1.94166530000000e-02	1
12	16	34	38	1.75289583774949e-02	1.79437037000000e-01	0.00000000000000e+00	0.00000000000000e+00	-1.88328148182973e+03	-7.33450029048351e-02	1.38129285755423e+02	-1.31608100000000e-02	1
12	16	38	35	1.75270011579320e-02	1.79437037000000e-01	0.00000000000000e+00	0.00000000000000e+00	2.73144609364277e+03	5.42356648477204e-02	1.48141794884424e+02	9.73188700000000e-03	1
12	16	35	39	1.75269147777054e-02	1.79437037000000e-01	0.00000000000000e+00	0.00000000000000e+00	-2.19908989507683e+03	-6.75812485691012e-02	1.48617240824985e+02	-1.21265790000000e-02	1
12	17	38	43	1.75268984342459e-02	2.25472794000000e-01	0.00000000000000e+00	0.00000000000000e+00	-2.12328849022553e+03	-7.00364275434490e-02	1.48707540499519e+02	-1.57913090000000e-02	1
12	17	43	48	1.75203665082571e-02	2.25472794000000e-01	0.00000000000000e+00	0.00000000000000e+00	-3.62937294210495e+03	-5.41142715426678e-02	1.96400872918678e+02	-1.22012960000000e-02	1
12	17	48	39	1.75234588626404e-02	2.25472794000000e-01	0.00000000000000e+00	0.00000000000000e+00	1.58950170195477e+03	1.07273399024807e-01	1.70511250324403e+02	2.41872330000000e-02	1
12	17	39	44	1.75259299643380e-02	2.25472794000000e-01	0.00000000000000e+00	0.00000000000000e+00	-2.38049750107996e+03	-6.48022882973633e-02	1.54261685356137e+02	-1.46111530000000e-02	1
12	17	44	40	1.75244690432281e-02	2.25472794000000e-01	0.00000000000000e+00	0.00000000000000e+00	3.16045917687509e+03	5.17240851683419e-02	1.63471859635755e+02	1.16623740000000e-02	1
12	17	40	45	1.75237844572463e-02	2.25472794000000e-01	0.00000000000000e+00	0.00000000000000e+00	-2.65454358042999e+03	-6.33544151672685e-02	1.68177056074169e+02	-1.42846970000000e-02	1
12	17	45	41	1.75229528951733e-02	2.25472794000000e-01	0.00000000000000e+00	0.00000000000000e+00	3.52701560864394e+03	4.94100321478253e-02	1.74269954608979e+02	1.11406180000000e-02	1
12	17	41	46	1.75221297617331e-02	2.25472794000000e-01	0.00000000000000e+00	0.00000000000000e+00	-2.95684829717878e+03	-6.11299738450928e-02	1.80752059070446e+02	-1.37831460000000e-02	1
12	17	46	42	1.75207914164103e-02	2.25472794000000e-01	0.00000000000000e+00	0.00000000000000e+00	3.91575368331665e+03	4.91315595264234e-02	1.92387085182684e+02	1.10778300000000e-02	1
12	17	42	47	1.75206076538390e-02	2.25472794000000e-01	0.00000000000000e+00	0.00000000000000e+00	-3.28695242998768e+03	-5.90524637752970e-02	1.94102639302972e+02	-1.33147240000000e-02	1
12	18	44	50	1.75206301995958e-02	2.26774684000000e-01	0.00000000000000e+00	0.00000000000000e+00	-2.72086744101115e+03	-7.12605512879912e-02	1.93890513828000e+02	-1.61600890000000e-02	1
12	18	50	45	1.75204811883568e-02	2.26774684000000e-01	0.00000000000000e+00	0.00000000000000e+00	3.42855926347013e+03	5.69630426648505e-02	1.95301167604018e+02	1.29177760000000e-02	1
12	18	45	51	1.75210347220585e-02	2.26774684000000e-01	0.00000000000000e+00	0.00000000000000e+00	-2.96589619008516e+03	-6.41161250609437e-02	1.90161771041277e+02	-1.45399140000000e-02	1
12	18	51	46	1.75215904242518e-02	2.26774684000000e-01	0.00000000000000e+00	0.00000000000000e+00	3.72399640710248e+03	4.97495963879284e-02	1.85267318203444e+02	1.12819490000000e-02	1
12	18	46	52	1.75215831305641e-02	2.26774684000000e-01	0.00000000000000e+00	0.00000000000000e+00	-3.23269577301684e+03	-5.73298384576296e-02	1.85329926449718e+02	-1.30009560000000e-02	1
12	18	52	47	1.75219790323222e-02	2.26774684000000e-01	0.00000000000000e+00	0.00000000000000e+00	4.03027451999292e+03	4.51561383280331e-02	1.81991633724747e+02	1.02402690000000e-02	1
12	18	47	53	1.75211301423168e-02	2.26774684000000e-01	0.00000000000000e+00	0.00000000000000e+00	-3.52137093474837e+03	-5.37583330950645e-02	1.89303031661482e+02	-1.21910290000000e-02	1
12	18	53	48	1.75214211399056e-02	2.26774684000000e-01	0.00000000000000e+00	0.00000000000000e+00	4.39713934511117e+03	4.24665700338932e-02	1.86731425947951e+02	9.63034300000000e-03	1
12	18	48	54	1.75204465607666e-02	2.26774684000000e-01	0.00000000000000e+00	0.00000000000000e+00	-3.84323630163438e+03	-5.09029129547811e-02	1.95631922926750e+02	-1.15434920000000e-02	1
12	18	54	49	1.75192885525676e-02	2.26774684000000e-01	0.00000000000000e+00	0.00000000000000e+00	4.86930829233036e+03	4.25885721882430e-02	2.07376887714722e+02	9.65801000000000e-03	1
12	18	49	55	1.75188284333257e-02	2.26774684000000e-01	0.00000000000000e+00	0.00000000000000e+00	-4.24062413314969e+03	-5.00974967734935e-02	2.12444653828065e+02	-1.13608440000000e-02	1
12	19	50	57	1.75184121713434e-02	2.26573985000000e-01	0.00000000000000e+00	0.00000000000000e+00	-3.43383400040176e+03	-6.32667735441913e-02	2.17247598091763e+02	-1.43346050000000e-02	1
12	19	57	51	1.75175401484031e-02	2.26573985000000e-01	0.00000000000000e+00	0.00000000000000e+00	4.24226357476220e+03	5.37562642065902e-02	2.28048241558910e+02	1.21797710000000e-02	1
12	19	51	58	1.75177281938241e-02	2.26573985000000e-01	0.00000000000000e+00	0.00000000000000e+00	-3.78054124759931e+03	-5.96817458985858e-02	2.25629302098344e+02	-1.35223310000000e-02	1
12	19	58	52	1.75169615278552e-02	2.26573985000000e-01	0.00000000000000e+00	0.00000000000000e+00	4.65529661527660e+03	5.06579561638553e-02	2.35827811866426e+02	1.14777750000000e-02	1
12	19	52	59	1.75164359945173e-02	2.26573985000000e-01	0.00000000000000e+00	0.00000000000000e+00	-4.16199826763131e+03	-5.84739064372284e-02	2.43368297293380e+02	-1.32486660000000e-02	1
12	19	59	53	1.75162963139729e-02	2.26573985000000e-01	0.00000000000000e+00	0.00000000000000e+00	5.08495977423452e+03	4.82706432514748e-02	2.45454279210174e+02	1.09368720000000e-02	1
12	19	53	60	1.75156629217023e-02	2.26573985000000e-01	0.00000000000000e+00	0.00000000000000e+00	-4.52868345713274e+03	-5.63917079888938e-02	2.55380195088763e+02	-1.27768940000000e-02	1
12	19	60	54	1.75155984601602e-02	2.26573985000000e-01	0.00000000000000e+00	0.00000000000000e+00	5.52476300209258e+03	4.64156685949625e-02	2.56435568570839e+02	1.05165830000000e-02	1
12	19	54	61	1.75152957258458e-02	2.26573985000000e-01	0.00000000000000e+00	0.00000000000000e+00	-4.87664203237363e+03	-5.36252120913175e-02	2.61510963279470e+02	-1.21500780000000e-02	1
12	19	61	55	1.75150481344718e-02	2.26573985000000e-01	0.00000000000000e+00	0.00000000000000e+00	5.94801846953681e+03	4.46894509976509e-02	2.65813679927488e+02	1.01254670000000e-02	1
12	19	55	62	1.75148854328261e-02	2.26573985000000e-01	0.00000000000000e+00	0.00000000000000e+00	-5.21689291507768e+03	-5.15094131393770e-02	2.68719092466625e+02	-1.16706930000000e-02	1
12	20	56	64	1.75155862317465e-02	2.39710953000000e-01	0.00000000000000e+00	0.00000000000000e+00	-4.13759405081989e+03	-6.20256013082556e-02	2.56636758971565e+02	-1.48682160000000e-02	1
12	20	64	57	1.75152221416866e-02	2.39710953000000e-01	0.00000000000000e+00	0.00000000000000e+00	4.89823081718662e+03	5.36469437005659e-02	2.62775112881988e+02	1.28597600000000e-02	1
12	20	57	65	1.75158149251505e-02	2.39710953000000e-01	0.00000000000000e+00	0.00000000000000e+00	-4.45775220417263e+03	-5.67383794098053e-02	2.52925635875242e+02	-1.36008110000000e-02	1
12	20	65	58	1.75155595280320e-02	2.39710953000000e-01	0.00000000000000e+00	0.00000000000000e+00	5.25917069282392e+03	4.88817004536293e-02	2.57077206441125e+02	1.17174790000000e-02	1
12	20	58	66	1.75157954914786e-02	2.39710953000000e-01	0.00000000000000e+00	0.00000000000000e+00	-4.81155215058274e+03	-5.26310034735876e-02	2.53236817950668e+02	-1.26162280000000e-02	1
12	20	66	59	1.75163290453240e-02	2.39710953000000e-01	0.00000000000000e+00	0.00000000000000e+00	5.62960319168840e+03	4.35132390466947e-02	2.44962269417973e+02	1.04306000000000e-02	1
12	20	59	67	1.75164240769357e-02	2.39710953000000e-01	0.00000000000000e+00	0.00000000000000e+00	-5.16521617675314e+03	-4.71509576786005e-02	2.43544889350910e+02	-1.13026010000000e-02	1
12	20	67	60	1.75175051906229e-02	2.39710953000000e-01	0.00000000000000e+00	0.00000000000000e+00	6.06147504425391e+03	3.76976975265707e-02	2.28503652783140e+02	9.03655100000000e-03	1
12	20	60	68	1.75172073522564e-02	2.39710953000000e-01	0.00000000000000e+00	0.00000000000000e+00	-5.55752340496368e+03	-4.18277632895648e-02	2.32458773459037e+02	-1.00265730000000e-02	1
12	20	68	61	1.75181237734736e-02	2.39710953000000e-01	0.00000000000000e+00	0.00000000000000e+00	6.60259930150502e+03	3.34269248013878e-02	2.20704590345104e+02	8.01280000000000e-03	1
12	20	61	69	1.75183376575566e-02	2.39710953000000e-01	0.00000000000000e+00	0.00000000000000e+00	-5.83044275037636e+03	-3.74123163241523e-02	2.18130368486941e+02	-8.96814200000000e-03	1
12	21	62	71	1.75193063289825e-02	2.76365316000000e-01	0.00000000000000e+00	0.00000000000000e+00	-4.74092962329766e+03	-4.37015439375902e-02	2.07185944237565e+02	-1.20775910000000e-02	1
12	21	71	63	1.75190848312550e-02	2.76365316000000e-01	0.00000000000000e+00	0.00000000000000e+00	5.63500251628697e+03	3.71943996040371e-02	2.09590535360532e+02	1.02792420000000e-02	1
12	21	63	72	1.75201967258140e-02	2.76365316000000e-01	0.00000000000000e+00	0.00000000000000e+00	-5.09775405102934e+03	-3.88508158527389e-02	1.98051903899095e+02	-1.07370180000000e-02	1
13	14	16	17	1.75153414537526e-02	1.58842870000000e-01	0.00000000000000e+00	0.00000000000000e+00	-7.58385545371703e+01	-3.43798065975514e+00	2.60731483762577e+02	-5.46098715000000e-01	1
13	14	17	18	1.75198374304281e-02	1.58842870000000e-01	0.00000000000000e+00	0.00000000000000e+00	-1.88372588496023e+02	-1.07042654165088e+00	2.01639018445622e+02	-1.70029624000000e-01	1
13	14	18	19	1.75227353221505e-02	1.58842870000000e-01	0.00000000000000e+00	0.00000000000000e+00	-3.66899455752928e+02	-4.79525615471440e-01	1.75937687336059e+02	-7.61692250000000e-02	1
13	14	19	20	1.75232911983612e-02	1.58842870000000e-01	0.00000000000000e+00	0.00000000000000e+00	-6.39149534136909e+02	-2.68698771307771e-01	1.71738694504522e+02	-4.26808840000000e-02	1
13	14	20	21	1.75276952039858e-02	1.58842870000000e-01	0.00000000000000e+00	0.00000000000000e+00	-1.03472396408458e+03	-1.39582481731789e-01	1.44429338814281e+02	-2.21716820000000e-02	1
13	15	21	23	1.75254810598393e-02	1.34468801000000e-01	0.00000000000000e+00	0.00000000000000e+00	-3.70491738616823e+02	-4.23705376833099e-01	1.56979341724191e+02	-5.69751540000000e-02	1
13	15	23	25	1.75327847052363e-02	1.34468801000000e-01	0.00000000000000e+00	0.00000000000000e+00	-6.92356705333787e+02	-1.76221464189303e-01	1.22008112355202e+02	-2.36962890000000e-02	1
13	15	25	27	1.75322940460679e-02	1.34468801000000e-01	0.00000000000000e+00	0.00000000000000e+00	-1.24391196097855e+03	-9.95744432940991e-02	1.23861841021311e+02	-1.33896560000000e-02	1
13	15	27	22	1.75290346411506e-02	1.34468801000000e-01	0.00000000000000e+00	0.00000000000000e+00	2.99173128393961e+02	4.60490787004191e-01	1.37766469344641e+02	6.19216440000000e-02	1
13	15	22	24	1.75262842737466e-02	1.34468801000000e-01	0.00000000000000e+00	0.00000000000000e+00	-5.26839479291992e+02	-2.88858863254087e-01	1.52182253105660e+02	-3.88425050000000e-02	1
13	15	24	26	1.75342938149691e-02	1.34468801000000e-01	0.00000000000000e+00	0.00000000000000e+00	-8.97930716815032e+02	-1.29897670464095e-01	1.16639108352428e+02	-1.74671840000000e-02	1
13	15	26	28	1.75347530899154e-02	1.34468801000000e-01	0.00000000000000e+00	0.00000000000000e+00	-1.70661777346990e+03	-6.74419786043902e-02	1.15097679364229e+02	-9.06884200000000e-03	1
13	16	27	30	1.75404197528715e-02	1.66752823000000e-01	0.00000000000000e+00	0.00000000000000e+00	-9.38864907220373e+02	-1.05405489896864e-01	9.89615154925368e+01	-1.75766630000000e-02	1
13	16	30	33	1.75376431241236e-02	1.66752823000000e-01	0.00000000000000e+00	0.00000000000000e+00	-1.63015436065407e+03	-6.51846895569498e-02	1.06261105929144e+02	-1.08697310000000e-02	1
13	16	33	28	1.75381029733536e-02	1.66752823000000e-01	0.00000000000000e+00	0.00000000000000e+00	8.02559421680657e+02	1.30804873990049e-01	1.04978684022465e+02	2.18120820000000e-02	1
13	16	28	31	1.75392226824615e-02	1.66752823000000e-01	0.00000000000000e+00	0.00000000000000e+00	-1.13944561493269e+03	-8.95012494031360e-02	1.01981806163401e+02	-1.49245860000000e-02	1
13	16	31	34	1.75337982546490e-02	1.66752823000000e-01	0.00000000000000e+00	0.00000000000000e+00	-1.95601021599126e+03	-6.05054644262304e-02	1.18349306541003e+02	-1.00894570000000e-02	1
13	16	34	29	1.75363023214606e-02	1.66752823000000e-01	0.00000000000000e+00	0.00000000000000e+00	9.59757912999473e+02	1.14805816510825e-01	1.10185790854629e+02	1.91441940000000e-02	1
13	16	29	32	1.75390897669463e-02	1.66752823000000e-01	0.00000000000000e+00	0.00000000000000e+00	-1.36218044630991e+03	-7.51211570193327e-02	1.02328571195912e+02	-1.25266650000000e-02	1
13	16	32	35	1.75317962828031e-02	1.66752823000000e-01	0.00000000000000e+00	0.00000000000000e+00	-2.27794968096077e+03	-5.52254818498635e-02	1.25800868760801e+02	-9.20900500000000e-03	1
13	17	33	37	1.75305438523065e-02	2.05322225000000e-01	0.00000000000000e+00	0.00000000000000e+00	-1.44790815723659e+03	-9.04472080409220e-02	1.30959250321726e+02	-1.85708220000000e-02	1
13	17	37	41	1.75294817621633e-02	2.05322225000000e-01	0.00000000000000e+00	0.00000000000000e+00	-2.63848060216628e+03	-5.14224361244868e-02	1.35677100230593e+02	-1.05581690000000e-02	1
13	17	41	34	1.75298125358339e-02	2.05322225000000e-01	0.00000000000000e+00	0.00000000000000e+00	1.15792091379562e+03	1.15872979654297e-01	1.34171746485525e+02	2.37912980000000e-02	1
13	17	34	38	1.75303742972075e-02	2.05322225000000e-01	0.00000000000000e+00	0.00000000000000e+00	-1.66557502566057e+03	-7.90659608330272e-02	1.31690289743347e+02	-1.62339990000000e-02	1
13	17	38	42	1.75283557394633e-02	2.05322225000000e-01	0.00000000000000e+00	0.00000000000000e+00	-3.00911358132579e+03	-4.68792260555330e-02	1.41064915805746e+02	-9.62534700000000e-03	1
13	17	42	35	1.75285900576016e-02	2.05322225000000e-01	0.00000000000000e+00	0.00000000000000e+00	1.34317568122682e+03	1.04162678930642e-01	1.39908777231075e+02	2.13869130000000e-02	1
13	17	35	39	1.75285960988659e-02	2.05322225000000e-01	0.00000000000000e+00	0.00000000000000e+00	-1.95815195625957e+03	-7.14343028378930e-02	1.39879219846059e+02	-1.46670500000000e-02	1
13	17	39	36	1.75285535890761e-02	2.05322225000000e-01	0.00000000000000e+00	0.00000000000000e+00	2.86027152507896e+03	4.89769823992507e-02	1.40087468140870e+02	1.00560630000000e-02	1
13	17	36	40	1.75291194055454e-02	2.05322225000000e-01	0.00000000000000e+00	0.00000000000000e+00	-2.29125070873437e+03	-5.99521654316770e-02	1.37365441535490e+02	-1.23095120000000e-02	1
13	18	39	44	1.75262843567493e-02	2.06285756000000e-01	0.00000000000000e+00	0.00000000000000e+00	-2.15827023931258e+03	-7.05109905891903e-02	1.52181772533099e+02	-1.45454130000000e-02	1
13	18	44	49	1.75214302870391e-02	2.06285756000000e-01	0.00000000000000e+00	0.00000000000000e+00	-3.65406569278279e+03	-5.10805603078091e-02	1.86651722988888e+02	-1.05371920000000e-02	1
13	18	49	40	1.75231278481338e-02	2.06285756000000e-01	0.00000000000000e+00	0.00000000000000e+00	1.60847832734328e+03	1.07525024655604e-01	1.72951671805591e+02	2.21808810000000e-02	1
13	18	40	45	1.75244589982750e-02	2.06285756000000e-01	0.00000000000000e+00	0.00000000000000e+00	-2.41739536790473e+03	-6.76509094500931e-02	1.63538995139198e+02	-1.39554190000000e-02	1
13	18	45	41	1.75235833187677e-02	2.06285756000000e-01	0.00000000000000e+00	0.00000000000000e+00	3.22009081333711e+03	5.26728660800021e-02	1.69611412176351e+02	1.08656620000000e-02	1
13	18	41	46	1.75227082811598e-02	2.06285756000000e-01	0.00000000000000e+00	0.00000000000000e+00	-2.70382128993499e+03	-6.51474985989823e-02	1.76147193697938e+02	-1.34390010000000e-02	1
13	18	46	42	1.75213134789849e-02	2.06285756000000e-01	0.00000000000000e+00	0.00000000000000e+00	3.58905411140768e+03	5.22908426115471e-02	1.87674663663945e+02	1.07868560000000e-02	1
13	18	42	47	1.75211206188326e-02	2.06285756000000e-01	0.00000000000000e+00	0.00000000000000e+00	-3.01712617758526e+03	-6.27711202706599e-02	1.89388390164961e+02	-1.29487880000000e-02	1
13	18	47	43	1.75202702387997e-02	2.06285756000000e-01	0.00000000000000e+00	0.00000000000000e+00	3.99412025560434e+03	4.94060336381151e-02	1.97333639703065e+02	1.01917610000000e-02	1
13	18	43	48	1.75202250663038e-02	2.06285756000000e-01	0.00000000000000e+00	0.00000000000000e+00	-3.34331415388802e+03	-5.91551895614160e-02	1.97774382536611e+02	-1.22028730000000e-02	1
13	19	45	51	1.75214072765213e-02	2.05400864000000e-01	0.00000000000000e+00	0.00000000000000e+00	-2.72801766540505e+03	-6.84938209412790e-02	1.86852353498899e+02	-1.40686900000000e-02	1
13	19	51	46	1.75218940993737e-02	2.05400864000000e-01	0.00000000000000e+00	0.00000000000000e+00	3.43170283224626e+03	5.32381840419133e-02	1.82697626960282e+02	1.09351690000000e-02	1
13	19	46	52	1.75221780543321e-02	2.05400864000000e-01	0.00000000000000e+00	0.00000000000000e+00	-2.98239759064492e+03	-6.04743220554321e-02	1.80358472394005e+02	-1.24214780000000e-02	1
13	19	52	47	1.75225581635507e-02	2.05400864000000e-01	0.00000000000000e+00	0.00000000000000e+00	3.72454608427406e+03	4.76083245686834e-02	1.77319398851138e+02	9.77879100000000e-03	1
13	19	47	53	1.75216900102317e-02	2.05400864000000e-01	0.00000000000000e+00	0.00000000000000e+00	-3.25763180674649e+03	-5.66106625530066e-02	1.84416694933667e+02	-1.16278790000000e-02	1
13	19	53	48	1.75219752408539e-02	2.05400864000000e-01	0.00000000000000e+00	0.00000000000000e+00	4.07429252645596e+03	4.46759853941023e-02	1.82023033403247e+02	9.17648600000000e-03	1
13	19	48	54	1.75209764828012e-02	2.05400864000000e-01	0.00000000000000e+00	0.00000000000000e+00	-3.56455600423572e+03	-5.34960700067941e-02	1.90689737545732e+02	-1.09881390000000e-02	1
13	19	54	49	1.75197752356378e-02	2.05400864000000e-01	0.00000000000000e+00	0.00000000000000e+00	4.52334268699728e+03	4.47176356570730e-02	2.02273190229230e+02	9.18504100000000e-03	1
13	19	49	55	1.75192904845419e-02	2.05400864000000e-01	0.00000000000000e+00	0.00000000000000e+00	-3.94304409126347e+03	-5.25878265049557e-02	2.07356118572754e+02	-1.08015850000000e-02	1
13	19	55	50	1.75189269836716e-02	2.05400864000000e-01	0.00000000000000e+00	0.00000000000000e+00	5.02301793212149e+03	4.20740051025297e-02	2.11338482106178e+02	8.64203700000000e-03	1
13	19	50	56	1.75187912293067e-02	2.05400864000000e-01	0.00000000000000e+00	0.00000000000000e+00	-4.36516356872045e+03	-4.87645563165693e-02	2.12865264677905e+02	-1.00162820000000e-02	1
13	20	51	58	1.75178868836266e-02	2.16152278000000e-01	0.00000000000000e+00	0.00000000000000e+00	-3.52185888818930e+03	-6.34970222243043e-02	2.23627552094219e+02	-1.37250260000000e-02	1
13	20	58	52	1.75170659003570e-02	2.16152278000000e-01	0.00000000000000e+00	0.00000000000000e+00	4.34266963851397e+03	5.39726812409537e-02	2.34385524134282e+02	1.16663180000000e-02	1
13	20	52	59	1.75167731949766e-02	2.16152278000000e-01	0.00000000000000e+00	0.00000000000000e+00	-3.88540556277111e+03	-6.13773082696820e-02	2.38475734978940e+02	-1.32668450000000e-02	1
13	20	59	53	1.75166236069563e-02	2.16152278000000e-01	0.00000000000000e+00	0.00000000000000e+00	4.75288073590387e+03	5.06264893493281e-02	2.40621665954864e+02	1.09430310000000e-02	1
13	20	53	60	1.75159723346445e-02	2.16152278000000e-01	0.00000000000000e+00	0.00000000000000e+00	-4.23604487983375e+03	-5.91195388650958e-02	2.50433019907622e+02	-1.27788230000000e-02	1
13	20	60	54	1.75159008913367e-02	2.16152278000000e-01	0.00000000000000e+00	0.00000000000000e+00	5.17372756719775e+03	4.86222402893205e-02	2.51558224963770e+02	1.05098080000000e-02	1
13	20	54	61	1.75155812081349e-02	2.16152278000000e-01	0.00000000000000e+00	0.00000000000000e+00	-4.57022225971003e+03	-5.61722139241114e-02	2.56719502453168e+02	-1.21417520000000e-02	1
13	20	61	55	1.75153208832368e-02	2.16152278000000e-01	0.00000000000000e+00	0.00000000000000e+00	5.58042356304580e+03	4.67852575673526e-02	2.61081553732021e+02	1.01127400000000e-02	1
13	20	55	62	1.75151529517489e-02	2.16152278000000e-01	0.00000000000000e+00	0.00000000000000e+00	-4.89816026133468e+03	-5.38926774576949e-02	2.63974971100208e+02	-1.16490250000000e-02	1
13	20	62	56	1.75146021744859e-02	2.16152278000000e-01	0.00000000000000e+00	0.00000000000000e+00	5.96387183141474e+03	4.59318730844002e-02	2.73931804052171e+02	9.92827900000000e-03	1
13	20	56	63	1.75151411543015e-02	2.16152278000000e-01	0.00000000000000e+00	0.00000000000000e+00	-5.16941775512449e+03	-5.11045273369731e-02	2.64180650982994e+02	-1.10463600000000e-02	1
13	21	57	65	1.75159568201502e-02	2.44987198000000e-01	0.00000000000000e+00	0.00000000000000e+00	-4.20352776509398e+03	-5.96347936515442e-02	2.50676510879916e+02	-1.46097610000000e-02	1
13	21	65	58	1.75156277058255e-02	2.44987198000000e-01	0.00000000000000e+00	0.00000000000000e+00	4.96396700688287e+03	5.15627269633901e-02	2.55955675431179e+02	1.26322080000000e-02	1
13	21	58	66	1.75163265533011e-02	2.44987198000000e-01	0.00000000000000e+00	0.00000000000000e+00	-4.54379790723469e+03	-5.39195766466132e-02	2.44999659525861e+02	-1.32096060000000e-02	1
13	21	66	59	1.75168716625437e-02	2.44987198000000e-01	0.00000000000000e+00	0.00000000000000e+00	5.32086759427803e+03	4.45573813207987e-02	2.37083926355727e+02	1.09159880000000e-02	1
13	21	59	67	1.75169705424992e-02	2.44987198000000e-01	0.00000000000000e+00	0.00000000000000e+00	-4.88427611205685e+03	-4.82574154752364e-02	2.35702541635300e+02	-1.18224490000000e-02	1
13	21	67	60	1.75180861972349e-02	2.44987198000000e-01	0.00000000000000e+00	0.00000000000000e+00	5.73644515469352e+03	3.85540390563592e-02	2.21163130538716e+02	9.44524600000000e-03	1
13	21	60	68	1.75177744709771e-02	2.44987198000000e-01	0.00000000000000e+00	0.00000000000000e+00	-5.26197348885347e+03	-4.27675775939933e-02	2.25041859482076e+02	-1.04775090000000e-02	1
13	21	68	61	1.75187160012864e-02	2.44987198000000e-01	0.00000000000000e+00	0.00000000000000e+00	6.25658575667125e+03	3.41593441139728e-02	2.13720865840714e+02	8.36860200000000e-03	1
13	21	61	69	1.75189448959503e-02	2.44987198000000e-01	0.00000000000000e+00	0.00000000000000e+00	-5.52848856349728e+03	-3.81910282511987e-02	2.11138662914953e+02	-9.35631300000000e-03	1
13	21	69	62	1.75201380156342e-02	2.44987198000000e-01	0.00000000000000e+00	0.00000000000000e+00	6.60656733578131e+03	3.00654322353611e-02	1.98629302542283e+02	7.36564600000000e-03	1
13	21	62	70	1.75208106737822e-02	2.44987198000000e-01	0.00000000000000e+00	0.00000000000000e+00	-5.79341893839057e+03	-3.31771376886395e-02	1.92209057806956e+02	-8.12797400000000e-03	1
13	22	63	72	1.75190033080675e-02	2.21121674000000e-01	0.00000000000000e+00	0.00000000000000e+00	-4.84327282976805e+03	-4.34602127695542e-02	2.10489667682720e+02	-9.60999500000000e-03	1
14	15	17	18	1.75163685824277e-02	7.28714320000000e-02	0.00000000000000e+00	0.00000000000000e+00	-7.51362323023061e+01	-3.25236671621878e+00	2.44370581122102e+02	-2.37004620000000e-01	1
14	15	18	19	1.75197095252291e-02	7.28714320000000e-02	0.00000000000000e+00	0.00000000000000e+00	-1.82980620681186e+02	-1.10912049868870e+00	2.02947557260286e+02	-8.08231990000000e-02	1
14	15	19	20	1.75202727303768e-02	7.28714320000000e-02	0.00000000000000e+00	0.00000000000000e+00	-3.65938469090662e+02	-5.39187332012358e-01	1.97309386829681e+02	-3.92913530000000e-02	1
14	15	20	21	1.75241412013930e-02	7.28714320000000e-02	0.00000000000000e+00	0.00000000000000e+00	-6.49935533122097e+02	-2.54935802551540e-01	1.65691836743245e+02	-1.85775370000000e-02	1
14	15	21	22	1.75256700078354e-02	7.28714320000000e-02	0.00000000000000e+00	0.00000000000000e+00	-1.04121394842250e+03	-1.49655958455709e-01	1.55823871408621e+02	-1.09056440000000e-02	1
14	16	22	24	1.75282762858364e-02	1.56173096000000e-01	0.00000000000000e+00	0.00000000000000e+00	-3.67573701705025e+02	-3.84851511171937e-01	1.41461294568242e+02	-6.01034520000000e-02	1
14	16	24	26	1.75372573289466e-02	1.56173096000000e-01	0.00000000000000e+00	0.00000000000000e+00	-6.76912753194244e+02	-1.58604526864217e-01	1.07361426948728e+02	-2.47697600000000e-02	1
14	16	26	28	1.75376543071937e-02	1.56173096000000e-01	0.00000000000000e+00	0.00000000000000e+00	-1.35304839721824e+03	-7.85112693161952e-02	1.06229547111848e+02	-1.22613480000000e-02	1
14	16	28	23	1.75358449628607e-02	1.56173096000000e-01	0.00000000000000e+00	0.00000000000000e+00	2.99593203901970e+02	3.72477376000793e-01	1.11591690457076e+02	5.81709450000000e-02	1
14	16	23	25	1.75353464735010e-02	1.56173096000000e-01	0.00000000000000e+00	0.00000000000000e+00	-5.04517706047910e+02	-2.24304242518186e-01	1.13165461892089e+02	-3.50302880000000e-02	1
14	16	25	27	1.75348567044419e-02	1.56173096000000e-01	0.00000000000000e+00	0.00000000000000e+00	-9.63888237931290e+02	-1.19054821068541e-01	1.14755541696981e+02	-1.85931600000000e-02	1
14	16	27	29	1.75421015881767e-02	1.56173096000000e-01	0.00000000000000e+00	0.00000000000000e+00	-1.74852015061871e+03	-5.43364011942236e-02	9.50082924002027e+01	-8.48588400000000e-03	1
14	17	28	31	1.75407957572826e-02	1.88804698000000e-01	0.00000000000000e+00	0.00000000000000e+00	-9.38721492803544e+02	-1.04449948591851e-01	9.80494116653961e+01	-1.97206410000000e-02	1
14	17	31	34	1.75375814307535e-02	1.88804698000000e-01	0.00000000000000e+00	0.00000000000000e+00	-1.67350225985736e+03	-6.36004777804841e-02	1.06435543293648e+02	-1.20080690000000e-02	1
14	17	34	29	1.75389775685552e-02	1.88804698000000e-01	0.00000000000000e+00	0.00000000000000e+00	8.09042489901923e+02	1.26845164626147e-01	1.02623127821157e+02	2.39489630000000e-02	1
14	17	29	32	1.75415410279162e-02	1.88804698000000e-01	0.00000000000000e+00	0.00000000000000e+00	-1.13838706692244e+03	-8.45848920560229e-02	9.62903471736071e+01	-1.59700250000000e-02	1
14	17	32	35	1.75340892599155e-02	1.88804698000000e-01	0.00000000000000e+00	0.00000000000000e+00	-1.96901207916970e+03	-5.95928338605218e-02	1.17339009703321e+02	-1.12514070000000e-02	1
14	17	35	30	1.75378561159480e-02	1.88804698000000e-01	0.00000000000000e+00	0.00000000000000e+00	9.61138975578130e+02	1.09935447686794e-01	1.05663243569409e+02	2.07563290000000e-02	1
14	17	30	33	1.75399000847242e-02	1.88804698000000e-01	0.00000000000000e+00	0.00000000000000e+00	-1.37919899317025e+03	-7.26874179793980e-02	1.00250413693331e+02	-1.37237260000000e-02	1
14	17	33	36	1.75328402669999e-02	1.88804698000000e-01	0.00000000000000e+00	0.00000000000000e+00	-2.25450611677249e+03	-5.40258855211325e-02	1.21801689371444e+02	-1.02003410000000e-02	1
14	18	34	38	1.75317774802515e-02	1.90240987000000e-01	0.00000000000000e+00	0.00000000000000e+00	-1.45711892668462e+03	-8.63864315422207e-02	1.25875304408915e+02	-1.64342400000000e-02	1
14	18	38	42	1.75313566809802e-02	1.90240987000000e-01	0.00000000000000e+00	0.00000000000000e+00	-2.70181149238219e+03	-4.72144417543418e-02	1.27564521338290e+02	-8.98212200000000e-03	1
14	18	42	35	1.75306559277931e-02	1.90240987000000e-01	0.00000000000000e+00	0.00000000000000e+00	1.19185619865717e+03	1.09476692317623e-01	1.30480474347244e+02	2.08269540000000e-02	1
14	18	35	39	1.75306525702048e-02	1.90240987000000e-01	0.00000000000000e+00	0.00000000000000e+00	-1.72591480192509e+03	-7.56090431763792e-02	1.30494766777506e+02	-1.43839390000000e-02	1
14	18	39	43	1.75293304731342e-02	1.90240987000000e-01	0.00000000000000e+00	0.00000000000000e+00	-3.05496605686916e+03	-4.46410636000327e-02	1.36376934040637e+02	-8.49256000000000e-03	1
14	18	43	36	1.75300350805577e-02	1.90240987000000e-01	0.00000000000000e+00	0.00000000000000e+00	1.38447749203750e+03	9.61934033700109e-02	1.33177601848264e+02	1.82999280000000e-02	1
14	18	36	40	1.75312517542463e-02	1.90240987000000e-01	0.00000000000000e+00	0.00000000000000e+00	-2.03329459189905e+03	-6.29484854386295e-02	1.27992815010601e+02	-1.19753820000000e-02	1
14	18	40	37	1.75311950617064e-02	1.90240987000000e-01	0.00000000000000e+00	0.00000000000000e+00	2.95832302624478e+03	4.33439561580912e-02	1.28225423551025e+02	8.24579700000000e-03	1
14	18	37	41	1.75306197407472e-02	1.90240987000000e-01	0.00000000000000e+00	0.00000000000000e+00	-2.35585414137426e+03	-5.54510895173184e-02	1.30634678883089e+02	-1.05490700000000e-02	1
14	19	40	45	1.75257107753389e-02	1.89704707000000e-01	0.00000000000000e+00	0.00000000000000e+00	-2.17056310673873e+03	-7.16757755515260e-02	1.55576794059028e+02	-1.35972320000000e-02	1
14	19	45	50	1.75226505682921e-02	1.89704707000000e-01	0.00000000000000e+00	0.00000000000000e+00	-3.64223489617857e+03	-4.84856182298102e-02	1.76596010679407e+02	-9.19795000000000e-03	1
14	19	50	41	1.75237150916384e-02	1.89704707000000e-01	0.00000000000000e+00	0.00000000000000e+00	1.61430227634864e+03	1.04484128588333e-01	1.68668966622450e+02	1.98211310000000e-02	1
14	19	41	46	1.75243143393417e-02	1.89704707000000e-01	0.00000000000000e+00	0.00000000000000e+00	-2.43864291745399e+03	-6.74604610627822e-02	1.64511975578934e+02	-1.27975670000000e-02	1
14	19	46	42	1.75227846077649e-02	1.89704707000000e-01	0.00000000000000e+00	0.00000000000000e+00	3.24531890052653e+03	5.40954895758069e-02	1.75557114753602e+02	1.02621690000000e-02	1
14	19	42	47	1.75225522659631e-02	1.89704707000000e-01	0.00000000000000e+00	0.00000000000000e+00	-2.73244687392635e+03	-6.49109671274525e-02	1.77365769210944e+02	-1.23139160000000e-02	1
14	19	47	43	1.75216294902663e-02	1.89704707000000e-01	0.00000000000000e+00	0.00000000000000e+00	3.62574311522365e+03	5.10054608186396e-02	1.84932698401992e+02	9.67597600000000e-03	1
14	19	43	48	1.75215665421724e-02	1.89704707000000e-01	0.00000000000000e+00	0.00000000000000e+00	-3.03951463241628e+03	-6.10204258136832e-02	1.85472477136962e+02	-1.15758620000000e-02	1
14	19	48	44	1.75214360809514e-02	1.89704707000000e-01	0.00000000000000e+00	0.00000000000000e+00	4.02290839209974e+03	4.63846687789355e-02	1.86601273295546e+02	8.79939000000000e-03	1
14	19	44	49	1.75223083954134e-02	1.89704707000000e-01	0.00000000000000e+00	0.00000000000000e+00	-3.33422314644596e+03	-5.37770525641201e-02	1.79304693406930e+02	-1.02017600000000e-02	1
14	20	46	52	1.75229306463480e-02	1.99206619000000e-01	0.00000000000000e+00	0.00000000000000e+00	-2.73173005240171e+03	-6.38566181377738e-02	1.74439042811697e+02	-1.27206610000000e-02	1
14	20	52	47	1.75231927970663e-02	1.99206619000000e-01	0.00000000000000e+00	0.00000000000000e+00	3.41767632368769e+03	5.04633332489821e-02	1.72467339259408e+02	1.00526300000000e-02	1
14	20	47	53	1.75228609353445e-02	1.99206619000000e-01	0.00000000000000e+00	0.00000000000000e+00	-2.99248980071203e+03	-5.84700300545736e-02	1.74970968585638e+02	-1.16476170000000e-02	1
14	20	53	48	1.75231429627992e-02	1.99206619000000e-01	0.00000000000000e+00	0.00000000000000e+00	3.74901501265008e+03	4.61024339758510e-02	1.72838717095175e+02	9.18391000000000e-03	1
14	20	48	54	1.75221028300532e-02	1.99206619000000e-01	0.00000000000000e+00	0.00000000000000e+00	-3.28334513924581e+03	-5.51182689366361e-02	1.80972300396747e+02	-1.09799240000000e-02	1
14	20	54	49	1.75208276356290e-02	1.99206619000000e-01	0.00000000000000e+00	0.00000000000000e+00	4.17344556199659e+03	4.60177379949408e-02	1.92052524408108e+02	9.16703800000000e-03	1
14	20	49	55	1.75203025929272e-02	1.99206619000000e-01	0.00000000000000e+00	0.00000000000000e+00	-3.64162265932401e+03	-5.41020276038117e-02	1.97019169637414e+02	-1.07774820000000e-02	1
14	20	55	50	1.75199281291436e-02	1.99206619000000e-01	0.00000000000000e+00	0.00000000000000e+00	4.64638684136278e+03	4.31994380668646e-02	2.00721300588146e+02	8.60561400000000e-03	1
14	20	50	56	1.75197775353159e-02	1.99206619000000e-01	0.00000000000000e+00	0.00000000000000e+00	-4.04165183283539e+03	-5.00413392388332e-02	2.02249670452168e+02	-9.96856600000000e-03	1
14	20	56	51	1.75187470773886e-02	1.99206619000000e-01	0.00000000000000e+00	0.00000000000000e+00	5.15084073956896e+03	4.14236436591497e-02	2.13366591340936e+02	8.25186400000000e-03	1
14	20	51	57	1.75186983137114e-02	1.99206619000000e-01	0.00000000000000e+00	0.00000000000000e+00	-4.46649848011239e+03	-4.78950199942905e-02	2.13923034009451e+02	-9.54100500000000e-03	1
14	21	52	59	1.75175231064591e-02	2.23715073000000e-01	0.00000000000000e+00	0.00000000000000e+00	-3.61855208667535e+03	-6.30832505416387e-02	2.28270027881711e+02	-1.41126740000000e-02	1
14	21	59	53	1.75172857854126e-02	2.23715073000000e-01	0.00000000000000e+00	0.00000000000000e+00	4.43212966242845e+03	5.22105678592341e-02	2.31404006501145e+02	1.16802910000000e-02	1
14	21	53	60	1.75170131747590e-02	2.23715073000000e-01	0.00000000000000e+00	0.00000000000000e+00	-3.95316114065115e+03	-5.94744056427526e-02	2.35111909250253e+02	-1.33053210000000e-02	1
14	21	60	54	1.75169289751362e-02	2.23715073000000e-01	0.00000000000000e+00	0.00000000000000e+00	4.83402310509677e+03	4.88788075535706e-02	2.36281285063539e+02	1.09349260000000e-02	1
14	21	54	61	1.75165895703720e-02	2.23715073000000e-01	0.00000000000000e+00	0.00000000000000e+00	-4.27344540093440e+03	-5.64217682373150e-02	2.41115345986340e+02	-1.26224000000000e-02	1
14	21	61	55	1.75163114002284e-02	2.23715073000000e-01	0.00000000000000e+00	0.00000000000000e+00	5.22401762814943e+03	4.69422728615161e-02	2.45227260933961e+02	1.05016940000000e-02	1
14	21	55	62	1.75161212057814e-02	2.23715073000000e-01	0.00000000000000e+00	0.00000000000000e+00	-4.58886720109068e+03	-5.40700760024337e-02	2.48120398328048e+02	-1.20962910000000e-02	1
14	21	62	56	1.75155287980912e-02	2.23715073000000e-01	0.00000000000000e+00	0.00000000000000e+00	5.59334828057398e+03	4.60521897869617e-02	2.57585936561569e+02	1.03025690000000e-02	1
14	21	56	63	1.75161008528530e-02	2.23715073000000e-01	0.00000000000000e+00	0.00000000000000e+00	-4.85215870216060e+03	-5.12007253083032e-02	2.48434044861618e+02	-1.14543740000000e-02	1
14	21	63	57	1.75155837213502e-02	2.23715073000000e-01	0.00000000000000e+00	0.00000000000000e+00	5.88278153723031e+03	4.36320980482169e-02	2.56678100828673e+02	9.76115800000000e-03	1
14	21	57	64	1.75164003432803e-02	2.23715073000000e-01	0.00000000000000e+00	0.00000000000000e+00	-5.13876212420932e+03	-4.74622735858303e-02	2.43897333831725e+02	-1.06180260000000e-02	1
14	22	58	66	1.75168242483419e-02	2.03776077000000e-01	0.00000000000000e+00	0.00000000000000e+00	-4.27468766076196e+03	-5.56185847075660e-02	2.37752077758476e+02	-1.13337370000000e-02	1
14	22	66	59	1.75172941465736e-02	2.03776077000000e-01	0.00000000000000e+00	0.00000000000000e+00	5.01019252109445e+03	4.61643198676359e-02	2.31292130142241e+02	9.40718400000000e-03	1
14	22	59	67	1.75179650150783e-02	2.03776077000000e-01	0.00000000000000e+00	0.00000000000000e+00	-4.60135405814109e+03	-4.83890118269379e-02	2.22654975939318e+02	-9.86052300000000e-03	1
14	22	67	60	1.75191424213073e-02	2.03776077000000e-01	0.00000000000000e+00	0.00000000000000e+00	5.40873295300275e+03	3.86338137228935e-02	2.08959981383184e+02	7.87264700000000e-03	1
14	22	60	68	1.75188196981169e-02	2.03776077000000e-01	0.00000000000000e+00	0.00000000000000e+00	-4.96375528224604e+03	-4.28190449460856e-02	2.12543260531863e+02	-8.72549700000000e-03	1
14	22	68	61	1.75198171447995e-02	2.03776077000000e-01	0.00000000000000e+00	0.00000000000000e+00	5.90701707271944e+03	3.41704487715700e-02	2.01845424276149e+02	6.96312000000000e-03	1
14	22	61	69	1.75200589289671e-02	2.03776077000000e-01	0.00000000000000e+00	0.00000000000000e+00	-5.22309691077809e+03	-3.81789664151793e-02	1.99412441539824e+02	-7.77996000000000e-03	1
14	22	69	62	1.75213198522127e-02	2.03776077000000e-01	0.00000000000000e+00	0.00000000000000e+00	6.24694441646084e+03	3.00336530671360e-02	1.87618561333667e+02	6.12014000000000e-03	1
14	22	62	70	1.75220481178359e-02	2.03776077000000e-01	0.00000000000000e+00	0.00000000000000e+00	-5.48176039151407e+03	-3.30954599739399e-02	1.81421381624083e+02	-6.74406300000000e-03	1
14	22	70	63	1.75220832864818e-02	2.03776077000000e-01	0.00000000000000e+00	0.00000000000000e+00	6.66174464177701e+03	2.71899434004709e-02	1.81132459758307e+02	5.54066000000000e-03	1
14	22	63	71	1.75218181300791e-02	2.03776077000000e-01	0.00000000000000e+00	0.00000000000000e+00	-5.88351474780197e+03	-3.11605861369095e-02	1.83333768086661e+02	-6.34978200000000e-03	1
15	16	17	18	1.75210522308622e-02	1.14298386000000e-01	0.00000000000000e+00	0.00000000000000e+00	-1.86896650171323e+01	-1.01662398102454e+01	1.90003616537322e+02	-1.16198480200000e+00	1
15	16	18	19	1.75256667224053e-02	1.14298386000000e-01	0.00000000000000e+00	0.00000000000000e+00	-7.28529482476303e+01	-2.13915594573663e+00	1.55843817408361e+02	-2.44502072000000e-01	1
15	16	19	20	1.75263376508288e-02	1.14298386000000e-01	0.00000000000000e+00	0.00000000000000e+00	-1.82716570469262e+02	-8.31199016231078e-01	1.51873833623167e+02	-9.50047060000000e-02	1
15	16	20	21	1.75313798468012e-02	1.14298386000000e-01	0.00000000000000e+00	0.00000000000000e+00	-3.72245711098506e+02	-3.42436042797665e-01	1.27470348256975e+02	-3.91398870000000e-02	1
15	16	21	22	1.75332921767932e-02	1.14298386000000e-01	0.00000000000000e+00	0.00000000000000e+00	-6.53817792600754e+02	-1.83764265927605e-01	1.20148346707684e+02	-2.10039590000000e-02	1
15	16	22	23	1.75285089929129e-02	1.14298386000000e-01	0.00000000000000e+00	0.00000000000000e+00	-1.04467159771971e+03	-1.34306900886597e-01	1.40306604733984e+02	-1.53510620000000e-02	1
15	17	23	25	1.75367688127841e-02	1.58356674000000e-01	0.00000000000000e+00	0.00000000000000e+00	-3.56888072882839e+02	-3.04823432954900e-01	1.08787847556806e+02	-4.82708250000000e-02	1
15	17	25	27	1.75374606750343e-02	1.58356674000000e-01	0.00000000000000e+00	0.00000000000000e+00	-7.35159669998734e+02	-1.45245510776515e-01	1.06778641771260e+02	-2.30005960000000e-02	1
15	17	27	29	1.75461104318104e-02	1.58356674000000e-01	0.00000000000000e+00	0.00000000000000e+00	-1.39993551886659e+03	-6.19659011024695e-02	8.67482659119214e+01	-9.81271400000000e-03	1
15	17	29	24	1.75398273273064e-02	1.58356674000000e-01	0.00000000000000e+00	0.00000000000000e+00	3.06854348080155e+02	3.27300407938601e-01	1.00433553304368e+02	5.18302040000000e-02	1
15	17	24	26	1.75390118932113e-02	1.58356674000000e-01	0.00000000000000e+00	0.00000000000000e+00	-4.99430037403450e+02	-2.05299695799370e-01	1.02532834751996e+02	-3.25105770000000e-02	1
15	17	26	28	1.75401066191270e-02	1.58356674000000e-01	0.00000000000000e+00	0.00000000000000e+00	-1.06022167949241e+03	-9.40691580829741e-02	9.97341607711682e+01	-1.48964790000000e-02	1
15	17	28	30	1.75445742974476e-02	1.58356674000000e-01	0.00000000000000e+00	0.00000000000000e+00	-1.76783863503314e+03	-5.07613149288548e-02	8.97378136963139e+01	-8.03839300000000e-03	1
15	18	29	32	1.75423214766839e-02	1.60056483000000e-01	0.00000000000000e+00	0.00000000000000e+00	-9.35478127186753e+02	-1.01033533268378e-01	9.45146604849623e+01	-1.61710720000000e-02	1
15	18	32	35	1.75379613677931e-02	1.60056483000000e-01	0.00000000000000e+00	0.00000000000000e+00	-1.68117671482496e+03	-6.26765052684558e-02	1.05370281223932e+02	-1.00317810000000e-02	1
15	18	35	30	1.75403653043830e-02	1.60056483000000e-01	0.00000000000000e+00	0.00000000000000e+00	8.08282317583014e+02	1.22599495079496e-01	9.90950040173627e+01	1.96228440000000e-02	1
15	18	30	33	1.75418070220153e-02	1.60056483000000e-01	0.00000000000000e+00	0.00000000000000e+00	-1.14943792029056e+03	-8.32386901816404e-02	9.56777069300953e+01	-1.33228920000000e-02	1
15	18	33	36	1.75359237913307e-02	1.60056483000000e-01	0.00000000000000e+00	0.00000000000000e+00	-1.94411062908626e+03	-5.72739124850069e-02	1.11346822031458e+02	-9.16706100000000e-03	1
15	18	36	31	1.75380628084866e-02	1.60056483000000e-01	0.00000000000000e+00	0.00000000000000e+00	9.71623268441969e+02	1.08158649218851e-01	1.05089460264288e+02	1.73114930000000e-02	1
15	18	31	34	1.75391329289791e-02	1.60056483000000e-01	0.00000000000000e+00	0.00000000000000e+00	-1.41250692183125e+03	-7.23647476372450e-02	1.02215706934180e+02	-1.15824470000000e-02	1
15	18	34	37	1.75350899567526e-02	1.60056483000000e-01	0.00000000000000e+00	0.00000000000000e+00	-2.25450967500520e+03	-5.05620943826437e-02	1.13992730974196e+02	-8.09279100000000e-03	1
15	19	35	39	1.75329611922016e-02	1.60040283000000e-01	0.00000000000000e+00	0.00000000000000e+00	-1.49456733843311e+03	-8.11973008070725e-02	1.21354833755179e+02	-1.29948390000000e-02	1
15	19	39	43	1.75337231056154e-02	1.60040283000000e-01	0.00000000000000e+00	0.00000000000000e+00	-2.71522555883852e+03	-4.36844141296601e-02	1.18613037767740e+02	-6.99126600000000e-03	1
15	19	43	36	1.75327304304040e-02	1.60040283000000e-01	0.00000000000000e+00	0.00000000000000e+00	1.21626242085897e+03	1.00480314696769e-01	1.22210430801764e+02	1.60808980000000e-02	1
15	19	36	40	1.75335124722231e-02	1.60040283000000e-01	0.00000000000000e+00	0.00000000000000e+00	-1.77412299658893e+03	-6.72774928797145e-02	1.19358547270750e+02	-1.07671090000000e-02	1
15	19	40	44	1.75288519916733e-02	1.60040283000000e-01	0.00000000000000e+00	0.00000000000000e+00	-3.06938636942519e+03	-4.51681843126958e-02	1.38638609261073e+02	-7.22872900000000e-03	1
15	19	44	37	1.75316573696629e-02	1.60040283000000e-01	0.00000000000000e+00	0.00000000000000e+00	1.40533983519195e+03	8.99091324401120e-02	1.26352885365638e+02	1.43890830000000e-02	1
15	19	37	41	1.75338737992382e-02	1.60040283000000e-01	0.00000000000000e+00	0.00000000000000e+00	-2.06958296632461e+03	-5.70575659379458e-02	1.18085366565116e+02	-9.13150900000000e-03	1
15	19	41	38	1.75339525523465e-02	1.60040283000000e-01	0.00000000000000e+00	0.00000000000000e+00	3.00146288040460e+03	3.92513489869298e-02	1.17811466990076e+02	6.28179700000000e-03	1
15	19	38	42	1.75336415177756e-02	1.60040283000000e-01	0.00000000000000e+00	0.00000000000000e+00	-2.38812729981268e+03	-4.97882586223620e-02	1.18900699626197e+02	-7.96812700000000e-03	1
15	20	41	46	1.75255576722824e-02	1.67356130000000e-01	0.00000000000000e+00	0.00000000000000e+00	-2.18198501333265e+03	-7.17277042675401e-02	1.56508775752529e+02	-1.20040710000000e-02	1
15	20	46	51	1.75261624337287e-02	1.67356130000000e-01	0.00000000000000e+00	0.00000000000000e+00	-3.62522263455960e+03	-4.21742304868068e-02	1.52890974955905e+02	-7.05811600000000e-03	1
15	20	51	42	1.75247562666370e-02	1.67356130000000e-01	0.00000000000000e+00	0.00000000000000e+00	1.61478493061088e+03	1.00059920123631e-01	1.61575251173768e+02	1.67456410000000e-02	1
15	20	42	47	1.75245119515579e-02	1.67356130000000e-01	0.00000000000000e+00	0.00000000000000e+00	-2.45570621773813e+03	-6.64516381921594e-02	1.63185701087371e+02	-1.11210890000000e-02	1
15	20	47	43	1.75234733424387e-02	1.67356130000000e-01	0.00000000000000e+00	0.00000000000000e+00	3.26677260440348e+03	5.21634313604169e-02	1.70406068519891e+02	8.72987000000000e-03	1
15	20	43	48	1.75234043632114e-02	1.67356130000000e-01	0.00000000000000e+00	0.00000000000000e+00	-2.74294047672016e+03	-6.23084257505237e-02	1.70908303031825e+02	-1.04276970000000e-02	1
15	20	48	44	1.75232251533113e-02	1.67356130000000e-01	0.00000000000000e+00	0.00000000000000e+00	3.63886111700734e+03	4.73299364654285e-02	1.72227065474476e+02	7.92095500000000e-03	1
15	20	44	49	1.75241698970950e-02	1.67356130000000e-01	0.00000000000000e+00	0.00000000000000e+00	-3.02069007057544e+03	-5.47871894504253e-02	1.65495119167635e+02	-9.16897200000000e-03	1
15	20	49	45	1.75240227155179e-02	1.67356130000000e-01	0.00000000000000e+00	0.00000000000000e+00	3.99035164094689e+03	4.17279187801486e-02	1.66509069177665e+02	6.98342300000000e-03	1
15	20	45	50	1.75238219740223e-02	1.67356130000000e-01	0.00000000000000e+00	0.00000000000000e+00	-3.31178663257836e+03	-5.07013934894407e-02	1.67912197211425e+02	-8.48518900000000e-03	1
15	21	47	53	1.75243914190652e-02	1.85037384000000e-01	0.00000000000000e+00	0.00000000000000e+00	-2.74351717034321e+03	-5.97744021283829e-02	1.63992098586218e+02	-1.10604990000000e-02	1
15	21	53	48	1.75245053160271e-02	1.85037384000000e-01	0.00000000000000e+00	0.00000000000000e+00	3.44323630059116e+03	4.74059501403241e-02	1.63229888387178e+02	8.77187300000000e-03	1
15	21	48	54	1.75241928994738e-02	1.85037384000000e-01	0.00000000000000e+00	0.00000000000000e+00	-3.01876829717090e+03	-5.47699431375446e-02	1.65337767981473e+02	-1.01344870000000e-02	1
15	21	54	49	1.75227717289333e-02	1.85037384000000e-01	0.00000000000000e+00	0.00000000000000e+00	3.84388200235743e+03	4.56976575068744e-02	1.75656403240568e+02	8.45577500000000e-03	1
15	21	49	55	1.75221953866230e-02	1.85037384000000e-01	0.00000000000000e+00	0.00000000000000e+00	-3.35748784364102e+03	-5.36763316973828e-02	1.80217631165206e+02	-9.93212800000000e-03	1
15	21	55	50	1.75217783586399e-02	1.85037384000000e-01	0.00000000000000e+00	0.00000000000000e+00	4.29098041533472e+03	4.28034045271630e-02	1.83668570535706e+02	7.92023000000000e-03	1
15	21	50	56	1.75216028466101e-02	1.85037384000000e-01	0.00000000000000e+00	0.00000000000000e+00	-3.73613596371924e+03	-4.95594338925587e-02	1.85160783307555e+02	-9.17034800000000e-03	1
15	21	56	51	1.75204721992170e-02	1.85037384000000e-01	0.00000000000000e+00	0.00000000000000e+00	4.76883464061777e+03	4.09716287385472e-02	1.95386922410914e+02	7.58128300000000e-03	1
15	21	51	57	1.75204215628884e-02	1.85037384000000e-01	0.00000000000000e+00	0.00000000000000e+00	-4.13908227889719e+03	-4.73224210735707e-02	1.95871394460127e+02	-8.75641700000000e-03	1
15	21	57	52	1.75193959729993e-02	1.85037384000000e-01	0.00000000000000e+00	0.00000000000000e+00	5.26253312104335e+03	3.91880432118517e-02	2.06228375351248e+02	7.25125300000000e-03	1
15	21	52	58	1.75194019207892e-02	1.85037384000000e-01	0.00000000000000e+00	0.00000000000000e+00	-4.56654026468761e+03	-4.51469039359095e-02	2.06165154649314e+02	-8.35386500000000e-03	1
15	22	53	60	1.75178811021719e-02	1.71547007000000e-01	0.00000000000000e+00	0.00000000000000e+00	-3.67604766966031e+03	-6.08533613180439e-02	2.23699857064192e+02	-1.04392120000000e-02	1
15	22	60	54	1.75176679724580e-02	1.71547007000000e-01	0.00000000000000e+00	0.00000000000000e+00	4.50084379657708e+03	5.03013147877305e-02	2.26398360622027e+02	8.62904000000000e-03	1
15	22	54	61	1.75179964372390e-02	1.71547007000000e-01	0.00000000000000e+00	0.00000000000000e+00	-3.98210320032938e+03	-5.58162871358053e-02	2.22266215633994e+02	-9.57511700000000e-03	1
15	22	61	55	1.75176966471494e-02	1.71547007000000e-01	0.00000000000000e+00	0.00000000000000e+00	4.87372324506093e+03	4.63775855908696e-02	2.26031516944024e+02	7.95593600000000e-03	1
15	22	55	62	1.75174851460319e-02	1.71547007000000e-01	0.00000000000000e+00	0.00000000000000e+00	-4.28459557052985e+03	-5.33925782803078e-02	2.28765604398975e+02	-9.15933700000000e-03	1
15	22	62	56	1.75168397274703e-02	1.71547007000000e-01	0.00000000000000e+00	0.00000000000000e+00	5.22841999893962e+03	4.54312269056376e-02	2.37533535329799e+02	7.79359100000000e-03	1
15	22	56	63	1.75174465175895e-02	1.71547007000000e-01	0.00000000000000e+00	0.00000000000000e+00	-4.53938159288810e+03	-5.05073457795740e-02	2.29272115737433e+02	-8.66438400000000e-03	1
15	22	63	57	1.75168825132792e-02	1.71547007000000e-01	0.00000000000000e+00	0.00000000000000e+00	5.50952010987249e+03	4.30040262958362e-02	2.36931547682395e+02	7.37721200000000e-03	1
15	22	57	64	1.75177574120553e-02	1.71547007000000e-01	0.00000000000000e+00	0.00000000000000e+00	-4.81632867683019e+03	-4.67696588842264e-02	2.25258049289665e+02	-8.02319500000000e-03	1
15	22	64	58	1.75173479288715e-02	1.71547007000000e-01	0.00000000000000e+00	0.00000000000000e+00	5.79856320323553e+03	3.97641737929010e-02	2.30575074962578e+02	6.82142500000000e-03	1
15	22	58	65	1.75178490229572e-02	1.71547007000000e-01	0.00000000000000e+00	0.00000000000000e+00	-5.19059690133600e+03	-4.31745917898760e-02	2.24101902360977e+02	-7.40647200000000e-03	1
15	23	59	67	1.75178183385535e-02	1.90067942000000e-01	0.00000000000000e+00	0.00000000000000e+00	-4.32052997828770e+03	-5.19583991707555e-02	2.24487821241088e+02	-9.87562600000000e-03	1
15	23	67	60	1.75187260387252e-02	1.90067942000000e-01	0.00000000000000e+00	0.00000000000000e+00	5.08312615543995e+03	4.20226257829424e-02	2.13606308237540e+02	7.98715400000000e-03	1
15	23	60	68	1.75197148034625e-02	1.90067942000000e-01	0.00000000000000e+00	0.00000000000000e+00	-4.66725944446109e+03	-4.34715971197289e-02	2.02893222222862e+02	-8.26255700000000e-03	1
15	23	68	61	1.75207421254084e-02	1.90067942000000e-01	0.00000000000000e+00	0.00000000000000e+00	5.55910908481054e+03	3.46897795105289e-02	1.92844268427056e+02	6.59341500000000e-03	1
15	23	61	69	1.75209990414799e-02	1.90067942000000e-01	0.00000000000000e+00	0.00000000000000e+00	-4.91887440140484e+03	-3.87252996089156e-02	1.90484884933028e+02	-7.36043800000000e-03	1
15	23	69	62	1.75223298395757e-02	1.90067942000000e-01	0.00000000000000e+00	0.00000000000000e+00	5.88831727726201e+03	3.04216794224036e-02	1.79132500546265e+02	5.78218600000000e-03	1
15	23	62	70	1.75230963100154e-02	1.90067942000000e-01	0.00000000000000e+00	0.00000000000000e+00	-5.17066816572965e+03	-3.34942859538091e-02	1.73187838115206e+02	-6.36619000000000e-03	1
15	23	70	63	1.75231259591191e-02	1.90067942000000e-01	0.00000000000000e+00	0.00000000000000e+00	6.28966230076643e+03	2.75000136530126e-02	1.72965799143915e+02	5.22687100000000e-03	1
15	23	63	71	1.75228582114969e-02	1.90067942000000e-01	0.00000000000000e+00	0.00000000000000e+00	-5.55835500919320e+03	-3.14826631836735e-02	1.74991818609714e+02	-5.98384500000000e-03	1
15	23	71	64	1.75220583153324e-02	1.90067942000000e-01	0.00000000000000e+00	0.00000000000000e+00	6.71234744094929e+03	2.70155132210565e-02	1.81337511035290e+02	5.13478300000000e-03	1
15	23	64	72	1.75216609352079e-02	1.90067942000000e-01	0.00000000000000e+00	0.00000000000000e+00	-5.96376634052149e+03	-3.09643643113682e-02	1.84664233635783e+02	-5.88533300000000e-03	1
16	17	18	19	1.75225695139016e-02	1.22785077000000e-01	0.00000000000000e+00	0.00000000000000e+00	-1.85936123346579e+01	-9.53178008757530e+00	1.77230223807586e+02	-1.17036035200000e+00	1
16	17	19	20	1.75237924560546e-02	1.22785077000000e-01	0.00000000000000e+00	0.00000000000000e+00	-7.48736411201739e+01	-2.24538988561289e+00	1.68120516470248e+02	-2.75700370000000e-01	1
16	17	20	21	1.75291590723717e-02	1.22785077000000e-01	0.00000000000000e+00	0.00000000000000e+00	-1.90549009123312e+02	-7.19912298462785e-01	1.37178575127770e+02	-8.83944870000000e-02	1
16	17	21	22	1.75307877316653e-02	1.22785077000000e-01	0.00000000000000e+00	0.00000000000000e+00	-3.83037767345947e+02	-3.39188173494406e-01	1.29921880685447e+02	-4.16472460000000e-02	1
16	17	22	23	1.75263083650936e-02	1.22785077000000e-01	0.00000000000000e+00	0.00000000000000e+00	-6.70115632137632e+02	-2.26890536542971e-01	1.52042895321539e+02	-2.78587720000000e-02	1
16	17	23	24	1.75334675117403e-02	1.22785077000000e-01	0.00000000000000e+00	0.00000000000000e+00	-1.04175075578977e+03	-1.14728877027947e-01	1.19518894354775e+02	-1.40869940000000e-02	1
16	18	24	26	1.75338267405698e-02	2.04647685000000e-01	0.00000000000000e+00	0.00000000000000e+00	-3.52849258130051e+02	-3.35127934625794e-01	1.18249643111368e+02	-6.85831560000000e-02	1
16	18	26	28	1.75353315694690e-02	2.04647685000000e-01	0.00000000000000e+00	0.00000000000000e+00	-8.07302450956390e+02	-1.40236411665248e-01	1.13213198850684e+02	-2.86990570000000e-02	1
16	18	28	30	1.75397606543029e-02	2.04647685000000e-01	0.00000000000000e+00	0.00000000000000e+00	-1.41113224927877e+03	-7.12916640127153e-02	1.00601966193089e+02	-1.45896740000000e-02	1
16	18	30	25	1.75349507399571e-02	2.04647685000000e-01	0.00000000000000e+00	0.00000000000000e+00	3.25383541384122e+02	3.51728884692734e-01	1.14446790108409e+02	7.19805020000000e-02	1
16	18	25	27	1.75320270161399e-02	2.04647685000000e-01	0.00000000000000e+00	0.00000000000000e+00	-5.41580108446923e+02	-2.30611418839163e-01	1.24894557224013e+02	-4.71940930000000e-02	1
16	18	27	29	1.75407320114771e-02	2.04647685000000e-01	0.00000000000000e+00	0.00000000000000e+00	-1.09385119706110e+03	-8.97771650825173e-02	9.82028594942632e+01	-1.83726890000000e-02	1
16	18	29	31	1.75411973616399e-02	2.04647685000000e-01	0.00000000000000e+00	0.00000000000000e+00	-1.75080400602899e+03	-5.54565765061061e-02	9.70935963075438e+01	-1.13490600000000e-02	1
16	19	30	33	1.75401644654760e-02	2.04942408000000e-01	0.00000000000000e+00	0.00000000000000e+00	-9.32122499116678e+02	-1.06842737985200e-01	9.95905199432332e+01	-2.18966080000000e-02	1
16	19	33	36	1.75361380900807e-02	2.04942408000000e-01	0.00000000000000e+00	0.00000000000000e+00	-1.63944162255534e+03	-6.75147771270454e-02	1.10686535759625e+02	-1.38366410000000e-02	1
16	19	36	31	1.75372382328850e-02	2.04942408000000e-01	0.00000000000000e+00	0.00000000000000e+00	8.07100361756923e+02	1.33089375040426e-01	1.07416482741131e+02	2.72756570000000e-02	1
16	19	31	34	1.75379617557959e-02	2.04942408000000e-01	0.00000000000000e+00	0.00000000000000e+00	-1.16237597007134e+03	-9.06498473463823e-02	1.05369204246070e+02	-1.85779980000000e-02	1
16	19	34	37	1.75352438819991e-02	2.04942408000000e-01	0.00000000000000e+00	0.00000000000000e+00	-1.91998130882495e+03	-5.91124897878627e-02	1.13494875510802e+02	-1.21146560000000e-02	1
16	19	37	32	1.75353838069345e-02	2.04942408000000e-01	0.00000000000000e+00	0.00000000000000e+00	9.72714046962302e+02	1.16217156968313e-01	1.13046061081101e+02	2.38178240000000e-02	1
16	19	32	35	1.75357684942199e-02	2.04942408000000e-01	0.00000000000000e+00	0.00000000000000e+00	-1.40183583881699e+03	-7.97741480621229e-02	1.11830259764577e+02	-1.63491060000000e-02	1
16	19	35	38	1.75343528381630e-02	2.04942408000000e-01	0.00000000000000e+00	0.00000000000000e+00	-2.30308677592811e+03	-5.05576717923603e-02	1.16438705326699e+02	-1.03614110000000e-02	1
16	20	36	40	1.75337709917723e-02	2.17527568000000e-01	0.00000000000000e+00	0.00000000000000e+00	-1.53127651780885e+03	-7.73503981803355e-02	1.18444848376712e+02	-1.68258440000000e-02	1
16	20	40	44	1.75303137338825e-02	2.17527568000000e-01	0.00000000000000e+00	0.00000000000000e+00	-2.71809821284325e+03	-4.85462192084086e-02	1.31953391670672e+02	-1.05601410000000e-02	1
16	20	44	37	1.75324438500417e-02	2.17527568000000e-01	0.00000000000000e+00	0.00000000000000e+00	1.23036567860192e+03	1.00205924244048e-01	1.23289929982460e+02	2.17975510000000e-02	1
16	20	37	41	1.75346792211321e-02	2.17527568000000e-01	0.00000000000000e+00	0.00000000000000e+00	-1.79967320617476e+03	-6.40909937447561e-02	1.15342844199552e+02	-1.39415580000000e-02	1
16	20	41	45	1.75276132241203e-02	2.17527568000000e-01	0.00000000000000e+00	0.00000000000000e+00	-3.08164800294426e+03	-4.70067085933678e-02	1.44858129661735e+02	-1.02252550000000e-02	1
16	20	45	38	1.75310658611972e-02	2.17527568000000e-01	0.00000000000000e+00	0.00000000000000e+00	1.41634211448592e+03	9.09093232725334e-02	1.28758703150304e+02	1.97752840000000e-02	1
16	20	38	42	1.75344991294833e-02	2.17527568000000e-01	0.00000000000000e+00	0.00000000000000e+00	-2.09066133024421e+03	-5.54585062983833e-02	1.15944954551135e+02	-1.20637540000000e-02	1
16	20	42	39	1.75348382810891e-02	2.17527568000000e-01	0.00000000000000e+00	0.00000000000000e+00	3.00146430007248e+03	3.82534042765559e-02	1.14816227292322e+02	8.32117000000000e-03	1
16	20	39	43	1.75332757926487e-02	2.17527568000000e-01	0.00000000000000e+00	0.00000000000000e+00	-2.39133075494430e+03	-5.02680377505071e-02	1.20207504663489e+02	-1.09346840000000e-02	1
16	21	42	47	1.75248557998123e-02	2.48187637000000e-01	0.00000000000000e+00	0.00000000000000e+00	-2.20147182070360e+03	-7.31002930657662e-02	1.60928235269459e+02	-1.81425890000000e-02	1
16	21	47	52	1.75279867724256e-02	2.48187637000000e-01	0.00000000000000e+00	0.00000000000000e+00	-3.61083231597372e+03	-3.95821932097287e-02	1.42924662378804e+02	-9.82381100000000e-03	1
16	21	52	43	1.75253561104380e-02	2.48187637000000e-01	0.00000000000000e+00	0.00000000000000e+00	1.61947268990981e+03	9.74100414195893e-02	1.57752901802008e+02	2.41759680000000e-02	1
16	21	43	48	1.75245951949802e-02	2.48187637000000e-01	0.00000000000000e+00	0.00000000000000e+00	-2.46976202534965e+03	-6.58498231320040e-02	1.62633392547414e+02	-1.63431120000000e-02	1
16	21	48	44	1.75243949850756e-02	2.48187637000000e-01	0.00000000000000e+00	0.00000000000000e+00	3.28462768614431e+03	4.99198515677878e-02	1.63968126547770e+02	1.23894900000000e-02	1
16	21	44	49	1.75253559992206e-02	2.48187637000000e-01	0.00000000000000e+00	0.00000000000000e+00	-2.73116167080735e+03	-5.77606208483302e-02	1.57753593742995e+02	-1.43354720000000e-02	1
16	21	49	45	1.75251860284195e-02	2.48187637000000e-01	0.00000000000000e+00	0.00000000000000e+00	3.61622979663300e+03	4.39181746994110e-02	1.58818211961743e+02	1.08999480000000e-02	1
16	21	45	50	1.75249809067965e-02	2.48187637000000e-01	0.00000000000000e+00	0.00000000000000e+00	-3.00592501754083e+03	-5.32688902630553e-02	1.60122289898355e+02	-1.32206800000000e-02	1
16	21	50	46	1.75256298346729e-02	2.48187637000000e-01	0.00000000000000e+00	0.00000000000000e+00	3.95768672627262e+03	3.94341761672843e-02	1.56068115578757e+02	9.78707500000000e-03	1
16	21	46	51	1.75258728808488e-02	2.48187637000000e-01	0.00000000000000e+00	0.00000000000000e+00	-3.30213500596425e+03	-4.68188107210191e-02	1.54602033819492e+02	-1.16198500000000e-02	1
16	22	48	54	1.75247863100656e-02	2.24097188000000e-01	0.00000000000000e+00	0.00000000000000e+00	-2.76419629129656e+03	-5.83820355657475e-02	1.61379406189183e+02	-1.30832500000000e-02	1
16	22	54	49	1.75232201632568e-02	2.24097188000000e-01	0.00000000000000e+00	0.00000000000000e+00	3.52631073344290e+03	4.88510770603690e-02	1.72264077378225e+02	1.09473890000000e-02	1
16	22	49	55	1.75231906503940e-02	2.24097188000000e-01	0.00000000000000e+00	0.00000000000000e+00	-3.08340827612769e+03	-5.59391713563135e-02	1.72483303919782e+02	-1.25358110000000e-02	1
16	22	55	50	1.75227159847927e-02	2.24097188000000e-01	0.00000000000000e+00	0.00000000000000e+00	3.94765933299290e+03	4.46055351662869e-02	1.76087457202335e+02	9.99597500000000e-03	1
16	22	50	56	1.75225310259784e-02	2.24097188000000e-01	0.00000000000000e+00	0.00000000000000e+00	-3.44071408381568e+03	-5.15977112573139e-02	1.77532971815695e+02	-1.15629020000000e-02	1
16	22	56	51	1.75213448002184e-02	2.24097188000000e-01	0.00000000000000e+00	0.00000000000000e+00	4.39894586760186e+03	4.26009495487288e-02	1.87399270973296e+02	9.54675300000000e-03	1
16	22	51	57	1.75212799222963e-02	2.24097188000000e-01	0.00000000000000e+00	0.00000000000000e+00	-3.82174597258648e+03	-4.91844859740052e-02	1.87970611184891e+02	-1.10221050000000e-02	1
16	22	57	52	1.75201937256214e-02	2.24097188000000e-01	0.00000000000000e+00	0.00000000000000e+00	4.86643069066527e+03	4.07036165041036e-02	1.98081328576639e+02	9.12156600000000e-03	1
16	22	52	58	1.75202042865882e-02	2.24097188000000e-01	0.00000000000000e+00	0.00000000000000e+00	-4.22665322493188e+03	-4.68403200132971e-02	1.97977789641044e+02	-1.04967840000000e-02	1
16	22	58	53	1.75201300640361e-02	2.24097188000000e-01	0.00000000000000e+00	0.00000000000000e+00	5.32663532231244e+03	3.73045555573861e-02	1.98707763315140e+02	8.35984600000000e-03	1
16	22	53	59	1.75193688562286e-02	2.24097188000000e-01	0.00000000000000e+00	0.00000000000000e+00	-4.64948188186842e+03	-4.44172284749954e-02	2.06517099037301e+02	-9.95377600000000e-03	1
16	23	54	61	1.75178733130658e-02	2.56803375000000e-01	0.00000000000000e+00	0.00000000000000e+00	-3.69735891535663e+03	-6.05289747457564e-02	2.23797344413619e+02	-1.55440450000000e-02	1
16	23	61	55	1.75175053178961e-02	2.56803375000000e-01	0.00000000000000e+00	0.00000000000000e+00	4.53095861879822e+03	5.04312686700477e-02	2.28501991437481e+02	1.29509200000000e-02	1
16	23	55	62	1.75176440800226e-02	2.56803375000000e-01	0.00000000000000e+00	0.00000000000000e+00	-3.98659126863594e+03	-5.68668616602099e-02	2.26704934169321e+02	-1.46036020000000e-02	1
16	23	62	56	1.75169815557391e-02	2.56803375000000e-01	0.00000000000000e+00	0.00000000000000e+00	4.87060066396461e+03	4.83615256224728e-02	2.35549678807158e+02	1.24194030000000e-02	1
16	23	56	63	1.75175870788211e-02	2.56803375000000e-01	0.00000000000000e+00	0.00000000000000e+00	-4.23239897220606e+03	-5.37377750584470e-02	2.27439703926011e+02	-1.38000420000000e-02	1
16	23	63	57	1.75170138893484e-02	2.56803375000000e-01	0.00000000000000e+00	0.00000000000000e+00	5.14276801301498e+03	4.57150767586290e-02	2.35102034466802e+02	1.17397860000000e-02	1
16	23	57	64	1.75178840245725e-02	2.56803375000000e-01	0.00000000000000e+00	0.00000000000000e+00	-4.49923574479578e+03	-4.97113988474645e-02	2.23663302618312e+02	-1.27660550000000e-02	1
16	23	64	58	1.75174514598365e-02	2.56803375000000e-01	0.00000000000000e+00	0.00000000000000e+00	5.42252257850325e+03	4.22694756250770e-02	2.29207185958473e+02	1.08549440000000e-02	1
16	23	58	65	1.75179539336723e-02	2.56803375000000e-01	0.00000000000000e+00	0.00000000000000e+00	-4.85696396041433e+03	-4.58707133424551e-02	2.22792401542801e+02	-1.17797540000000e-02	1
16	23	65	59	1.75185559733085e-02	2.56803375000000e-01	0.00000000000000e+00	0.00000000000000e+00	5.79165196222399e+03	3.72197795297667e-02	2.15564009147118e+02	9.55816500000000e-03	1
16	23	59	66	1.75188225205705e-02	2.56803375000000e-01	0.00000000000000e+00	0.00000000000000e+00	-5.22439835548432e+03	-4.06767200781532e-02	2.12511389482799e+02	-1.04459190000000e-02	1
16	24	60	68	1.75187677154275e-02	2.39991338000000e-01	0.00000000000000e+00	0.00000000000000e+00	-4.34916015739682e+03	-4.90053145168098e-02	2.13131961397209e+02	-1.17608510000000e-02	1
16	24	68	61	1.75193362837988e-02	2.39991338000000e-01	0.00000000000000e+00	0.00000000000000e+00	5.18514937686425e+03	3.98956649010391e-02	2.06864982001208e+02	9.57461400000000e-03	1
16	24	61	69	1.75218900318159e-02	2.39991338000000e-01	0.00000000000000e+00	0.00000000000000e+00	-4.59134860207334e+03	-3.97991072494458e-02	1.82731575433510e+02	-9.55144100000000e-03	1
16	24	69	62	1.75232756247333e-02	2.39991338000000e-01	0.00000000000000e+00	0.00000000000000e+00	5.50146414572290e+03	3.12377940907184e-02	1.71853604181562e+02	7.49680000000000e-03	1
16	24	62	70	1.75240744842898e-02	2.39991338000000e-01	0.00000000000000e+00	0.00000000000000e+00	-4.83453261406000e+03	-3.43675445486287e-02	1.66151014985505e+02	-8.24791300000000e-03	1
16	24	70	63	1.75241313018659e-02	2.39991338000000e-01	0.00000000000000e+00	0.00000000000000e+00	5.88675239982181e+03	2.81581079397124e-02	1.65759809488544e+02	6.75770200000000e-03	1
16	24	63	71	1.75238471459321e-02	2.39991338000000e-01	0.00000000000000e+00	0.00000000000000e+00	-5.20571453797701e+03	-3.22213129208855e-02	1.67734957104960e+02	-7.73283600000000e-03	1
16	24	71	64	1.75230154246103e-02	2.39991338000000e-01	0.00000000000000e+00	0.00000000000000e+00	6.29257663443525e+03	2.76192884928205e-02	1.73796489429649e+02	6.62839000000000e-03	1
16	24	64	72	1.75226112015128e-02	2.39991338000000e-01	0.00000000000000e+00	0.00000000000000e+00	-5.59409226557096e+03	-3.16232663363875e-02	1.76903469624476e+02	-7.58931000000000e-03	1
17	18	19	20	1.75194076093030e-02	1.99831889000000e-01	0.00000000000000e+00	0.00000000000000e+00	-1.90475501654018e+01	-1.08205372516896e+01	2.06104726118157e+02	-2.16228839900000e+00	1
17	18	20	21	1.75255330666062e-02	1.99831889000000e-01	0.00000000000000e+00	0.00000000000000e+00	-7.70178779795782e+01	-2.03406798601599e+00	1.56659599949146e+02	-4.06471648000000e-01	1
17	18	21	22	1.75276429554743e-02	1.99831889000000e-01	0.00000000000000e+00	0.00000000000000e+00	-1.92756708171469e+02	-7.50699309057725e-01	1.44702327640563e+02	-1.50013661000000e-01	1
17	18	22	23	1.75233205478957e-02	1.99831889000000e-01	0.00000000000000e+00	0.00000000000000e+00	-3.85417628921831e+02	-4.45030387517380e-01	1.71522556755112e+02	-8.89312630000000e-02	1
17	18	23	24	1.75294676090992e-02	1.99831889000000e-01	0.00000000000000e+00	0.00000000000000e+00	-6.56720320856391e+02	-2.06697220382078e-01	1.35742264889443e+02	-4.13046960000000e-02	1
17	18	24	25	1.75329027065982e-02	1.99831889000000e-01	0.00000000000000e+00	0.00000000000000e+00	-9.80331913758130e+02	-1.24009576869886e-01	1.21570545817191e+02	-2.47810680000000e-02	1
17	19	25	27	1.75289414150076e-02	2.61861766000000e-01	0.00000000000000e+00	0.00000000000000e+00	-3.74030281347190e+02	-3.69516185879538e-01	1.38210242966864e+02	-9.67621610000000e-02	1
17	19	27	29	1.75376647701865e-02	2.61861766000000e-01	0.00000000000000e+00	0.00000000000000e+00	-8.12783918565754e+02	-1.30662079931134e-01	1.06200037334379e+02	-3.42154030000000e-02	1
17	19	29	31	1.75378494998889e-02	2.61861766000000e-01	0.00000000000000e+00	0.00000000000000e+00	-1.36392970787408e+03	-7.74832550392256e-02	1.05681713410784e+02	-2.02899020000000e-02	1
17	19	31	26	1.75338377128564e-02	2.61861766000000e-01	0.00000000000000e+00	0.00000000000000e+00	3.35751861446270e+02	3.52079356250885e-01	1.18211299238039e+02	9.21961220000000e-02	1
17	19	26	28	1.75314872244807e-02	2.61861766000000e-01	0.00000000000000e+00	0.00000000000000e+00	-5.81237238675815e+02	-2.18560753920830e-01	1.27035649091848e+02	-5.72327050000000e-02	1
17	19	28	30	1.75364364425255e-02	2.61861766000000e-01	0.00000000000000e+00	0.00000000000000e+00	-1.07568294917426e+03	-1.02056281099089e-01	1.09780201434426e+02	-2.67246380000000e-02	1
17	19	30	32	1.75413480287936e-02	2.61861766000000e-01	0.00000000000000e+00	0.00000000000000e+00	-1.70142802291560e+03	-5.68580027066647e-02	9.67397991321303e+01	-1.48889370000000e-02	1
17	20	31	34	1.75365407171672e-02	2.89048258000000e-01	0.00000000000000e+00	0.00000000000000e+00	-9.35333265214597e+02	-1.17035211469775e-01	1.09466926489105e+02	-3.38288240000000e-02	1
17	20	34	37	1.75357606644575e-02	2.89048258000000e-01	0.00000000000000e+00	0.00000000000000e+00	-1.60562469192155e+03	-6.96643153614854e-02	1.11854744890211e+02	-2.01363490000000e-02	1
17	20	37	32	1.75349436226970e-02	2.89048258000000e-01	0.00000000000000e+00	0.00000000000000e+00	8.01681428433795e+02	1.42787516816656e-01	1.14470100444091e+02	4.12724830000000e-02	1
17	20	32	35	1.75354954603273e-02	2.89048258000000e-01	0.00000000000000e+00	0.00000000000000e+00	-1.14499441507470e+03	-9.84201018779362e-02	1.12690466981320e+02	-2.84481590000000e-02	1
17	20	35	38	1.75339644145351e-02	2.89048258000000e-01	0.00000000000000e+00	0.00000000000000e+00	-1.94526528988608e+03	-6.05420358561718e-02	1.17770320930050e+02	-1.74995700000000e-02	1
17	20	38	33	1.75347332395347e-02	2.89048258000000e-01	0.00000000000000e+00	0.00000000000000e+00	9.56485345201051e+02	1.20402742575947e-01	1.15163458795908e+02	3.48022030000000e-02	1
17	20	33	36	1.75353524867054e-02	2.89048258000000e-01	0.00000000000000e+00	0.00000000000000e+00	-1.35609541644791e+03	-8.34352892035073e-02	1.13146213258882e+02	-2.41168250000000e-02	1
17	20	36	39	1.75334713558708e-02	2.89048258000000e-01	0.00000000000000e+00	0.00000000000000e+00	-2.35578037861368e+03	-5.07284842380887e-02	1.19505167804903e+02	-1.46629800000000e-02	1
17	21	37	41	1.75365245982887e-02	3.28022298000000e-01	0.00000000000000e+00	0.00000000000000e+00	-1.55334076891696e+03	-7.05030333029372e-02	1.09515235961763e+02	-2.31265670000000e-02	1
17	21	41	45	1.75297560895029e-02	3.28022298000000e-01	0.00000000000000e+00	0.00000000000000e+00	-2.72708279975323e+03	-4.92930636075234e-02	1.34426265911219e+02	-1.61692240000000e-02	1
17	21	45	38	1.75330993096271e-02	3.28022298000000e-01	0.00000000000000e+00	0.00000000000000e+00	1.23956519037907e+03	9.74926070422200e-02	1.20848442008842e+02	3.19797490000000e-02	1
17	21	38	42	1.75366941012466e-02	3.28022298000000e-01	0.00000000000000e+00	0.00000000000000e+00	-1.81762571604830e+03	-5.99734838757821e-02	1.09009346573630e+02	-1.96726400000000e-02	1
17	21	42	46	1.75264410083056e-02	3.28022298000000e-01	0.00000000000000e+00	0.00000000000000e+00	-3.08750459464772e+03	-4.89975501604467e-02	1.51280161246862e+02	-1.60722890000000e-02	1
17	21	46	39	1.75313040530164e-02	3.28022298000000e-01	0.00000000000000e+00	0.00000000000000e+00	1.41726801130414e+03	9.01586574459033e-02	1.27778981140207e+02	2.95740500000000e-02	1
17	21	39	43	1.75354724665202e-02	3.28022298000000e-01	0.00000000000000e+00	0.00000000000000e+00	-2.09247978603188e+03	-5.38898943998008e-02	1.12763514702976e+02	-1.76770870000000e-02	1
17	21	43	40	1.75334988825292e-02	3.28022298000000e-01	0.00000000000000e+00	0.00000000000000e+00	3.00149346857452e+03	3.97825180774753e-02	1.19406968172990e+02	1.30495530000000e-02	1
17	21	40	44	1.75315055285766e-02	3.28022298000000e-01	0.00000000000000e+00	0.00000000000000e+00	-2.39238723765724e+03	-5.30691026376506e-02	1.26961843864237e+02	-1.74078490000000e-02	1
17	22	43	48	1.75259293943769e-02	2.95827433000000e-01	0.00000000000000e+00	0.00000000000000e+00	-2.20615941490598e+03	-6.99247185774012e-02	1.54265076224185e+02	-2.06856500000000e-02	1
17	22	48	53	1.75272609925376e-02	2.95827433000000e-01	0.00000000000000e+00	0.00000000000000e+00	-3.62030288290303e+03	-4.05297030042511e-02	1.46729800629494e+02	-1.19897980000000e-02	1
17	22	53	44	1.75263426618769e-02	2.95827433000000e-01	0.00000000000000e+00	0.00000000000000e+00	1.62302119062202e+03	9.35569690725742e-02	1.51844943335157e+02	2.76767180000000e-02	1
17	22	44	49	1.75269059231538e-02	2.95827433000000e-01	0.00000000000000e+00	0.00000000000000e+00	-2.45047829397145e+03	-6.06682173387213e-02	1.48666149722479e+02	-1.79473230000000e-02	1
17	22	49	45	1.75267122465978e-02	2.95827433000000e-01	0.00000000000000e+00	0.00000000000000e+00	3.25262049375922e+03	4.60379717387468e-02	1.49744050368556e+02	1.36192950000000e-02	1
17	22	45	50	1.75264890926607e-02	2.95827433000000e-01	0.00000000000000e+00	0.00000000000000e+00	-2.70807956655935e+03	-5.57611200310825e-02	1.51005549764637e+02	-1.64956690000000e-02	1
17	22	50	46	1.75271552710954e-02	2.95827433000000e-01	0.00000000000000e+00	0.00000000000000e+00	3.57368322379476e+03	4.12182733573597e-02	1.47301052010983e+02	1.21934960000000e-02	1
17	22	46	51	1.75273671237096e-02	2.95827433000000e-01	0.00000000000000e+00	0.00000000000000e+00	-2.98617342267583e+03	-4.89458426933651e-02	1.46160774601399e+02	-1.44795230000000e-02	1
17	22	51	47	1.75278828885344e-02	2.95827433000000e-01	0.00000000000000e+00	0.00000000000000e+00	3.89992864927514e+03	3.67845601391538e-02	1.43457159937670e+02	1.08818820000000e-02	1
17	22	47	52	1.75276966891244e-02	2.95827433000000e-01	0.00000000000000e+00	0.00000000000000e+00	-3.27651132151267e+03	-4.40778560249347e-02	1.44421594293704e+02	-1.30394390000000e-02	1
17	23	49	55	1.75233740219378e-02	3.34796885000000e-01	0.00000000000000e+00	0.00000000000000e+00	-2.81334300663389e+03	-6.08280450399053e-02	1.71130155120229e+02	-2.03650400000000e-02	1
17	23	55	50	1.75228407403059e-02	3.34796885000000e-01	0.00000000000000e+00	0.00000000000000e+00	3.60862931312695e+03	4.85296928613897e-02	1.75125672216658e+02	1.62475900000000e-02	1
17	23	50	56	1.75228770682643e-02	3.34796885000000e-01	0.00000000000000e+00	0.00000000000000e+00	-3.14856578753287e+03	-5.55324521612559e-02	1.74847578972736e+02	-1.85920920000000e-02	1
17	23	56	51	1.75216622634882e-02	3.34796885000000e-01	0.00000000000000e+00	0.00000000000000e+00	4.03238966650434e+03	4.57924272503312e-02	1.84652910448387e+02	1.53311620000000e-02	1
17	23	51	57	1.75215910054675e-02	3.34796885000000e-01	0.00000000000000e+00	0.00000000000000e+00	-3.50682712176299e+03	-5.28290458855374e-02	1.85262330928264e+02	-1.76870000000000e-02	1
17	23	57	52	1.75204817285901e-02	3.34796885000000e-01	0.00000000000000e+00	0.00000000000000e+00	4.47255633820266e+03	4.36654122394239e-02	1.95296016271667e+02	1.46190440000000e-02	1
17	23	52	58	1.75204867617169e-02	3.34796885000000e-01	0.00000000000000e+00	0.00000000000000e+00	-3.88822223100871e+03	-5.02152461782911e-02	1.95248036526006e+02	-1.68119080000000e-02	1
17	23	58	53	1.75204042584338e-02	3.34796885000000e-01	0.00000000000000e+00	0.00000000000000e+00	4.90716202700538e+03	3.99492635661768e-02	1.96037509178773e+02	1.33748890000000e-02	1
17	23	53	59	1.75196327405627e-02	3.34796885000000e-01	0.00000000000000e+00	0.00000000000000e+00	-4.28699798682165e+03	-4.75254003632680e-02	2.03741295680223e+02	-1.59113560000000e-02	1
17	23	59	54	1.75197078888266e-02	3.34796885000000e-01	0.00000000000000e+00	0.00000000000000e+00	5.40440783721053e+03	3.75553464304186e-02	2.02964408577710e+02	1.25734130000000e-02	1
17	23	54	60	1.75187593031903e-02	3.34796885000000e-01	0.00000000000000e+00	0.00000000000000e+00	-4.69945114508813e+03	-4.53728594278886e-02	2.13227536194314e+02	-1.51906920000000e-02	1
17	24	55	62	1.75184582799080e-02	3.18417084000000e-01	0.00000000000000e+00	0.00000000000000e+00	-3.66443877865470e+03	-5.91372729234591e-02	2.16704916164610e+02	-1.88303180000000e-02	1
17	24	62	56	1.75177460128056e-02	3.18417084000000e-01	0.00000000000000e+00	0.00000000000000e+00	4.48276221588684e+03	5.02821104912826e-02	2.25402745045369e+02	1.60106830000000e-02	1
17	24	56	63	1.75184835829917e-02	3.18417084000000e-01	0.00000000000000e+00	0.00000000000000e+00	-3.89896839521639e+03	-5.55039785490907e-02	2.16408258171673e+02	-1.76734150000000e-02	1
17	24	63	57	1.75178645571644e-02	3.18417084000000e-01	0.00000000000000e+00	0.00000000000000e+00	4.74337754137297e+03	4.72041349389406e-02	2.23907033529310e+02	1.50306030000000e-02	1
17	24	57	64	1.75187679270970e-02	3.18417084000000e-01	0.00000000000000e+00	0.00000000000000e+00	-4.15325303285452e+03	-5.13162949510586e-02	2.13129557640341e+02	-1.63399850000000e-02	1
17	24	64	58	1.75183177323917e-02	3.18417084000000e-01	0.00000000000000e+00	0.00000000000000e+00	5.01118618576809e+03	4.35760381500133e-02	2.18367640407850e+02	1.38753550000000e-02	1
17	24	58	65	1.75188419691060e-02	3.18417084000000e-01	0.00000000000000e+00	0.00000000000000e+00	-4.49143938298459e+03	-4.72659249652572e-02	2.12292036862151e+02	-1.50502780000000e-02	1
17	24	65	59	1.75194560635387e-02	3.18417084000000e-01	0.00000000000000e+00	0.00000000000000e+00	5.36116725938806e+03	3.83482596053169e-02	2.05591433850539e+02	1.22107410000000e-02	1
17	24	59	66	1.75197308462202e-02	3.18417084000000e-01	0.00000000000000e+00	0.00000000000000e+00	-4.83891152130656e+03	-4.18954248070433e-02	2.02728253788835e+02	-1.33402190000000e-02	1
17	24	66	60	1.75211308583894e-02	3.18417084000000e-01	0.00000000000000e+00	0.00000000000000e+00	5.79068016373597e+03	3.26898760243656e-02	1.89296616649282e+02	1.04090150000000e-02	1
17	24	60	67	1.75211362028408e-02	3.18417084000000e-01	0.00000000000000e+00	0.00000000000000e+00	-5.24190476904101e+03	-3.61030502999016e-02	1.89248751543982e+02	-1.14958280000000e-02	1
17	25	61	69	1.75224730831044e-02	3.46752584000000e-01	0.00000000000000e+00	0.00000000000000e+00	-4.20018941720111e+03	-4.23768291226346e-02	1.77990709215429e+02	-1.46942750000000e-02	1
17	25	69	62	1.75236559549106e-02	3.46752584000000e-01	0.00000000000000e+00	0.00000000000000e+00	5.03801484455556e+03	3.35629452728173e-02	1.69090616511460e+02	1.16380380000000e-02	1
17	25	62	70	1.75255751286709e-02	3.46752584000000e-01	0.00000000000000e+00	0.00000000000000e+00	-4.43081275505664e+03	-3.52987045079958e-02	1.56401950171003e+02	-1.22399170000000e-02	1
17	25	70	63	1.75256435324875e-02	3.46752584000000e-01	0.00000000000000e+00	0.00000000000000e+00	5.40116076284822e+03	2.88798568837774e-02	1.55984749837330e+02	1.00141650000000e-02	1
17	25	63	71	1.75253631312051e-02	3.46752584000000e-01	0.00000000000000e+00	0.00000000000000e+00	-4.77970564987021e+03	-3.29955954992970e-02	1.57709234228822e+02	-1.14413080000000e-02	1
17	25	71	64	1.75244912824847e-02	3.46752584000000e-01	0.00000000000000e+00	0.00000000000000e+00	5.78373558154780e+03	2.82383966315302e-02	1.63323419363641e+02	9.79173700000000e-03	1
17	25	64	72	1.75240745846732e-02	3.46752584000000e-01	0.00000000000000e+00	0.00000000000000e+00	-5.14500202639233e+03	-3.22935387267366e-02	1.66150322188439e+02	-1.11978680000000e-02	1
18	19	20	21	1.75230250802827e-02	7.62319060000000e-02	0.00000000000000e+00	0.00000000000000e+00	-1.90150620509259e+01	-9.13610518934159e+00	1.73723607079117e+02	-6.96462712000000e-01	1
18	19	21	22	1.75274701353627e-02	7.62319060000000e-02	0.00000000000000e+00	0.00000000000000e+00	-7.56517192170705e+01	-1.92477686442734e+00	1.45612678903171e+02	-1.46729409000000e-01	1
18	19	22	23	1.75235850753325e-02	7.62319060000000e-02	0.00000000000000e+00	0.00000000000000e+00	-1.88399974817658e+02	-9.00205958381783e-01	1.69598779889834e+02	-6.86244160000000e-02	1
18	19	23	24	1.75292362329702e-02	7.62319060000000e-02	0.00000000000000e+00	0.00000000000000e+00	-3.67885345690853e+02	-3.71899923373292e-01	1.36816531872585e+02	-2.83506400000000e-02	1
18	19	24	25	1.75320121292634e-02	7.62319060000000e-02	0.00000000000000e+00	0.00000000000000e+00	-6.03740326007393e+02	-2.06964207349086e-01	1.24952638016799e+02	-1.57772760000000e-02	1
18	19	25	26	1.75288314376475e-02	7.62319060000000e-02	0.00000000000000e+00	0.00000000000000e+00	-9.99970489328355e+02	-1.38741539533329e-01	1.38737445177312e+02	-1.05765320000000e-02	1
18	20	26	28	1.75293901239147e-02	2.31710119000000e-01	0.00000000000000e+00	0.00000000000000e+00	-4.01347156765831e+02	-3.39108271745353e-01	1.36100140700772e+02	-7.85748180000000e-02	1
18	20	28	30	1.75347615455563e-02	2.31710119000000e-01	0.00000000000000e+00	0.00000000000000e+00	-7.96937361770560e+02	-1.44389870172222e-01	1.15069682201444e+02	-3.34565940000000e-02	1
18	20	30	32	1.75391852104429e-02	2.31710119000000e-01	0.00000000000000e+00	0.00000000000000e+00	-1.32153794956053e+03	-7.72428285706418e-02	1.02079329287501e+02	-1.78979450000000e-02	1
18	20	32	27	1.75359373669043e-02	2.31710119000000e-01	0.00000000000000e+00	0.00000000000000e+00	3.32472651570045e+02	3.34778693890361e-01	1.11304760046885e+02	7.75716110000000e-02	1
18	20	27	29	1.75348508723964e-02	2.31710119000000e-01	0.00000000000000e+00	0.00000000000000e+00	-5.83773556608473e+02	-1.96608331982256e-01	1.14774745220141e+02	-4.55561400000000e-02	1
18	20	29	31	1.75366502907439e-02	2.31710119000000e-01	0.00000000000000e+00	0.00000000000000e+00	-1.03693978040788e+03	-1.05251678714990e-01	1.09139652614282e+02	-2.43878790000000e-02	1
18	20	31	33	1.75381647621287e-02	2.31710119000000e-01	0.00000000000000e+00	0.00000000000000e+00	-1.71564053658379e+03	-6.10901416869066e-02	1.04808723463704e+02	-1.41552040000000e-02	1
18	21	32	35	1.75360698186685e-02	3.23030192000000e-01	0.00000000000000e+00	0.00000000000000e+00	-9.27447702761870e+02	-1.19571204043986e-01	1.10896038507066e+02	-3.86251090000000e-02	1
18	21	35	38	1.75370287978038e-02	3.23030192000000e-01	0.00000000000000e+00	0.00000000000000e+00	-1.63602994795159e+03	-6.60281500869739e-02	1.08024030950132e+02	-2.13290860000000e-02	1
18	21	38	33	1.75367052044641e-02	3.23030192000000e-01	0.00000000000000e+00	0.00000000000000e+00	7.92662530939334e+02	1.37481421550838e-01	1.08976371563624e+02	4.44106500000000e-02	1
18	21	33	36	1.75365242174950e-02	3.23030192000000e-01	0.00000000000000e+00	0.00000000000000e+00	-1.11424119096525e+03	-9.82878560156383e-02	1.09516377744286e+02	-3.17499450000000e-02	1
18	21	36	39	1.75370918060483e-02	3.23030192000000e-01	0.00000000000000e+00	0.00000000000000e+00	-2.00067567871873e+03	-5.39020544556405e-02	1.07840529382373e+02	-1.74119910000000e-02	1
18	21	39	34	1.75374071651410e-02	3.23030192000000e-01	0.00000000000000e+00	0.00000000000000e+00	9.53135024363367e+02	1.12189126272135e-01	1.06931385602696e+02	3.62404750000000e-02	1
18	21	34	37	1.75374538291921e-02	3.23030192000000e-01	0.00000000000000e+00	0.00000000000000e+00	-1.33553685415193e+03	-7.99664633205555e-02	1.06798158860790e+02	-2.58315820000000e-02	1
18	21	37	40	1.75385532524253e-02	3.23030192000000e-01	0.00000000000000e+00	0.00000000000000e+00	-2.39997702872923e+03	-4.32306618571431e-02	1.03752595393904e+02	-1.39648090000000e-02	1
18	22	38	42	1.75392887384433e-02	2.88477193000000e-01	0.00000000000000e+00	0.00000000000000e+00	-1.56886039586867e+03	-6.48944577050152e-02	1.01810344604773e+02	-1.87205710000000e-02	1
18	22	42	46	1.75290280505541e-02	2.88477193000000e-01	0.00000000000000e+00	0.00000000000000e+00	-2.73166323550617e+03	-5.04446325502065e-02	1.37797748166017e+02	-1.45521260000000e-02	1
18	22	46	39	1.75339775990692e-02	2.88477193000000e-01	0.00000000000000e+00	0.00000000000000e+00	1.24015088273727e+03	9.49276603644712e-02	1.17724621797183e+02	2.73844650000000e-02	1
18	22	39	43	1.75384462723429e-02	2.88477193000000e-01	0.00000000000000e+00	0.00000000000000e+00	-1.81892752415354e+03	-5.71992531832490e-02	1.04041295976039e+02	-1.65006800000000e-02	1
18	22	43	47	1.75270863803461e-02	2.88477193000000e-01	0.00000000000000e+00	0.00000000000000e+00	-3.09906490710608e+03	-4.76516942536944e-02	1.47675693425773e+02	-1.37464270000000e-02	1
18	22	47	40	1.75314217579395e-02	2.88477193000000e-01	0.00000000000000e+00	0.00000000000000e+00	1.41955971572749e+03	8.96759211047925e-02	1.27300325071120e+02	2.58694580000000e-02	1
18	22	40	44	1.75341977940998e-02	2.88477193000000e-01	0.00000000000000e+00	0.00000000000000e+00	-2.09297753453204e+03	-5.58852671587109e-02	1.16966608674503e+02	-1.61216250000000e-02	1
18	22	44	41	1.75329375387889e-02	2.88477193000000e-01	0.00000000000000e+00	0.00000000000000e+00	3.01557280367199e+03	4.02716134304593e-02	1.21441982220885e+02	1.16174420000000e-02	1
18	22	41	45	1.75318992854117e-02	2.88477193000000e-01	0.00000000000000e+00	0.00000000000000e+00	-2.39985483482942e+03	-5.22509347905365e-02	1.25394658481425e+02	-1.50732030000000e-02	1
18	23	44	49	1.75274904110832e-02	3.28064178000000e-01	0.00000000000000e+00	0.00000000000000e+00	-2.18745013261111e+03	-6.65182164448323e-02	1.45505281383303e+02	-2.18222440000000e-02	1
18	23	49	54	1.75250459507144e-02	3.28064178000000e-01	0.00000000000000e+00	0.00000000000000e+00	-3.69103851237192e+03	-4.32687045764564e-02	1.59706454972144e+02	-1.41949120000000e-02	1
18	23	54	45	1.75262141107134e-02	3.28064178000000e-01	0.00000000000000e+00	0.00000000000000e+00	1.62755305335330e+03	9.37539788327636e-02	1.52589574513286e+02	3.07573220000000e-02	1
18	23	45	50	1.75272478457952e-02	3.28064178000000e-01	0.00000000000000e+00	0.00000000000000e+00	-2.42806515779133e+03	-6.04599079391106e-02	1.46800595910226e+02	-1.98347300000000e-02	1
18	23	50	46	1.75279285842767e-02	3.28064178000000e-01	0.00000000000000e+00	0.00000000000000e+00	3.21206024811656e+03	4.45889645409564e-02	1.43222440506685e+02	1.46280420000000e-02	1
18	23	46	51	1.75281346601496e-02	3.28064178000000e-01	0.00000000000000e+00	0.00000000000000e+00	-2.68823348819700e+03	-5.28872920712483e-02	1.42173389645986e+02	-1.73504260000000e-02	1
18	23	51	47	1.75286495261271e-02	3.28064178000000e-01	0.00000000000000e+00	0.00000000000000e+00	3.51862301648574e+03	3.96798305726631e-02	1.39618365143227e+02	1.30175310000000e-02	1
18	23	47	52	1.75284539163684e-02	3.28064178000000e-01	0.00000000000000e+00	0.00000000000000e+00	-2.96038874122350e+03	-4.74863945675898e-02	1.40578187839190e+02	-1.55785850000000e-02	1
18	23	52	48	1.75292010667157e-02	3.28064178000000e-01	0.00000000000000e+00	0.00000000000000e+00	3.87192561389885e+03	3.53780808095421e-02	1.36981297257049e+02	1.16062810000000e-02	1
18	23	48	53	1.75276290427709e-02	3.28064178000000e-01	0.00000000000000e+00	0.00000000000000e+00	-3.28194714461699e+03	-4.41125912869402e-02	1.44775193015830e+02	-1.44717610000000e-02	1
18	24	50	56	1.75243113587798e-02	3.13725189000000e-01	0.00000000000000e+00	0.00000000000000e+00	-2.84758348637794e+03	-5.77795683469968e-02	1.64532144674954e+02	-1.81269060000000e-02	1
18	24	56	51	1.75229862529161e-02	3.13725189000000e-01	0.00000000000000e+00	0.00000000000000e+00	3.65379259079577e+03	4.76264180368380e-02	1.74017053349140e+02	1.49416070000000e-02	1
18	24	51	57	1.75230709718084e-02	3.13725189000000e-01	0.00000000000000e+00	0.00000000000000e+00	-3.18102562064287e+03	-5.45038192645730e-02	1.73378045503495e+02	-1.70992210000000e-02	1
18	24	57	52	1.75218684018767e-02	3.13725189000000e-01	0.00000000000000e+00	0.00000000000000e+00	4.06408031791387e+03	4.50070618970924e-02	1.82912314423104e+02	1.41198490000000e-02	1
18	24	52	58	1.75218751789256e-02	3.13725189000000e-01	0.00000000000000e+00	0.00000000000000e+00	-3.53668664091458e+03	-5.17025300126602e-02	1.82855647197261e+02	-1.62203860000000e-02	1
18	24	58	53	1.75217803056638e-02	3.13725189000000e-01	0.00000000000000e+00	0.00000000000000e+00	4.47045847752899e+03	4.10812789405954e-02	1.83652151707718e+02	1.28882320000000e-02	1
18	24	53	59	1.75209512463765e-02	3.13725189000000e-01	0.00000000000000e+00	0.00000000000000e+00	-3.90906346401259e+03	-4.88401968896415e-02	1.90919429236479e+02	-1.53224000000000e-02	1
18	24	59	54	1.75210258740638e-02	3.13725189000000e-01	0.00000000000000e+00	0.00000000000000e+00	4.93509136421433e+03	3.85487886342464e-02	1.90241793889793e+02	1.20937260000000e-02	1
18	24	54	60	1.75200125640217e-02	3.13725189000000e-01	0.00000000000000e+00	0.00000000000000e+00	-4.29520233789193e+03	-4.65343476133821e-02	1.99874438661275e+02	-1.45989970000000e-02	1
18	24	60	55	1.75196908486369e-02	3.13725189000000e-01	0.00000000000000e+00	0.00000000000000e+00	5.43179709654767e+03	3.73983135922184e-02	2.03140051185992e+02	1.17327930000000e-02	1
18	24	55	61	1.75192474392513e-02	3.13725189000000e-01	0.00000000000000e+00	0.00000000000000e+00	-4.67541278634994e+03	-4.44495197993171e-02	2.07819853216842e+02	-1.39449340000000e-02	1
18	25	56	63	1.75197698386399e-02	3.38818949000000e-01	0.00000000000000e+00	0.00000000000000e+00	-3.51827413153790e+03	-5.75078579799266e-02	2.02328409090931e+02	-1.94847520000000e-02	1
18	25	63	57	1.75190668888067e-02	3.38818949000000e-01	0.00000000000000e+00	0.00000000000000e+00	4.28602380508165e+03	4.89469436374410e-02	2.09787765616062e+02	1.65841520000000e-02	1
18	25	57	64	1.75202550157560e-02	3.38818949000000e-01	0.00000000000000e+00	0.00000000000000e+00	-3.75620765456862e+03	-5.25748221950833e-02	1.97481949566756e+02	-1.78133460000000e-02	1
18	25	64	58	1.75197573716458e-02	3.38818949000000e-01	0.00000000000000e+00	0.00000000000000e+00	4.53779958488627e+03	4.46154739710263e-02	2.02456079265227e+02	1.51165680000000e-02	1
18	25	58	65	1.75203163445152e-02	3.38818949000000e-01	0.00000000000000e+00	0.00000000000000e+00	-4.07004475955013e+03	-4.83743605497106e-02	1.96885812651938e+02	-1.63901500000000e-02	1
18	25	65	59	1.75209746002459e-02	3.38818949000000e-01	0.00000000000000e+00	0.00000000000000e+00	4.86358647302122e+03	3.92111569887433e-02	1.90706852721963e+02	1.32854830000000e-02	1
18	25	59	66	1.75212611817419e-02	3.38818949000000e-01	0.00000000000000e+00	0.00000000000000e+00	-4.39262123244838e+03	-4.28300750085852e-02	1.88136296870068e+02	-1.45116410000000e-02	1
18	25	66	60	1.75227604316274e-02	3.38818949000000e-01	0.00000000000000e+00	0.00000000000000e+00	5.26212915635938e+03	3.33978103450170e-02	1.75743591575075e+02	1.13158110000000e-02	1
18	25	60	67	1.75227553222176e-02	3.38818949000000e-01	0.00000000000000e+00	0.00000000000000e+00	-4.76629676062443e+03	-3.68804254805713e-02	1.75783052498498e+02	-1.24957870000000e-02	1
18	25	67	61	1.75241981423174e-02	3.38818949000000e-01	0.00000000000000e+00	0.00000000000000e+00	5.78898650945184e+03	2.85545570239048e-02	1.65301945394758e+02	9.67482500000000e-03	1
18	25	61	68	1.75235576242494e-02	3.38818949000000e-01	0.00000000000000e+00	0.00000000000000e+00	-5.23185351624578e+03	-3.24543507157860e-02	1.69796408909859e+02	-1.09961490000000e-02	1
18	26	62	70	1.75261328654991e-02	3.18330760000000e-01	0.00000000000000e+00	0.00000000000000e+00	-4.06590569863684e+03	-3.76457242146502e-02	1.53063964613657e+02	-1.19837920000000e-02	1
18	26	70	63	1.75260088638477e-02	3.18330760000000e-01	0.00000000000000e+00	0.00000000000000e+00	4.96199320056573e+03	3.09943437448521e-02	1.53793722917953e+02	9.86645300000000e-03	1
18	26	63	71	1.75266944945903e-02	3.18330760000000e-01	0.00000000000000e+00	0.00000000000000e+00	-4.39424863404573e+03	-3.40999437189168e-02	1.49843631107886e+02	-1.08550610000000e-02	1
18	26	71	64	1.75257416100731e-02	3.18330760000000e-01	0.00000000000000e+00	0.00000000000000e+00	5.32307070665860e+03	2.91918789123615e-02	1.55390435510716e+02	9.29267300000000e-03	1
18	26	64	72	1.75253330134802e-02	3.18330760000000e-01	0.00000000000000e+00	0.00000000000000e+00	-4.73826937305512e+03	-3.33237133602797e-02	1.57896730411481e+02	-1.06079630000000e-02	1
19	20	21	22	1.75260594410163e-02	2.42101796000000e-01	0.00000000000000e+00	0.00000000000000e+00	-1.88074478079054e+01	-8.16140689018267e+00	1.53495234126190e+02	-1.97589126600000e+00	1
19	20	22	23	1.75239140614415e-02	2.42101796000000e-01	0.00000000000000e+00	0.00000000000000e+00	-7.46275482741365e+01	-2.24133863096166e+00	1.67265606880779e+02	-5.42632108000000e-01	1
19	20	23	24	1.75295768916393e-02	2.42101796000000e-01	0.00000000000000e+00	0.00000000000000e+00	-1.82487899756973e+02	-7.41094155286646e-01	1.35240715920428e+02	-1.79420226000000e-01	1
19	20	24	25	1.75311893789867e-02	2.42101796000000e-01	0.00000000000000e+00	0.00000000000000e+00	-3.45011394861223e+02	-3.71723334923133e-01	1.28248786284296e+02	-8.99948870000000e-02	1
19	20	25	26	1.75273079539505e-02	2.42101796000000e-01	0.00000000000000e+00	0.00000000000000e+00	-6.28190474188929e+02	-2.33173656423433e-01	1.46477469797003e+02	-5.64517610000000e-02	1
19	20	26	27	1.75257138719238e-02	2.42101796000000e-01	0.00000000000000e+00	0.00000000000000e+00	-1.11695300873900e+03	-1.39270011858979e-01	1.55558058773002e+02	-3.37175200000000e-02	1
19	21	27	29	1.75341884053147e-02	2.26890834000000e-01	0.00000000000000e+00	0.00000000000000e+00	-4.10396467449377e+02	-2.85087078484625e-01	1.16998729925553e+02	-6.46836450000000e-02	1
19	21	29	31	1.75374250273189e-02	2.26890834000000e-01	0.00000000000000e+00	0.00000000000000e+00	-7.82220427670207e+02	-1.36637123913080e-01	1.06880349502916e+02	-3.10017110000000e-02	1
19	21	31	33	1.75382771478097e-02	2.26890834000000e-01	0.00000000000000e+00	0.00000000000000e+00	-1.35669629484013e+03	-7.70260776598847e-02	1.04500994167234e+02	-1.74765110000000e-02	1
19	21	33	28	1.75360247733413e-02	2.26890834000000e-01	0.00000000000000e+00	0.00000000000000e+00	3.32202657745627e+02	3.34237852023586e-01	1.11034702761425e+02	7.58355050000000e-02	1
19	21	28	30	1.75346716591183e-02	2.26890834000000e-01	0.00000000000000e+00	0.00000000000000e+00	-5.82490762791381e+02	-1.98059794694042e-01	1.15368000889637e+02	-4.49379520000000e-02	1
19	21	30	32	1.75388520957756e-02	2.26890834000000e-01	0.00000000000000e+00	0.00000000000000e+00	-1.02282954304778e+03	-1.00656604752927e-01	1.02954549044178e+02	-2.28380610000000e-02	1
19	21	32	34	1.75352078511072e-02	2.26890834000000e-01	0.00000000000000e+00	0.00000000000000e+00	-1.75141667805948e+03	-6.48680721936965e-02	1.13611023513607e+02	-1.47179710000000e-02	1
19	22	33	36	1.75371746289438e-02	2.86423360000000e-01	0.00000000000000e+00	0.00000000000000e+00	-9.08364082103360e+02	-1.18454999620143e-01	1.07600267000505e+02	-3.39282790000000e-02	1
19	22	36	39	1.75395718851941e-02	2.86423360000000e-01	0.00000000000000e+00	0.00000000000000e+00	-1.69402960772392e+03	-5.96694801708911e-02	1.01081866086985e+02	-1.70907330000000e-02	1
19	22	39	34	1.75390420123095e-02	2.86423360000000e-01	0.00000000000000e+00	0.00000000000000e+00	7.94773806035800e+02	1.28909300554256e-01	1.02453735434919e+02	3.69226350000000e-02	1
19	22	34	37	1.75386083814404e-02	2.86423360000000e-01	0.00000000000000e+00	0.00000000000000e+00	-1.10431346499611e+03	-9.38179693164692e-02	1.03604446774768e+02	-2.68716580000000e-02	1
19	22	37	40	1.75416033531727e-02	2.86423360000000e-01	0.00000000000000e+00	0.00000000000000e+00	-2.05191464798655e+03	-4.68567717381711e-02	9.61460962869154e+01	-1.34208740000000e-02	1
19	22	40	35	1.75392614790061e-02	2.86423360000000e-01	0.00000000000000e+00	0.00000000000000e+00	9.77404868606809e+02	1.04236264109184e-01	1.01881032025702e+02	2.98557010000000e-02	1
19	22	35	38	1.75379310738461e-02	2.86423360000000e-01	0.00000000000000e+00	0.00000000000000e+00	-1.37002537975490e+03	-7.69726149431387e-02	1.05454436018202e+02	-2.20467550000000e-02	1
19	22	38	41	1.75413018425870e-02	2.86423360000000e-01	0.00000000000000e+00	0.00000000000000e+00	-2.43889694803181e+03	-3.97097464396759e-02	9.68479793988424e+01	-1.13737990000000e-02	1
19	23	39	43	1.75386796329251e-02	3.28920939000000e-01	0.00000000000000e+00	0.00000000000000e+00	-1.57630198920945e+03	-6.56051939581749e-02	1.03413597738743e+02	-2.15789220000000e-02	1
19	23	43	47	1.75282443698426e-02	3.28920939000000e-01	0.00000000000000e+00	0.00000000000000e+00	-2.75334066646819e+03	-5.14361142572319e-02	1.41621145109541e+02	-1.69184150000000e-02	1
19	23	47	40	1.75321907630610e-02	3.28920939000000e-01	0.00000000000000e+00	0.00000000000000e+00	1.24722248692477e+03	9.96287743177092e-02	1.24259247673800e+02	3.27699900000000e-02	1
19	23	40	44	1.75350033228595e-02	3.28920939000000e-01	0.00000000000000e+00	0.00000000000000e+00	-1.82673374355728e+03	-6.25569356045162e-02	1.14274865162310e+02	-2.05762860000000e-02	1
19	23	44	48	1.75273334735429e-02	3.28920939000000e-01	0.00000000000000e+00	0.00000000000000e+00	-3.11442294217867e+03	-4.69880666368887e-02	1.46340712742546e+02	-1.54553590000000e-02	1
19	23	48	41	1.75304645285841e-02	3.28920939000000e-01	0.00000000000000e+00	0.00000000000000e+00	1.42957187268592e+03	9.18458493151754e-02	1.31300242803925e+02	3.02100230000000e-02	1
19	23	41	45	1.75326783788356e-02	3.28920939000000e-01	0.00000000000000e+00	0.00000000000000e+00	-2.10823189584968e+03	-5.80605450600395e-02	1.22405092985993e+02	-1.90973290000000e-02	1
19	23	45	42	1.75303676354071e-02	3.28920939000000e-01	0.00000000000000e+00	0.00000000000000e+00	3.03394140487329e+03	4.34152019735053e-02	1.31719178868354e+02	1.42801690000000e-02	1
19	23	42	46	1.75293514993149e-02	3.28920939000000e-01	0.00000000000000e+00	0.00000000000000e+00	-2.41394982519988e+03	-5.64548765318951e-02	1.36279239335849e+02	-1.85691910000000e-02	1
19	24	45	50	1.75291723836874e-02	3.14563019000000e-01	0.00000000000000e+00	0.00000000000000e+00	-2.15342854645585e+03	-6.36733366295674e-02	1.37115980746204e+02	-2.00292770000000e-02	1
19	24	50	55	1.75254962328959e-02	3.14563019000000e-01	0.00000000000000e+00	0.00000000000000e+00	-3.75112013268215e+03	-4.18237529695123e-02	1.56885921788262e+02	-1.31562060000000e-02	1
19	24	55	46	1.75277753848210e-02	3.14563019000000e-01	0.00000000000000e+00	0.00000000000000e+00	1.62166049419360e+03	8.88055216687757e-02	1.44012406156507e+02	2.79349330000000e-02	1
19	24	46	51	1.75302396083900e-02	3.14563019000000e-01	0.00000000000000e+00	0.00000000000000e+00	-2.39490188771302e+03	-5.52326781934910e-02	1.32276845269038e+02	-1.73741580000000e-02	1
19	24	51	47	1.75307879176178e-02	3.14563019000000e-01	0.00000000000000e+00	0.00000000000000e+00	3.14246371008593e+03	4.13437060762696e-02	1.29921095985136e+02	1.30052010000000e-02	1
19	24	47	52	1.75305757090405e-02	3.14563019000000e-01	0.00000000000000e+00	0.00000000000000e+00	-2.64806059966864e+03	-4.94032516899261e-02	1.30822804295606e+02	-1.55404360000000e-02	1
19	24	52	48	1.75313613361048e-02	3.14563019000000e-01	0.00000000000000e+00	0.00000000000000e+00	3.47135186938607e+03	3.67423387426225e-02	1.27545586279819e+02	1.15577810000000e-02	1
19	24	48	53	1.75296701532299e-02	3.14563019000000e-01	0.00000000000000e+00	0.00000000000000e+00	-2.94655420331218e+03	-4.57536523071073e-02	1.34815616522391e+02	-1.43924070000000e-02	1
19	24	53	49	1.75278526967048e-02	3.14563019000000e-01	0.00000000000000e+00	0.00000000000000e+00	3.92855446076954e+03	3.65561089684226e-02	1.43612664956274e+02	1.14992000000000e-02	1
19	24	49	54	1.75265433728849e-02	3.14563019000000e-01	0.00000000000000e+00	0.00000000000000e+00	-3.32560558429250e+03	-4.53140774313334e-02	1.50696748952705e+02	-1.42541330000000e-02	1
19	25	51	57	1.75247799864828e-02	3.39541575000000e-01	0.00000000000000e+00	0.00000000000000e+00	-2.82514506603216e+03	-5.71370972759374e-02	1.61420588456514e+02	-1.94004200000000e-02	1
19	25	57	52	1.75234240585352e-02	3.39541575000000e-01	0.00000000000000e+00	0.00000000000000e+00	3.61652755305239e+03	4.72178348115396e-02	1.70764600591409e+02	1.60324180000000e-02	1
19	25	52	58	1.75237183611320e-02	3.39541575000000e-01	0.00000000000000e+00	0.00000000000000e+00	-3.15077274518637e+03	-5.35251920180909e-02	1.68645716191468e+02	-1.81740280000000e-02	1
19	25	58	53	1.75236057744797e-02	3.39541575000000e-01	0.00000000000000e+00	0.00000000000000e+00	3.98968323808397e+03	4.24720595703192e-02	1.69450064154606e+02	1.44210300000000e-02	1
19	25	53	59	1.75227167335402e-02	3.39541575000000e-01	0.00000000000000e+00	0.00000000000000e+00	-3.49223253192829e+03	-5.04209418242818e-02	1.76081653329221e+02	-1.71200060000000e-02	1
19	25	59	54	1.75227928536234e-02	3.39541575000000e-01	0.00000000000000e+00	0.00000000000000e+00	4.41605816574945e+03	3.97398757427570e-02	1.75493602779670e+02	1.34933400000000e-02	1
19	25	54	60	1.75216918724524e-02	3.39541575000000e-01	0.00000000000000e+00	0.00000000000000e+00	-3.84731010467485e+03	-4.79298153694433e-02	1.84400862986059e+02	-1.62741650000000e-02	1
19	25	60	55	1.75213376932599e-02	3.39541575000000e-01	0.00000000000000e+00	0.00000000000000e+00	4.87289356824837e+03	3.84703022008424e-02	1.87461688163056e+02	1.30622670000000e-02	1
19	25	55	61	1.75208599088382e-02	3.39541575000000e-01	0.00000000000000e+00	0.00000000000000e+00	-4.19860075337082e+03	-4.56712613175574e-02	1.91755392175292e+02	-1.55072920000000e-02	1
19	25	61	56	1.75199954204753e-02	3.39541575000000e-01	0.00000000000000e+00	0.00000000000000e+00	5.30685774264397e+03	3.76957166438307e-02	2.00045805735826e+02	1.27992630000000e-02	1
19	25	56	62	1.75198268990185e-02	3.39541575000000e-01	0.00000000000000e+00	0.00000000000000e+00	-4.53810401953052e+03	-4.44560375264796e-02	2.01746122591317e+02	-1.50946730000000e-02	1
19	26	57	64	1.75211723163938e-02	3.18517263000000e-01	0.00000000000000e+00	0.00000000000000e+00	-3.41131268817408e+03	-5.53821850465920e-02	1.88925950548244e+02	-1.76401820000000e-02	1
19	26	64	58	1.75206102040348e-02	3.18517263000000e-01	0.00000000000000e+00	0.00000000000000e+00	4.12652859817328e+03	4.70319343413421e-02	1.94078622086956e+02	1.49804830000000e-02	1
19	26	58	65	1.75213573233790e-02	3.18517263000000e-01	0.00000000000000e+00	0.00000000000000e+00	-3.70388646899116e+03	-5.05656392005353e-02	1.87289386830752e+02	-1.61060290000000e-02	1
19	26	65	59	1.75220508888426e-02	3.18517263000000e-01	0.00000000000000e+00	0.00000000000000e+00	4.43118161493820e+03	4.09368424090722e-02	1.81398583456703e+02	1.30390910000000e-02	1
19	26	59	66	1.75223564530108e-02	3.18517263000000e-01	0.00000000000000e+00	0.00000000000000e+00	-4.00473779770845e+03	-4.46768971514112e-02	1.78919258706589e+02	-1.42303630000000e-02	1
19	26	66	60	1.75239337412484e-02	3.18517263000000e-01	0.00000000000000e+00	0.00000000000000e+00	4.80271480710162e+03	3.47986664697668e-02	1.67128070721740e+02	1.10839760000000e-02	1
19	26	60	67	1.75239342932318e-02	3.18517263000000e-01	0.00000000000000e+00	0.00000000000000e+00	-4.35285362080197e+03	-3.83941733167536e-02	1.67124216339529e+02	-1.22292070000000e-02	1
19	26	67	61	1.75254463102518e-02	3.18517263000000e-01	0.00000000000000e+00	0.00000000000000e+00	5.29258710314417e+03	2.97007324215266e-02	1.57193713368107e+02	9.46019600000000e-03	1
19	26	61	68	1.75247937296785e-02	3.18517263000000e-01	0.00000000000000e+00	0.00000000000000e+00	-4.78612155622097e+03	-3.37081101943288e-02	1.61331112820549e+02	-1.07366150000000e-02	1
19	26	68	62	1.75265403264152e-02	3.18517263000000e-01	0.00000000000000e+00	0.00000000000000e+00	5.90031184962407e+03	2.55434035925393e-02	1.50714046896790e+02	8.13601500000000e-03	1
19	26	62	69	1.75266740258495e-02	3.18517263000000e-01	0.00000000000000e+00	0.00000000000000e+00	-5.10063566648924e+03	-2.93999857709439e-02	1.49958616017553e+02	-9.36440300000000e-03	1
19	27	63	71	1.75266927515082e-02	3.26328440000000e-01	0.00000000000000e+00	0.00000000000000e+00	-4.11087396232174e+03	-3.64529337375559e-02	1.49853416151959e+02	-1.18956290000000e-02	1
19	27	71	64	1.75256207685021e-02	3.26328440000000e-01	0.00000000000000e+00	0.00000000000000e+00	4.98515647581113e+03	3.13176412083483e-02	1.56123341876927e+02	1.02198370000000e-02	1
19	27	64	72	1.75262282944906e-02	3.26328440000000e-01	0.00000000000000e+00	0.00000000000000e+00	-4.44029853752456e+03	-3.43461268653140e-02	1.52507056889687e+02	-1.12081180000000e-02	1
20	21	22	23	1.75252625599911e-02	3.40685384000000e-01	0.00000000000000e+00	0.00000000000000e+00	-1.88568108494243e+01	-8.39681120866635e+00	1.58337080700147e+02	-2.86067085100000e+00	1
20	21	23	24	1.75337678708894e-02	3.40685384000000e-01	0.00000000000000e+00	0.00000000000000e+00	-7.39536113343881e+01	-1.60175809009758e+00	1.18455795246788e+02	-5.45695570000000e-01	1
20	21	24	25	1.75353887220049e-02	3.40685384000000e-01	0.00000000000000e+00	0.00000000000000e+00	-1.76101095866887e+02	-6.41849272876350e-01	1.13030360334890e+02	-2.18668666000000e-01	1
20	21	25	26	1.75295471327999e-02	3.40685384000000e-01	0.00000000000000e+00	0.00000000000000e+00	-3.68801169198238e+02	-3.67072929668154e-01	1.35376925642638e+02	-1.25056382000000e-01	1
20	21	26	27	1.75271428799247e-02	3.40685384000000e-01	0.00000000000000e+00	0.00000000000000e+00	-7.17561022872259e+02	-2.05373888302763e-01	1.47368297361784e+02	-6.99678820000000e-02	1
20	21	27	28	1.75351767145893e-02	3.40685384000000e-01	0.00000000000000e+00	0.00000000000000e+00	-1.16732839438387e+03	-9.74118220463488e-02	1.13711585823372e+02	-3.31867840000000e-02	1
20	22	28	30	1.75336185824048e-02	2.36020447000000e-01	0.00000000000000e+00	0.00000000000000e+00	-4.09883336166688e+02	-2.90282150851108e-01	1.18981816420494e+02	-6.85125230000000e-02	1
20	22	30	32	1.75391151646801e-02	2.36020447000000e-01	0.00000000000000e+00	0.00000000000000e+00	-7.72995790084980e+02	-1.32293254236570e-01	1.02262128581511e+02	-3.12239130000000e-02	1
20	22	32	34	1.75358647330624e-02	2.36020447000000e-01	0.00000000000000e+00	0.00000000000000e+00	-1.38851023641169e+03	-8.03236255204618e-02	1.11530176260860e+02	-1.89580180000000e-02	1
20	22	34	29	1.75365752291685e-02	2.36020447000000e-01	0.00000000000000e+00	0.00000000000000e+00	3.31716771368179e+02	3.29689795901454e-01	1.09363634649464e+02	7.78135330000000e-02	1
20	22	29	31	1.75358793694566e-02	2.36020447000000e-01	0.00000000000000e+00	0.00000000000000e+00	-5.72798593000605e+02	-1.94631552409525e-01	1.11484679373699e+02	-4.59370260000000e-02	1
20	22	31	33	1.75377548447797e-02	2.36020447000000e-01	0.00000000000000e+00	0.00000000000000e+00	-1.05220432036326e+03	-1.00690204183877e-01	1.05946667860534e+02	-2.37649470000000e-02	1
20	22	33	35	1.75400011307233e-02	2.36020447000000e-01	0.00000000000000e+00	0.00000000000000e+00	-1.69924509209931e+03	-5.88479988769787e-02	9.99971732715716e+01	-1.38893310000000e-02	1
20	23	34	37	1.75363545262174e-02	3.46709452000000e-01	0.00000000000000e+00	0.00000000000000e+00	-9.00962103928083e+02	-1.22122300836494e-01	1.10027565098186e+02	-4.23409560000000e-02	1
20	23	37	40	1.75421050819356e-02	3.46709452000000e-01	0.00000000000000e+00	0.00000000000000e+00	-1.73906664724406e+03	-5.46272387174492e-02	9.50004088845553e+01	-1.89397800000000e-02	1
20	23	40	35	1.75369363424656e-02	3.46709452000000e-01	0.00000000000000e+00	0.00000000000000e+00	8.15899460494145e+02	1.32730110859510e-01	1.08294425841602e+02	4.60187840000000e-02	1
20	23	35	38	1.75350970633345e-02	3.46709452000000e-01	0.00000000000000e+00	0.00000000000000e+00	-1.13413210917300e+03	-1.00490629254607e-01	1.13969649308649e+02	-3.48410510000000e-02	1
20	23	38	41	1.75416748509623e-02	3.46709452000000e-01	0.00000000000000e+00	0.00000000000000e+00	-2.08721094885726e+03	-4.59853600991530e-02	9.59811470860958e+01	-1.59435590000000e-02	1
20	23	41	36	1.75407554476034e-02	3.46709452000000e-01	0.00000000000000e+00	0.00000000000000e+00	1.00348748316398e+03	9.78052943304240e-02	9.81463886477494e+01	3.39100200000000e-02	1
20	23	36	39	1.75399910870641e-02	3.46709452000000e-01	0.00000000000000e+00	0.00000000000000e+00	-1.42013039079850e+03	-7.04317631352029e-02	1.00022287305823e+02	-2.44193580000000e-02	1
20	23	39	42	1.75421461662579e-02	3.46709452000000e-01	0.00000000000000e+00	0.00000000000000e+00	-2.45222943916473e+03	-3.87026598859497e-02	9.49078019463058e+01	-1.34185780000000e-02	1
20	24	40	44	1.75379911769578e-02	3.28761180000000e-01	0.00000000000000e+00	0.00000000000000e+00	-1.56436723760199e+03	-6.73036366398247e-02	1.05287604130810e+02	-2.21268230000000e-02	1
20	24	44	48	1.75299308412060e-02	3.28761180000000e-01	0.00000000000000e+00	0.00000000000000e+00	-2.73609960507100e+03	-4.88437685982268e-02	1.33641415971788e+02	-1.60579350000000e-02	1
20	24	48	41	1.75332384744603e-02	3.28761180000000e-01	0.00000000000000e+00	0.00000000000000e+00	1.24168587169840e+03	9.69186082128066e-02	1.20342466522515e+02	3.18630760000000e-02	1
20	24	41	45	1.75356424326119e-02	3.28761180000000e-01	0.00000000000000e+00	0.00000000000000e+00	-1.81875291399936e+03	-6.17048004268630e-02	1.12225785584106e+02	-2.02861430000000e-02	1
20	24	45	49	1.75306257754320e-02	3.28761180000000e-01	0.00000000000000e+00	0.00000000000000e+00	-3.06045702253430e+03	-4.26762855638856e-02	1.30608937849673e+02	-1.40303060000000e-02	1
20	24	49	42	1.75319141323805e-02	3.28761180000000e-01	0.00000000000000e+00	0.00000000000000e+00	1.41392784416595e+03	8.86440728798941e-02	1.25336322865158e+02	2.91427300000000e-02	1
20	24	42	46	1.75320064939590e-02	3.28761180000000e-01	0.00000000000000e+00	0.00000000000000e+00	-2.09639071849934e+03	-5.96141916755500e-02	1.24974638119464e+02	-1.95988320000000e-02	1
20	24	46	43	1.75303308968681e-02	3.28761180000000e-01	0.00000000000000e+00	0.00000000000000e+00	3.01193936853223e+03	4.37853185707631e-02	1.31878724767007e+02	1.43949130000000e-02	1
20	24	43	47	1.75301907978344e-02	3.28761180000000e-01	0.00000000000000e+00	0.00000000000000e+00	-2.40553302419682e+03	-5.50774820798490e-02	1.32490702032685e+02	-1.81073380000000e-02	1
20	25	46	51	1.75331599568576e-02	3.60306844000000e-01	0.00000000000000e+00	0.00000000000000e+00	-2.07266475553195e+03	-5.81991942401183e-02	1.20627418701851e+02	-2.09695680000000e-02	1
20	25	51	56	1.75262035699497e-02	3.60306844000000e-01	0.00000000000000e+00	0.00000000000000e+00	-3.71692333109602e+03	-4.10691699211797e-02	1.52650955868780e+02	-1.47975030000000e-02	1
20	25	56	47	1.75300404715265e-02	3.60306844000000e-01	0.00000000000000e+00	0.00000000000000e+00	1.57308995341641e+03	8.46446841292862e-02	1.33153702213886e+02	3.04980590000000e-02	1
20	25	47	52	1.75336660696057e-02	3.60306844000000e-01	0.00000000000000e+00	0.00000000000000e+00	-2.30234406488791e+03	-5.16056614234061e-02	1.18813988292794e+02	-1.85938730000000e-02	1
20	25	52	48	1.75344939971294e-02	3.60306844000000e-01	0.00000000000000e+00	0.00000000000000e+00	3.02603990996525e+03	3.83214397115365e-02	1.15962205974437e+02	1.38074770000000e-02	1
20	25	48	53	1.75326336465635e-02	3.60306844000000e-01	0.00000000000000e+00	0.00000000000000e+00	-2.57262126309554e+03	-4.76451316034396e-02	1.22572878645994e+02	-1.71668670000000e-02	1
20	25	53	49	1.75305695475975e-02	3.60306844000000e-01	0.00000000000000e+00	0.00000000000000e+00	3.43868115617918e+03	3.80521386932078e-02	1.30849172276650e+02	1.37104460000000e-02	1
20	25	49	54	1.75291569322653e-02	3.60306844000000e-01	0.00000000000000e+00	0.00000000000000e+00	-2.91523017599548e+03	-4.70592837254016e-02	1.37188643977024e+02	-1.69557820000000e-02	1
20	25	54	50	1.75285832179677e-02	3.60306844000000e-01	0.00000000000000e+00	0.00000000000000e+00	3.91636795014751e+03	3.57326629077298e-02	1.39942255785258e+02	1.28747230000000e-02	1
20	25	50	55	1.75277171259431e-02	3.60306844000000e-01	0.00000000000000e+00	0.00000000000000e+00	-3.30066279540616e+03	-4.37230689961582e-02	1.44315107136596e+02	-1.57537210000000e-02	1
20	26	52	58	1.75250581837330e-02	3.33956350000000e-01	0.00000000000000e+00	0.00000000000000e+00	-2.81343207107549e+03	-5.67379928544554e-02	1.59628488745177e+02	-1.89480130000000e-02	1
20	26	58	53	1.75249114848152e-02	3.33956350000000e-01	0.00000000000000e+00	0.00000000000000e+00	3.56911481660044e+03	4.49883285644965e-02	1.60568510053633e+02	1.50241380000000e-02	1
20	26	53	59	1.75240722981239e-02	3.33956350000000e-01	0.00000000000000e+00	0.00000000000000e+00	-3.12740280458621e+03	-5.31323000745457e-02	1.66166104267250e+02	-1.77438690000000e-02	1
20	26	59	54	1.75241457113599e-02	3.33956350000000e-01	0.00000000000000e+00	0.00000000000000e+00	3.96147599151032e+03	4.18179711210762e-02	1.65660888609815e+02	1.39653770000000e-02	1
20	26	54	60	1.75229868887147e-02	3.33956350000000e-01	0.00000000000000e+00	0.00000000000000e+00	-3.45483078806642e+03	-5.03678040558295e-02	1.74012240179376e+02	-1.68206480000000e-02	1
20	26	60	55	1.75226212948475e-02	3.33956350000000e-01	0.00000000000000e+00	0.00000000000000e+00	4.38283736667841e+03	4.03447636195569e-02	1.76824537541601e+02	1.34733900000000e-02	1
20	26	55	61	1.75220994590499e-02	3.33956350000000e-01	0.00000000000000e+00	0.00000000000000e+00	-3.78030855808695e+03	-4.78796645130419e-02	1.80999905516984e+02	-1.59897180000000e-02	1
20	26	61	56	1.75211764259138e-02	3.33956350000000e-01	0.00000000000000e+00	0.00000000000000e+00	4.78538930959416e+03	3.94720837019569e-02	1.88889287374750e+02	1.31819530000000e-02	1
20	26	56	62	1.75209902139720e-02	3.33956350000000e-01	0.00000000000000e+00	0.00000000000000e+00	-4.09641592450194e+03	-4.65199329193770e-02	1.90564994017698e+02	-1.55356270000000e-02	1
20	26	62	57	1.75200044587524e-02	3.33956350000000e-01	0.00000000000000e+00	0.00000000000000e+00	5.16752078532665e+03	3.86946527592603e-02	1.99955422414475e+02	1.29223250000000e-02	1
20	26	57	63	1.75209554190671e-02	3.33956350000000e-01	0.00000000000000e+00	0.00000000000000e+00	-4.35959833573511e+03	-4.37841741892316e-02	1.90881412926910e+02	-1.46220030000000e-02	1
20	27	58	65	1.75219571318370e-02	3.44217997000000e-01	0.00000000000000e+00	0.00000000000000e+00	-3.43089581678808e+03	-5.30978396228364e-02	1.82173155842474e+02	-1.82772320000000e-02	1
20	27	65	59	1.75226351027565e-02	3.44217997000000e-01	0.00000000000000e+00	0.00000000000000e+00	4.10933738753296e+03	4.30036898971322e-02	1.76716670696159e+02	1.48026440000000e-02	1
20	27	59	66	1.75231401268833e-02	3.44217997000000e-01	0.00000000000000e+00	0.00000000000000e+00	-3.71628621112416e+03	-4.65141513213790e-02	1.72859899177784e+02	-1.60110080000000e-02	1
20	27	66	60	1.75247735482494e-02	3.44217997000000e-01	0.00000000000000e+00	0.00000000000000e+00	4.46163688603200e+03	3.61890810723647e-02	1.61462538984065e+02	1.24569330000000e-02	1
20	27	60	67	1.75247875863898e-02	3.44217997000000e-01	0.00000000000000e+00	0.00000000000000e+00	-4.04617459389561e+03	-3.98823859288217e-02	1.61371096689138e+02	-1.37282350000000e-02	1
20	27	67	61	1.75263794323891e-02	3.44217997000000e-01	0.00000000000000e+00	0.00000000000000e+00	4.92501738568899e+03	3.07883756583477e-02	1.51633285394486e+02	1.05979130000000e-02	1
20	27	61	68	1.75256902335531e-02	3.44217997000000e-01	0.00000000000000e+00	0.00000000000000e+00	-4.45637180073310e+03	-3.49390040753738e-02	1.55701192507194e+02	-1.20266340000000e-02	1
20	27	68	62	1.75275096894566e-02	3.44217997000000e-01	0.00000000000000e+00	0.00000000000000e+00	5.49966066409738e+03	2.64385972822914e-02	1.45403313487330e+02	9.10064100000000e-03	1
20	27	62	69	1.75276730253739e-02	3.44217997000000e-01	0.00000000000000e+00	0.00000000000000e+00	-4.75821271281012e+03	-3.03780223321676e-02	1.44545092050950e+02	-1.04566620000000e-02	1
20	27	69	63	1.75275244626506e-02	3.44217997000000e-01	0.00000000000000e+00	0.00000000000000e+00	5.99584848611674e+03	2.42376490268172e-02	1.45325271224470e+02	8.34303500000000e-03	1
20	27	63	70	1.75286565689553e-02	3.44217997000000e-01	0.00000000000000e+00	0.00000000000000e+00	-5.12503785678143e+03	-2.72357113274353e-02	1.39584051609477e+02	-9.37502200000000e-03	1
20	28	64	72	1.75271626651787e-02	3.31606110000000e-01	0.00000000000000e+00	0.00000000000000e+00	-4.17470656290546e+03	-3.52745641508234e-02	1.47260954464072e+02	-1.16972610000000e-02	1
21	22	23	24	1.75316920625197e-02	1.08217214000000e-01	0.00000000000000e+00	0.00000000000000e+00	-1.86168316758771e+01	-6.77959444603702e+00	1.26214568632582e+02	-7.33668823000000e-01	1
21	22	24	25	1.75363305988694e-02	1.08217214000000e-01	0.00000000000000e+00	0.00000000000000e+00	-7.16987658291787e+01	-1.53559169431215e+00	1.10100029299718e+02	-1.66177455000000e-01	1
21	22	25	26	1.75297052305717e-02	1.08217214000000e-01	0.00000000000000e+00	0.00000000000000e+00	-1.88471393289515e+02	-7.14466092242959e-01	1.34656419863146e+02	-7.73175300000000e-02	1
21	22	26	27	1.75258647656552e-02	1.08217214000000e-01	0.00000000000000e+00	0.00000000000000e+00	-4.18605192969701e+02	-3.69442480749874e-01	1.54650540945506e+02	-3.99800360000000e-02	1
21	22	27	28	1.75343397384566e-02	1.08217214000000e-01	0.00000000000000e+00	0.00000000000000e+00	-7.41729929542449e+02	-1.57042501574657e-01	1.16483123628140e+02	-1.69947020000000e-02	1
21	22	28	29	1.75315704406517e-02	1.08217214000000e-01	0.00000000000000e+00	0.00000000000000e+00	-1.16408831974659e+03	-1.08841223726199e-01	1.26700797246594e+02	-1.17784940000000e-02	1
21	23	29	31	1.75299340372564e-02	2.06236821000000e-01	0.00000000000000e+00	0.00000000000000e+00	-4.01016681540716e+02	-3.33220918877527e-01	1.33627147108214e+02	-6.87224230000000e-02	1
21	23	31	33	1.75320322063411e-02	2.06236821000000e-01	0.00000000000000e+00	0.00000000000000e+00	-7.90737227951863e+02	-1.57921387859251e-01	1.24874320470135e+02	-3.25692050000000e-02	1
21	23	33	35	1.75338352177170e-02	2.06236821000000e-01	0.00000000000000e+00	0.00000000000000e+00	-1.33999036892356e+03	-8.82245270838421e-02	1.18220016595184e+02	-1.81951460000000e-02	1
21	23	35	30	1.75322478040595e-02	2.06236821000000e-01	0.00000000000000e+00	0.00000000000000e+00	3.27990895400515e+02	3.78179563774405e-01	1.24039453744543e+02	7.79945510000000e-02	1
21	23	30	32	1.75323866253114e-02	2.06236821000000e-01	0.00000000000000e+00	0.00000000000000e+00	-5.62914610936023e+02	-2.19407653689542e-01	1.23507774013034e+02	-4.52499370000000e-02	1
21	23	32	34	1.75301534098536e-02	2.06236821000000e-01	0.00000000000000e+00	0.00000000000000e+00	-1.07112302368652e+03	-1.23846633574710e-01	1.32654980627939e+02	-2.55417360000000e-02	1
21	23	34	36	1.75346734720503e-02	2.06236821000000e-01	0.00000000000000e+00	0.00000000000000e+00	-1.65098475999592e+03	-6.98746418322653e-02	1.15361968775244e+02	-1.44107240000000e-02	1
21	24	35	38	1.75362499368502e-02	3.48174947000000e-01	0.00000000000000e+00	0.00000000000000e+00	-9.06929208922218e+02	-1.21668834489691e-01	1.10345019814224e+02	-4.23620400000000e-02	1
21	24	38	41	1.75441393391847e-02	3.48174947000000e-01	0.00000000000000e+00	0.00000000000000e+00	-1.73453734863371e+03	-5.22456947483933e-02	9.06221088464044e+01	-1.81906420000000e-02	1
21	24	41	36	1.75414065891674e-02	3.48174947000000e-01	0.00000000000000e+00	0.00000000000000e+00	8.21384075751253e+02	1.17610001388181e-01	9.66029822893350e+01	4.09488560000000e-02	1
21	24	36	39	1.75399666797593e-02	3.48174947000000e-01	0.00000000000000e+00	0.00000000000000e+00	-1.15246367459005e+03	-8.68429715019099e-02	1.00083370049411e+02	-3.02365470000000e-02	1
21	24	39	42	1.75448838063977e-02	3.48174947000000e-01	0.00000000000000e+00	0.00000000000000e+00	-2.05772065593647e+03	-4.33095721846983e-02	8.91190012842252e+01	-1.50793080000000e-02	1
21	24	42	37	1.75433048745583e-02	3.48174947000000e-01	0.00000000000000e+00	0.00000000000000e+00	1.00319752955525e+03	9.20739452284601e-02	9.23683543895964e+01	3.20578410000000e-02	1
21	24	37	40	1.75436097166352e-02	3.48174947000000e-01	0.00000000000000e+00	0.00000000000000e+00	-1.42923563871820e+03	-6.41760361925179e-02	9.17226780780158e+01	-2.23444880000000e-02	1
21	24	40	43	1.75409461015971e-02	3.48174947000000e-01	0.00000000000000e+00	0.00000000000000e+00	-2.41872068570122e+03	-4.03888709430894e-02	9.76893976221675e+01	-1.40623930000000e-02	1
21	25	41	45	1.75388376684697e-02	3.57473073000000e-01	0.00000000000000e+00	0.00000000000000e+00	-1.50564230888053e+03	-6.84045564461299e-02	1.02992794305499e+02	-2.44527870000000e-02	1
21	25	45	49	1.75335884455686e-02	3.57473073000000e-01	0.00000000000000e+00	0.00000000000000e+00	-2.60235533201278e+03	-4.57618412002741e-02	1.19088571450255e+02	-1.63586260000000e-02	1
21	25	49	42	1.75348609861102e-02	3.57473073000000e-01	0.00000000000000e+00	0.00000000000000e+00	1.18806147639325e+03	9.65787120978480e-02	1.14741447283128e+02	3.45242890000000e-02	1
21	25	42	46	1.75350075172899e-02	3.57473073000000e-01	0.00000000000000e+00	0.00000000000000e+00	-1.74884200238942e+03	-6.53353322643129e-02	1.14261173303899e+02	-2.33556220000000e-02	1
21	25	46	50	1.75338597200341e-02	3.57473073000000e-01	0.00000000000000e+00	0.00000000000000e+00	-2.90579090372215e+03	-4.06548411549868e-02	1.18134467620430e+02	-1.45330110000000e-02	1
21	25	50	43	1.75334738987784e-02	3.57473073000000e-01	0.00000000000000e+00	0.00000000000000e+00	1.35055091385863e+03	8.84795146514434e-02	1.19496089370275e+02	3.16290440000000e-02	1
21	25	43	47	1.75329851596726e-02	3.57473073000000e-01	0.00000000000000e+00	0.00000000000000e+00	-2.02059451906146e+03	-6.00153343577853e-02	1.21266655662982e+02	-2.14538660000000e-02	1
21	25	47	44	1.75326375358077e-02	3.57473073000000e-01	0.00000000000000e+00	0.00000000000000e+00	2.90604639036527e+03	4.21735429566187e-02	1.22558272277996e+02	1.50759060000000e-02	1
21	25	44	48	1.75324808767728e-02	3.57473073000000e-01	0.00000000000000e+00	0.00000000000000e+00	-2.31281396990578e+03	-5.32465587974510e-02	1.23149385036154e+02	-1.90342110000000e-02	1
21	26	47	52	1.75352259758420e-02	3.56005157000000e-01	0.00000000000000e+00	0.00000000000000e+00	-2.00099450670334e+03	-5.67480655905218e-02	1.13552567512675e+02	-2.02026040000000e-02	1
21	26	52	57	1.75256578362020e-02	3.56005157000000e-01	0.00000000000000e+00	0.00000000000000e+00	-3.68017746404548e+03	-4.23614874769918e-02	1.55897791556270e+02	-1.50809080000000e-02	1
21	26	57	48	1.75308388968112e-02	3.56005157000000e-01	0.00000000000000e+00	0.00000000000000e+00	1.53630860084801e+03	8.44272601365715e-02	1.29706325893847e+02	3.00565400000000e-02	1
21	26	48	53	1.75341907358614e-02	3.56005157000000e-01	0.00000000000000e+00	0.00000000000000e+00	-2.24574726228887e+03	-5.20943549140778e-02	1.16990754928995e+02	-1.85458590000000e-02	1
21	26	53	49	1.75320053481412e-02	3.56005157000000e-01	0.00000000000000e+00	0.00000000000000e+00	3.00977090328718e+03	4.15244602762875e-02	1.24979112314274e+02	1.47829220000000e-02	1
21	26	49	54	1.75305228158047e-02	3.56005157000000e-01	0.00000000000000e+00	0.00000000000000e+00	-2.55551996150681e+03	-5.12809565845699e-02	1.31049508197032e+02	-1.82562850000000e-02	1
21	26	54	50	1.75299112324558e-02	3.56005157000000e-01	0.00000000000000e+00	0.00000000000000e+00	3.44165391642769e+03	3.88560354478236e-02	1.33729026575855e+02	1.38329490000000e-02	1
21	26	50	55	1.75290016973359e-02	3.56005157000000e-01	0.00000000000000e+00	0.00000000000000e+00	-2.90479753178092e+03	-4.74810930898959e-02	1.37922962013789e+02	-1.69035140000000e-02	1
21	26	55	51	1.75272137434574e-02	3.56005157000000e-01	0.00000000000000e+00	0.00000000000000e+00	3.90675265601836e+03	3.76232049919434e-02	1.46984556030198e+02	1.33940550000000e-02	1
21	26	51	56	1.75271563508950e-02	3.56005157000000e-01	0.00000000000000e+00	0.00000000000000e+00	-3.28305879770273e+03	-4.48652321067360e-02	1.47295194978995e+02	-1.59722540000000e-02	1
21	27	53	59	1.75245762185314e-02	3.67552287000000e-01	0.00000000000000e+00	0.00000000000000e+00	-2.85156770188018e+03	-5.70770139161180e-02	1.62758969402968e+02	-2.09787870000000e-02	1
21	27	59	54	1.75246328444794e-02	3.67552287000000e-01	0.00000000000000e+00	0.00000000000000e+00	3.61824583795170e+03	4.48794323513487e-02	1.62384819314902e+02	1.64955380000000e-02	1
21	27	54	60	1.75235019704817e-02	3.67552287000000e-01	0.00000000000000e+00	0.00000000000000e+00	-3.15870155041564e+03	-5.38824235366545e-02	1.70198494765383e+02	-1.98046080000000e-02	1
21	27	60	55	1.75231154386263e-02	3.67552287000000e-01	0.00000000000000e+00	0.00000000000000e+00	4.01359950843511e+03	4.31145460400849e-02	1.73044520792888e+02	1.58468500000000e-02	1
21	27	55	61	1.75225758359710e-02	3.67552287000000e-01	0.00000000000000e+00	0.00000000000000e+00	-3.46539637108212e+03	-5.11285214775442e-02	1.77180592787076e+02	-1.87924050000000e-02	1
21	27	61	56	1.75216170364527e-02	3.67552287000000e-01	0.00000000000000e+00	0.00000000000000e+00	4.39336069092454e+03	4.21179259319913e-02	1.85039240172882e+02	1.54805400000000e-02	1
21	27	56	62	1.75214187977433e-02	3.67552287000000e-01	0.00000000000000e+00	0.00000000000000e+00	-3.76465955566099e+03	-4.96065693096885e-02	1.86751845175278e+02	-1.82330080000000e-02	1
21	27	62	57	1.75204013102284e-02	3.67552287000000e-01	0.00000000000000e+00	0.00000000000000e+00	4.75576768918225e+03	4.12269588190591e-02	1.96065838674929e+02	1.51530630000000e-02	1
21	27	57	63	1.75213568687427e-02	3.67552287000000e-01	0.00000000000000e+00	0.00000000000000e+00	-4.01644264334479e+03	-4.66316565185731e-02	1.87293373771004e+02	-1.71395720000000e-02	1
21	27	63	58	1.75205022186299e-02	3.67552287000000e-01	0.00000000000000e+00	0.00000000000000e+00	5.01451834624786e+03	3.89071936314737e-02	1.95100836266043e+02	1.43004280000000e-02	1
21	27	58	64	1.75218172156397e-02	3.67552287000000e-01	0.00000000000000e+00	0.00000000000000e+00	-4.27521677958285e+03	-4.28847147943335e-02	1.83341452276359e+02	-1.57623750000000e-02	1
21	28	59	66	1.75241611072720e-02	3.51643483000000e-01	0.00000000000000e+00	0.00000000000000e+00	-3.45376681059843e+03	-4.79347146041094e-02	1.65555326375181e+02	-1.68559300000000e-02	1
21	28	66	60	1.75258529166659e-02	3.51643483000000e-01	0.00000000000000e+00	0.00000000000000e+00	4.15116089663824e+03	3.72718438805817e-02	1.54721420862676e+02	1.31064010000000e-02	1
21	28	60	67	1.75258986752762e-02	3.51643483000000e-01	0.00000000000000e+00	0.00000000000000e+00	-3.76695459032378e+03	-4.10007740709359e-02	1.54448054093340e+02	-1.44176550000000e-02	1
21	28	67	61	1.75275509885485e-02	3.51643483000000e-01	0.00000000000000e+00	0.00000000000000e+00	4.59029682279868e+03	3.16287505319699e-02	1.45185353075993e+02	1.11220440000000e-02	1
21	28	61	68	1.75268769974702e-02	3.51643483000000e-01	0.00000000000000e+00	0.00000000000000e+00	-4.15603570370130e+03	-3.58096413235675e-02	1.48826147877484e+02	-1.25922270000000e-02	1
21	28	68	62	1.75288117631788e-02	3.51643483000000e-01	0.00000000000000e+00	0.00000000000000e+00	5.13468585272519e+03	2.70381066610013e-02	1.38832183756718e+02	9.50777400000000e-03	1
21	28	62	69	1.75289421901126e-02	3.51643483000000e-01	0.00000000000000e+00	0.00000000000000e+00	-4.44620776932110e+03	-3.10841392729579e-02	1.38206541538085e+02	-1.09305350000000e-02	1
21	28	69	63	1.75287891543390e-02	3.51643483000000e-01	0.00000000000000e+00	0.00000000000000e+00	5.60929552540985e+03	2.47698149435063e-02	1.38941212127840e+02	8.71014400000000e-03	1
21	28	63	70	1.75299891038137e-02	3.51643483000000e-01	0.00000000000000e+00	0.00000000000000e+00	-4.79868856731518e+03	-2.77954646467883e-02	1.33381778423756e+02	-9.77409400000000e-03	1
21	28	70	64	1.75288386794595e-02	3.51643483000000e-01	0.00000000000000e+00	0.00000000000000e+00	5.99195438323524e+03	2.31481412098287e-02	1.38702606185981e+02	8.13989300000000e-03	1
21	28	64	71	1.75286300409844e-02	3.51643483000000e-01	0.00000000000000e+00	0.00000000000000e+00	-5.17048063810345e+03	-2.70213538978056e-02	1.39713387143945e+02	-9.50188300000000e-03	1
22	23	24	25	1.75320744316746e-02	1.11655955000000e-01	0.00000000000000e+00	0.00000000000000e+00	-1.86993486054608e+01	-6.66921231384390e+00	1.24709925980399e+02	-7.44657270000000e-01	1
22	23	25	26	1.75262287968963e-02	1.11655955000000e-01	0.00000000000000e+00	0.00000000000000e+00	-7.84624240573172e+01	-1.94365822225962e+00	1.52504135657425e+02	-2.17021015000000e-01	1
22	23	26	27	1.75215307690803e-02	1.11655955000000e-01	0.00000000000000e+00	0.00000000000000e+00	-2.15529250899670e+02	-8.61974123995446e-01	1.85780637239638e+02	-9.62445440000000e-02	1
22	23	27	28	1.75277394693701e-02	1.11655955000000e-01	0.00000000000000e+00	0.00000000000000e+00	-4.32625557984935e+02	-3.33311017759868e-01	1.44198865040890e+02	-3.72161600000000e-02	1
22	23	28	29	1.75263642643491e-02	1.11655955000000e-01	0.00000000000000e+00	0.00000000000000e+00	-7.38290755341535e+02	-2.05502402446873e-01	1.51720523927002e+02	-2.29455670000000e-02	1
22	23	29	30	1.75250949448565e-02	1.11655955000000e-01	0.00000000000000e+00	0.00000000000000e+00	-1.15009646283393e+03	-1.38592419902727e-01	1.59394651905721e+02	-1.54746690000000e-02	1
22	24	30	32	1.75314919524232e-02	1.94206573000000e-01	0.00000000000000e+00	0.00000000000000e+00	-3.83626358543579e+02	-3.31094499051791e-01	1.27016577005049e+02	-6.43007280000000e-02	1
22	24	32	34	1.75290249381892e-02	1.94206573000000e-01	0.00000000000000e+00	0.00000000000000e+00	-7.85339788763901e+02	-1.75481398356172e-01	1.37812524317030e+02	-3.40796410000000e-02	1
22	24	34	36	1.75354116512808e-02	1.94206573000000e-01	0.00000000000000e+00	0.00000000000000e+00	-1.27131179642088e+03	-8.88508804488301e-02	1.12957172436979e+02	-1.72554250000000e-02	1
22	24	36	31	1.75313847499966e-02	1.94206573000000e-01	0.00000000000000e+00	0.00000000000000e+00	3.20965101170783e+02	3.97085020392178e-01	1.27450433743578e+02	7.71165210000000e-02	1
22	24	31	33	1.75307403064944e-02	1.94206573000000e-01	0.00000000000000e+00	0.00000000000000e+00	-5.61136010471043e+02	-2.31890874259956e-01	1.30122320046874e+02	-4.50347320000000e-02	1
22	24	33	35	1.75331280230474e-02	1.94206573000000e-01	0.00000000000000e+00	0.00000000000000e+00	-1.00924567545418e+03	-1.19637567570898e-01	1.20743697692786e+02	-2.32344020000000e-02	1
22	24	35	37	1.75327138230983e-02	1.94206573000000e-01	0.00000000000000e+00	0.00000000000000e+00	-1.65083203008064e+03	-7.40671789723616e-02	1.22272471425290e+02	-1.43843330000000e-02	1
22	25	36	39	1.75418880996695e-02	3.42526835000000e-01	0.00000000000000e+00	0.00000000000000e+00	-8.84394223664366e+02	-1.07975055443466e-01	9.54925153340412e+01	-3.69843540000000e-02	1
22	25	39	42	1.75496129238543e-02	3.42526835000000e-01	0.00000000000000e+00	0.00000000000000e+00	-1.64322551125937e+03	-4.90645703715447e-02	8.06241537335029e+01	-1.68059320000000e-02	1
22	25	42	37	1.75467911187639e-02	3.42526835000000e-01	0.00000000000000e+00	0.00000000000000e+00	7.88743156757294e+02	1.08382947572560e-01	8.54863082070415e+01	3.71240680000000e-02	1
22	25	37	40	1.75467912931381e-02	3.42526835000000e-01	0.00000000000000e+00	0.00000000000000e+00	-1.11357026416843e+03	-7.67674859693840e-02	8.54859896304729e+01	-2.62949240000000e-02	1
22	25	40	43	1.75449472352601e-02	3.42526835000000e-01	0.00000000000000e+00	0.00000000000000e+00	-1.95106467495048e+03	-4.56126539691408e-02	8.89932378899305e+01	-1.56235580000000e-02	1
22	25	43	38	1.75467488417975e-02	3.42526835000000e-01	0.00000000000000e+00	0.00000000000000e+00	9.60072007790504e+02	8.91220829457055e-02	8.55636171121553e+01	3.05267050000000e-02	1
22	25	38	41	1.75478680861906e-02	3.42526835000000e-01	0.00000000000000e+00	0.00000000000000e+00	-1.36942431537903e+03	-6.10205182901947e-02	8.35629814836234e+01	-2.09011650000000e-02	1
22	25	41	44	1.75409814429932e-02	3.42526835000000e-01	0.00000000000000e+00	0.00000000000000e+00	-2.30620938114408e+03	-4.23227628282029e-02	9.76051526703375e+01	-1.44966820000000e-02	1
22	26	42	46	1.75365128517274e-02	3.23813222000000e-01	0.00000000000000e+00	0.00000000000000e+00	-1.46009188067468e+03	-7.50298454459034e-02	1.09550468143840e+02	-2.42956560000000e-02	1
22	26	46	50	1.75357917036918e-02	3.23813222000000e-01	0.00000000000000e+00	0.00000000000000e+00	-2.49034445115043e+03	-4.48764195305156e-02	1.11757742365319e+02	-1.45315780000000e-02	1
22	26	50	43	1.75350730399465e-02	3.23813222000000e-01	0.00000000000000e+00	0.00000000000000e+00	1.14412387592815e+03	9.96812631696676e-02	1.14047713175094e+02	3.22781110000000e-02	1
22	26	43	47	1.75346084601469e-02	3.23813222000000e-01	0.00000000000000e+00	0.00000000000000e+00	-1.69949168827428e+03	-6.80077912321937e-02	1.15578675937006e+02	-2.20218220000000e-02	1
22	26	47	51	1.75361468622516e-02	3.23813222000000e-01	0.00000000000000e+00	0.00000000000000e+00	-2.77190765712269e+03	-3.99218472925729e-02	1.10659674196766e+02	-1.29272220000000e-02	1
22	26	51	44	1.75351112989169e-02	3.23813222000000e-01	0.00000000000000e+00	0.00000000000000e+00	1.30175260188141e+03	8.75154319671357e-02	1.13923441267995e+02	2.83386540000000e-02	1
22	26	44	48	1.75340633882866e-02	3.23813222000000e-01	0.00000000000000e+00	0.00000000000000e+00	-1.95843082374336e+03	-5.99603156414657e-02	1.17428130353628e+02	-1.94159430000000e-02	1
22	26	48	45	1.75331718256087e-02	3.23813222000000e-01	0.00000000000000e+00	0.00000000000000e+00	2.82159496247950e+03	4.27362042677800e-02	1.20584258677463e+02	1.38385480000000e-02	1
22	26	45	49	1.75349478754034e-02	3.23813222000000e-01	0.00000000000000e+00	0.00000000000000e+00	-2.21752057543712e+03	-5.16144797818046e-02	1.14456170906635e+02	-1.67134510000000e-02	1
22	27	48	53	1.75347633605999e-02	3.34023956000000e-01	0.00000000000000e+00	0.00000000000000e+00	-2.00523014798019e+03	-5.73817795272145e-02	1.15063674252723e+02	-1.91668890000000e-02	1
22	27	53	58	1.75261020492894e-02	3.34023956000000e-01	0.00000000000000e+00	0.00000000000000e+00	-3.70756181305646e+03	-4.13330054686257e-02	1.53244672694331e+02	-1.38062140000000e-02	1
22	27	58	49	1.75294527926727e-02	3.34023956000000e-01	0.00000000000000e+00	0.00000000000000e+00	1.56051961490116e+03	8.70290572811490e-02	1.35810550953589e+02	2.90697900000000e-02	1
22	27	49	54	1.75311940549355e-02	3.34023956000000e-01	0.00000000000000e+00	0.00000000000000e+00	-2.29154825845808e+03	-5.59576092201004e-02	1.28229561955799e+02	-1.86911820000000e-02	1
22	27	54	50	1.75305803998663e-02	3.34023956000000e-01	0.00000000000000e+00	0.00000000000000e+00	3.09394289680581e+03	4.22770365608148e-02	1.30802736965332e+02	1.41215430000000e-02	1
22	27	50	55	1.75296368487119e-02	3.34023956000000e-01	0.00000000000000e+00	0.00000000000000e+00	-2.61512107493609e+03	-5.16102743241566e-02	1.34967116068335e+02	-1.72390680000000e-02	1
22	27	55	51	1.75277648232578e-02	3.34023956000000e-01	0.00000000000000e+00	0.00000000000000e+00	3.52525707984327e+03	4.08671436727730e-02	1.44067187565415e+02	1.36506050000000e-02	1
22	27	51	56	1.75277026181147e-02	3.34023956000000e-01	0.00000000000000e+00	0.00000000000000e+00	-2.96651662926940e+03	-4.86734789764600e-02	1.44390684788063e+02	-1.62581080000000e-02	1
22	27	56	52	1.75259559079390e-02	3.34023956000000e-01	0.00000000000000e+00	0.00000000000000e+00	3.98038308471738e+03	3.87167500046015e-02	1.54107496813547e+02	1.29323220000000e-02	1
22	27	52	57	1.75260784178216e-02	3.34023956000000e-01	0.00000000000000e+00	0.00000000000000e+00	-3.33662909535691e+03	-4.59696100359939e-02	1.53383538348308e+02	-1.53549510000000e-02	1
22	28	54	60	1.75245136542158e-02	3.23275289000000e-01	0.00000000000000e+00	0.00000000000000e+00	-2.89589285342729e+03	-5.63468245789736e-02	1.63174366611571e+02	-1.82155360000000e-02	1
22	28	60	55	1.75240611465342e-02	3.23275289000000e-01	0.00000000000000e+00	0.00000000000000e+00	3.68590714430108e+03	4.51023616593225e-02	1.66243117064948e+02	1.45804790000000e-02	1
22	28	55	61	1.75236535070070e-02	3.23275289000000e-01	0.00000000000000e+00	0.00000000000000e+00	-3.18587781540869e+03	-5.30805402821866e-02	1.69108115714925e+02	-1.71596270000000e-02	1
22	28	61	56	1.75226294239004e-02	3.23275289000000e-01	0.00000000000000e+00	0.00000000000000e+00	4.04540950113909e+03	4.36942212431214e-02	1.76761017761797e+02	1.41252620000000e-02	1
22	28	56	62	1.75224216489220e-02	3.23275289000000e-01	0.00000000000000e+00	0.00000000000000e+00	-3.47017488270195e+03	-5.14092278794622e-02	1.78399011326410e+02	-1.66193330000000e-02	1
22	28	62	57	1.75213365648540e-02	3.23275289000000e-01	0.00000000000000e+00	0.00000000000000e+00	4.39030933376806e+03	4.27012285495165e-02	1.87471602264306e+02	1.38042520000000e-02	1
22	28	57	63	1.75223239601156e-02	3.23275289000000e-01	0.00000000000000e+00	0.00000000000000e+00	-3.71185097340978e+03	-4.82723255720297e-02	1.79179678663292e+02	-1.56052500000000e-02	1
22	28	63	58	1.75214227645922e-02	3.23275289000000e-01	0.00000000000000e+00	0.00000000000000e+00	4.64065100820551e+03	4.02351446045726e-02	1.86717264374505e+02	1.30070280000000e-02	1
22	28	58	64	1.75227809648500e-02	3.23275289000000e-01	0.00000000000000e+00	0.00000000000000e+00	-3.96030955077145e+03	-4.43362282478696e-02	1.75585188175221e+02	-1.43328070000000e-02	1
22	28	64	59	1.75234292257209e-02	3.23275289000000e-01	0.00000000000000e+00	0.00000000000000e+00	4.86032594708852e+03	3.51266440287677e-02	1.70726939407162e+02	1.13555760000000e-02	1
22	28	59	65	1.75241403361999e-02	3.23275289000000e-01	0.00000000000000e+00	0.00000000000000e+00	-4.27234201520015e+03	-3.87838273651656e-02	1.65697775162466e+02	-1.25378530000000e-02	1
22	29	60	67	1.75259758350857e-02	3.61503326000000e-01	0.00000000000000e+00	0.00000000000000e+00	-3.49864927725574e+03	-4.40139214652758e-02	1.53989274523678e+02	-1.59111790000000e-02	1
22	29	67	61	1.75274868506891e-02	3.61503326000000e-01	0.00000000000000e+00	0.00000000000000e+00	4.26842758767194e+03	3.40931469050993e-02	1.45524128800278e+02	1.23247860000000e-02	1
22	29	61	68	1.75273943820855e-02	3.61503326000000e-01	0.00000000000000e+00	0.00000000000000e+00	-3.86708905605252e+03	-3.77584631130060e-02	1.46015339477668e+02	-1.36498100000000e-02	1
22	29	68	62	1.75293566111257e-02	3.61503326000000e-01	0.00000000000000e+00	0.00000000000000e+00	4.78329709646146e+03	2.84856881233784e-02	1.36255509291263e+02	1.02976710000000e-02	1
22	29	62	69	1.75295346308961e-02	3.61503326000000e-01	0.00000000000000e+00	0.00000000000000e+00	-4.14561255124844e+03	-3.26692927854279e-02	1.35434230211680e+02	-1.18100580000000e-02	1
22	29	69	63	1.75293674560535e-02	3.61503326000000e-01	0.00000000000000e+00	0.00000000000000e+00	5.23658784116409e+03	2.60102945774834e-02	1.36205192329546e+02	9.40280800000000e-03	1
22	29	63	70	1.75305934748293e-02	3.61503326000000e-01	0.00000000000000e+00	0.00000000000000e+00	-4.48381473802443e+03	-2.91597317143356e-02	1.30746834817576e+02	-1.05413400000000e-02	1
22	29	70	64	1.75294182748054e-02	3.61503326000000e-01	0.00000000000000e+00	0.00000000000000e+00	5.60545361506573e+03	2.42567173503682e-02	1.35969903961249e+02	8.76888400000000e-03	1
22	29	64	71	1.75292115519827e-02	3.61503326000000e-01	0.00000000000000e+00	0.00000000000000e+00	-4.84072468122301e+03	-2.82875267377208e-02	1.36932128850041e+02	-1.02260350000000e-02	1
22	29	71	65	1.75288648282652e-02	3.61503326000000e-01	0.00000000000000e+00	0.00000000000000e+00	5.79761145453801e+03	2.39024218548960e-02	1.38576954737145e+02	8.64080500000000e-03	1
22	29	65	72	1.75283944964848e-02	3.61503326000000e-01	0.00000000000000e+00	0.00000000000000e+00	-5.06426667019349e+03	-2.78169335570650e-02	1.40872369480031e+02	-1.00559140000000e-02	1
23	24	25	26	1.75314511404556e-02	1.28556880000000e-01	0.00000000000000e+00	0.00000000000000e+00	-2.00216863459784e+01	-6.35218210025010e+00	1.27181397623746e+02	-8.16616712000000e-01	1
23	24	26	27	1.75268943273260e-02	1.28556880000000e-01	0.00000000000000e+00	0.00000000000000e+00	-8.59051740193508e+01	-1.73133051299938e+00	1.48730249004224e+02	-2.22574449000000e-01	1
23	24	27	28	1.75318036040536e-02	1.28556880000000e-01	0.00000000000000e+00	0.00000000000000e+00	-2.11691140911016e+02	-5.94129299030904e-01	1.25771909160514e+02	-7.63794090000000e-02	1
23	24	28	29	1.75297192451123e-02	1.28556880000000e-01	0.00000000000000e+00	0.00000000000000e+00	-4.09740131615686e+02	-3.28483617524010e-01	1.34592920677884e+02	-4.22288290000000e-02	1
23	24	29	30	1.75284400039496e-02	1.28556880000000e-01	0.00000000000000e+00	0.00000000000000e+00	-6.96303293332840e+02	-2.01990939730336e-01	1.40646956557628e+02	-2.59673250000000e-02	1
23	24	30	31	1.75346418002751e-02	1.28556880000000e-01	0.00000000000000e+00	0.00000000000000e+00	-1.06066052084378e+03	-1.08863710755893e-01	1.15467440151332e+02	-1.39951790000000e-02	1
23	25	31	33	1.75330041684922e-02	2.39319422000000e-01	0.00000000000000e+00	0.00000000000000e+00	-3.59516181482592e+02	-3.37110867667063e-01	1.21196811879946e+02	-8.06771780000000e-02	1
23	25	33	35	1.75339902125951e-02	2.39319422000000e-01	0.00000000000000e+00	0.00000000000000e+00	-6.98754024186021e+02	-1.68415395053060e-01	1.17680935028204e+02	-4.03050750000000e-02	1
23	25	35	37	1.75373392813557e-02	2.39319422000000e-01	0.00000000000000e+00	0.00000000000000e+00	-1.20302376036618e+03	-8.90471104346893e-02	1.07125789644882e+02	-2.13107030000000e-02	1
23	25	37	32	1.75335893471918e-02	2.39319422000000e-01	0.00000000000000e+00	0.00000000000000e+00	2.97153459963348e+02	4.00753788382457e-01	1.19085374811267e+02	9.59081650000000e-02	1
23	25	32	34	1.75307711083160e-02	2.39319422000000e-01	0.00000000000000e+00	0.00000000000000e+00	-5.25332129093978e+02	-2.47447396893680e-01	1.29992067848919e+02	-5.92189680000000e-02	1
23	25	34	36	1.75376350480234e-02	2.39319422000000e-01	0.00000000000000e+00	0.00000000000000e+00	-9.04983941423367e+02	-1.17442866797497e-01	1.06283908486458e+02	-2.81063590000000e-02	1
23	25	36	38	1.75428862833673e-02	2.39319422000000e-01	0.00000000000000e+00	0.00000000000000e+00	-1.57704174003562e+03	-5.91423248548544e-02	9.32699148988515e+01	-1.41539070000000e-02	1
23	26	37	40	1.75493923825310e-02	3.25611786000000e-01	0.00000000000000e+00	0.00000000000000e+00	-8.66169152314933e+02	-9.34969196723119e-02	8.09841476566237e+01	-3.04436990000000e-02	1
23	26	40	43	1.75493172624967e-02	3.25611786000000e-01	0.00000000000000e+00	0.00000000000000e+00	-1.57705256461102e+03	-5.14298029740238e-02	8.11075026776239e+01	-1.67461500000000e-02	1
23	26	43	38	1.75506039462939e-02	3.25611786000000e-01	0.00000000000000e+00	0.00000000000000e+00	7.64558667738539e+02	1.03386727530803e-01	7.90452186627977e+01	3.36639370000000e-02	1
23	26	38	41	1.75514337062523e-02	3.25611786000000e-01	0.00000000000000e+00	0.00000000000000e+00	-1.08102419279329e+03	-7.19410476130615e-02	7.77700129246135e+01	-2.34248530000000e-02	1
23	26	41	44	1.75450979206719e-02	3.25611786000000e-01	0.00000000000000e+00	0.00000000000000e+00	-1.88257565859462e+03	-4.71141145978051e-02	8.86958853180655e+01	-1.53409110000000e-02	1
23	26	44	39	1.75491737649750e-02	3.25611786000000e-01	0.00000000000000e+00	0.00000000000000e+00	9.22397716583595e+02	8.81877598865540e-02	8.13441883499797e+01	2.87149740000000e-02	1
23	26	39	42	1.75534548282040e-02	3.25611786000000e-01	0.00000000000000e+00	0.00000000000000e+00	-1.31363560668071e+03	-5.69636935685123e-02	7.48295361596465e+01	-1.85480500000000e-02	1
23	26	42	45	1.75405792018009e-02	3.25611786000000e-01	0.00000000000000e+00	0.00000000000000e+00	-2.21971739495073e+03	-4.44077537168756e-02	9.85726633960369e+01	-1.44596880000000e-02	1
23	27	43	47	1.75364983211590e-02	3.66639852000000e-01	0.00000000000000e+00	0.00000000000000e+00	-1.46833669974955e+03	-7.46382501812705e-02	1.09594081946248e+02	-2.73653570000000e-02	1
23	27	47	51	1.75384599002280e-02	3.66639852000000e-01	0.00000000000000e+00	0.00000000000000e+00	-2.45480602581935e+03	-4.23676774776791e-02	1.04004429972178e+02	-1.55336790000000e-02	1
23	27	51	44	1.75371448514264e-02	3.66639852000000e-01	0.00000000000000e+00	0.00000000000000e+00	1.14039398061081e+03	9.44292302409068e-02	1.07686525760443e+02	3.46215190000000e-02	1
23	27	44	48	1.75360556396267e-02	3.66639852000000e-01	0.00000000000000e+00	0.00000000000000e+00	-1.70395541288987e+03	-6.51071313437035e-02	1.10939648870835e+02	-2.38708690000000e-02	1
23	27	48	52	1.75388315707597e-02	3.66639852000000e-01	0.00000000000000e+00	0.00000000000000e+00	-2.75406858753571e+03	-3.74024698220749e-02	1.03008967233229e+02	-1.37132360000000e-02	1
23	27	52	45	1.75367747624155e-02	3.66639852000000e-01	0.00000000000000e+00	0.00000000000000e+00	1.30065731782471e+03	8.36271366376179e-02	1.08770247236445e+02	3.06610410000000e-02	1
23	27	45	49	1.75369605484363e-02	3.66639852000000e-01	0.00000000000000e+00	0.00000000000000e+00	-1.94197794994830e+03	-5.57284918389068e-02	1.08223502335031e+02	-2.04322860000000e-02	1
23	27	49	46	1.75382392206617e-02	3.66639852000000e-01	0.00000000000000e+00	0.00000000000000e+00	2.78424857280322e+03	3.75701520848312e-02	1.04604642322191e+02	1.37747150000000e-02	1
23	27	46	50	1.75374532969880e-02	3.66639852000000e-01	0.00000000000000e+00	0.00000000000000e+00	-2.19383489721831e+03	-4.86817292300238e-02	1.06799676441759e+02	-1.78486620000000e-02	1
23	28	49	54	1.75339443862298e-02	3.53174316000000e-01	0.00000000000000e+00	0.00000000000000e+00	-2.06044372005713e+03	-5.71914719868814e-02	1.17839809296193e+02	-2.01985590000000e-02	1
23	28	54	59	1.75271264040134e-02	3.53174316000000e-01	0.00000000000000e+00	0.00000000000000e+00	-3.78169895335496e+03	-3.89924758854775e-02	1.47457805244829e+02	-1.37711410000000e-02	1
23	28	59	50	1.75303407919365e-02	3.53174316000000e-01	0.00000000000000e+00	0.00000000000000e+00	1.60533958833394e+03	8.21232566639982e-02	1.31835715045625e+02	2.90038250000000e-02	1
23	28	50	55	1.75322525211301e-02	3.53174316000000e-01	0.00000000000000e+00	0.00000000000000e+00	-2.36140209875690e+03	-5.25202008177741e-02	1.24021312438226e+02	-1.85487860000000e-02	1
23	28	55	51	1.75301881463603e-02	3.53174316000000e-01	0.00000000000000e+00	0.00000000000000e+00	3.19109962323507e+03	4.15224701673946e-02	1.32502338906962e+02	1.46646700000000e-02	1
23	28	51	56	1.75301093030407e-02	3.53174316000000e-01	0.00000000000000e+00	0.00000000000000e+00	-2.68919588364581e+03	-4.94011263265248e-02	1.32849305564757e+02	-1.74472090000000e-02	1
23	28	56	52	1.75281839287862e-02	3.53174316000000e-01	0.00000000000000e+00	0.00000000000000e+00	3.61640195576552e+03	3.92447677310714e-02	1.41924854776210e+02	1.38602440000000e-02	1
23	28	52	57	1.75283112257059e-02	3.53174316000000e-01	0.00000000000000e+00	0.00000000000000e+00	-3.03562014916579e+03	-4.65429484968550e-02	1.41286712258639e+02	-1.64377740000000e-02	1
23	28	57	53	1.75281047449990e-02	3.53174316000000e-01	0.00000000000000e+00	0.00000000000000e+00	4.02701026545198e+03	3.53425275693038e-02	1.42324721328606e+02	1.24820730000000e-02	1
23	28	53	58	1.75281014995077e-02	3.53174316000000e-01	0.00000000000000e+00	0.00000000000000e+00	-3.38404915266830e+03	-4.20623791906770e-02	1.42341158659423e+02	-1.48553520000000e-02	1
23	29	55	61	1.75247047099683e-02	4.00323832000000e-01	0.00000000000000e+00	0.00000000000000e+00	-2.92036946845818e+03	-5.54424523993865e-02	1.61912445243614e+02	-2.21949350000000e-02	1
23	29	61	56	1.75236357728994e-02	4.00323832000000e-01	0.00000000000000e+00	0.00000000000000e+00	3.71460003180366e+03	4.55594135100106e-02	1.69234998873241e+02	1.82385190000000e-02	1
23	29	56	62	1.75235174793392e-02	4.00323832000000e-01	0.00000000000000e+00	0.00000000000000e+00	-3.18998407148707e+03	-5.33188416321914e-02	1.70086255516832e+02	-2.13448030000000e-02	1
23	29	62	57	1.75223780377969e-02	4.00323832000000e-01	0.00000000000000e+00	0.00000000000000e+00	4.04229454699048e+03	4.42191135900198e-02	1.78746681737690e+02	1.77019650000000e-02	1
23	29	57	63	1.75234020688270e-02	4.00323832000000e-01	0.00000000000000e+00	0.00000000000000e+00	-3.42157017481839e+03	-4.99551523077947e-02	1.70925059214860e+02	-1.99982380000000e-02	1
23	29	63	58	1.75224431289686e-02	4.00323832000000e-01	0.00000000000000e+00	0.00000000000000e+00	4.28407081613524e+03	4.16025494080502e-02	1.78228267795852e+02	1.66544920000000e-02	1
23	29	58	64	1.75238504899534e-02	4.00323832000000e-01	0.00000000000000e+00	0.00000000000000e+00	-3.65975439570144e+03	-4.58258727899068e-02	1.67711439379716e+02	-1.83451890000000e-02	1
23	29	64	59	1.75245418868605e-02	4.00323832000000e-01	0.00000000000000e+00	0.00000000000000e+00	4.49734846142165e+03	3.62406103266917e-02	1.62986653093729e+02	1.45079800000000e-02	1
23	29	59	65	1.75252731719196e-02	4.00323832000000e-01	0.00000000000000e+00	0.00000000000000e+00	-3.95643266788304e+03	-4.00033590805556e-02	1.58270596691366e+02	-1.60142980000000e-02	1
23	29	65	60	1.75271777840395e-02	4.00323832000000e-01	0.00000000000000e+00	0.00000000000000e+00	4.86647827113388e+03	3.02434380174498e-02	1.47179033956304e+02	1.21071690000000e-02	1
23	29	60	66	1.75274223730231e-02	4.00323832000000e-01	0.00000000000000e+00	0.00000000000000e+00	-4.31485198329915e+03	-3.38056316367395e-02	1.45866296714466e+02	-1.35332000000000e-02	1
23	30	61	68	1.75285598596651e-02	3.41711680000000e-01	0.00000000000000e+00	0.00000000000000e+00	-3.58185989891566e+03	-3.91016719124146e-02	1.40056710603634e+02	-1.33614980000000e-02	1
23	30	68	62	1.75307662767264e-02	3.41711680000000e-01	0.00000000000000e+00	0.00000000000000e+00	4.43605444902328e+03	2.93081348580183e-02	1.30012482029486e+02	1.00149320000000e-02	1
23	30	62	69	1.75303755711500e-02	3.41711680000000e-01	0.00000000000000e+00	0.00000000000000e+00	-3.84828000373700e+03	-3.42191229752521e-02	1.31684766691080e+02	-1.16930740000000e-02	1
23	30	69	63	1.75302249798285e-02	3.41711680000000e-01	0.00000000000000e+00	0.00000000000000e+00	4.86749168422842e+03	2.71887194490981e-02	1.32340865823305e+02	9.29070300000000e-03	1
23	30	63	70	1.75314897853701e-02	3.41711680000000e-01	0.00000000000000e+00	0.00000000000000e+00	-4.17169008114676e+03	-3.04493659684094e-02	1.27025317987621e+02	-1.04049040000000e-02	1
23	30	70	64	1.75302901259100e-02	3.41711680000000e-01	0.00000000000000e+00	0.00000000000000e+00	5.22189028196991e+03	2.52889716851353e-02	1.32056235483620e+02	8.64153700000000e-03	1
23	30	64	71	1.75300877513501e-02	3.41711680000000e-01	0.00000000000000e+00	0.00000000000000e+00	-4.51319249773065e+03	-2.94568567278707e-02	1.32944464790953e+02	-1.00657520000000e-02	1
23	30	71	65	1.75297548670910e-02	3.41711680000000e-01	0.00000000000000e+00	0.00000000000000e+00	5.41083498872311e+03	2.48449248208314e-02	1.34431788512750e+02	8.48980100000000e-03	1
23	30	65	72	1.75293043371478e-02	3.41711680000000e-01	0.00000000000000e+00	0.00000000000000e+00	-4.72983356004367e+03	-2.88590632898472e-02	1.36498566059743e+02	-9.86147900000000e-03	1
24	25	26	27	1.75345058980115e-02	1.24576281000000e-01	0.00000000000000e+00	0.00000000000000e+00	-1.96395175825093e+01	-5.90249790006173e+00	1.15922211288987e+02	-7.35311237000000e-01	1
24	25	27	28	1.75404508612940e-02	1.24576281000000e-01	0.00000000000000e+00	0.00000000000000e+00	-7.59954615032587e+01	-1.30120151844957e+00	9.88854099033158e+01	-1.62098846000000e-01	1
24	25	28	29	1.75339404486617e-02	1.24576281000000e-01	0.00000000000000e+00	0.00000000000000e+00	-1.82741033132878e+02	-6.44920729332095e-01	1.17853480366956e+02	-8.03418260000000e-02	1
24	25	29	30	1.75338345617435e-02	1.24576281000000e-01	0.00000000000000e+00	0.00000000000000e+00	-3.55769822346495e+02	-3.32299990557593e-01	1.18222308606417e+02	-4.13966970000000e-02	1
24	25	30	31	1.75319043656403e-02	1.24576281000000e-01	0.00000000000000e+00	0.00000000000000e+00	-5.95083685488699e+02	-2.10684134967876e-01	1.25374691510682e+02	-2.62462460000000e-02	1
24	25	31	32	1.75368122987499e-02	1.24576281000000e-01	0.00000000000000e+00	0.00000000000000e+00	-9.53243238429821e+02	-1.13989098775553e-01	1.08659337662505e+02	-1.42003380000000e-02	1
24	26	32	34	1.75288163586259e-02	2.66613871000000e-01	0.00000000000000e+00	0.00000000000000e+00	-3.48349334236602e+02	-3.98479428701592e-01	1.38810043695181e+02	-1.06240143000000e-01	1
24	26	34	36	1.75344461484991e-02	2.66613871000000e-01	0.00000000000000e+00	0.00000000000000e+00	-6.47907500634370e+02	-1.79228188018770e-01	1.16123287342468e+02	-4.77847210000000e-02	1
24	26	36	38	1.75415975849852e-02	2.66613871000000e-01	0.00000000000000e+00	0.00000000000000e+00	-1.18798329645947e+03	-8.09434179814298e-02	9.61594285202757e+01	-2.15806380000000e-02	1
24	26	38	33	1.75337131756640e-02	2.66613871000000e-01	0.00000000000000e+00	0.00000000000000e+00	2.80844531974223e+02	4.22468521902223e-01	1.18647974307472e+02	1.12635968000000e-01	1
24	26	33	35	1.75316639242451e-02	2.66613871000000e-01	0.00000000000000e+00	0.00000000000000e+00	-4.83674525618451e+02	-2.61181275898432e-01	1.26326729720596e+02	-6.96345510000000e-02	1
24	26	35	37	1.75347258892944e-02	2.66613871000000e-01	0.00000000000000e+00	0.00000000000000e+00	-8.85619505593691e+02	-1.30064699446939e-01	1.15187834819390e+02	-3.46770530000000e-02	1
24	26	37	39	1.75476496768080e-02	2.66613871000000e-01	0.00000000000000e+00	0.00000000000000e+00	-1.55269786623894e+03	-5.40646101642626e-02	8.39460048410904e+01	-1.44143750000000e-02	1
24	27	38	41	1.75503238081382e-02	3.13360291000000e-01	0.00000000000000e+00	0.00000000000000e+00	-8.87320990748432e+02	-8.95789026440494e-02	7.94852406442752e+01	-2.80704710000000e-02	1
24	27	41	44	1.75455401595181e-02	3.13360291000000e-01	0.00000000000000e+00	0.00000000000000e+00	-1.60288582318473e+03	-5.47977663194090e-02	8.78345627755706e+01	-1.71714440000000e-02	1
24	27	44	39	1.75491664239863e-02	3.13360291000000e-01	0.00000000000000e+00	0.00000000000000e+00	7.74185767582440e+02	1.05086320589356e-01	8.13563337678853e+01	3.29298800000000e-02	1
24	27	39	42	1.75531992167863e-02	3.13360291000000e-01	0.00000000000000e+00	0.00000000000000e+00	-1.09334738672234e+03	-6.87696131862476e-02	7.51890768630903e+01	-2.15496660000000e-02	1
24	27	42	45	1.75407774056544e-02	3.13360291000000e-01	0.00000000000000e+00	0.00000000000000e+00	-1.90790403551979e+03	-5.14142935870582e-02	9.80935382181479e+01	-1.61111980000000e-02	1
24	27	45	40	1.75454712626816e-02	3.13360291000000e-01	0.00000000000000e+00	0.00000000000000e+00	9.32736659374953e+02	9.43113433603494e-02	8.79676473470964e+01	2.95534300000000e-02	1
24	27	40	43	1.75492751370545e-02	3.13360291000000e-01	0.00000000000000e+00	0.00000000000000e+00	-1.32850868212764e+03	-6.11037344230702e-02	8.11768416914701e+01	-1.91474840000000e-02	1
24	27	43	46	1.75373826587696e-02	3.13360291000000e-01	0.00000000000000e+00	0.00000000000000e+00	-2.24462117692593e+03	-4.76701752871426e-02	1.07001484957291e+02	-1.49379400000000e-02	1
24	28	44	48	1.75380668088896e-02	3.31791229000000e-01	0.00000000000000e+00	0.00000000000000e+00	-1.49416273410570e+03	-7.03259518653521e-02	1.05078416517720e+02	-2.33335340000000e-02	1
24	28	48	52	1.75413387532921e-02	3.31791229000000e-01	0.00000000000000e+00	0.00000000000000e+00	-2.47575507164126e+03	-3.90836341246380e-02	9.67615054022440e+01	-1.29676070000000e-02	1
24	28	52	45	1.75388946587234e-02	3.31791229000000e-01	0.00000000000000e+00	0.00000000000000e+00	1.15660972522847e+03	8.89166693432996e-02	1.02841884497384e+02	2.95017710000000e-02	1
24	28	45	49	1.75391264293057e-02	3.31791229000000e-01	0.00000000000000e+00	0.00000000000000e+00	-1.71525145609750e+03	-5.96021572348436e-02	1.02232686983618e+02	-1.97754730000000e-02	1
24	28	49	53	1.75362615172131e-02	3.31791229000000e-01	0.00000000000000e+00	0.00000000000000e+00	-2.85667190778331e+03	-3.86147880961615e-02	1.10309780379310e+02	-1.28120480000000e-02	1
24	28	53	46	1.75383960481594e-02	3.31791229000000e-01	0.00000000000000e+00	0.00000000000000e+00	1.32435463851561e+03	7.86627575378130e-02	1.04177387823631e+02	2.60996130000000e-02	1
24	28	46	50	1.75396116202646e-02	3.31791229000000e-01	0.00000000000000e+00	0.00000000000000e+00	-1.95042648610789e+03	-5.17735325667696e-02	1.00980469197597e+02	-1.71780040000000e-02	1
24	28	50	47	1.75403097007911e-02	3.31791229000000e-01	0.00000000000000e+00	0.00000000000000e+00	2.76045201735904e+03	3.59476259693411e-02	9.92316966263359e+01	1.19271070000000e-02	1
24	28	47	51	1.75404107587867e-02	3.31791229000000e-01	0.00000000000000e+00	0.00000000000000e+00	-2.19518132513266e+03	-4.50912823858885e-02	9.89835410197857e+01	-1.49608920000000e-02	1
24	29	50	55	1.75324340274260e-02	3.71905202000000e-01	0.00000000000000e+00	0.00000000000000e+00	-2.13431196887168e+03	-5.77831498038578e-02	1.23327268225479e+02	-2.14898540000000e-02	1
24	29	55	60	1.75259720299983e-02	3.71905202000000e-01	0.00000000000000e+00	0.00000000000000e+00	-3.87566871886678e+03	-3.97381319769762e-02	1.54011835049366e+02	-1.47788180000000e-02	1
24	29	60	51	1.75282958290935e-02	3.71905202000000e-01	0.00000000000000e+00	0.00000000000000e+00	1.65621054119046e+03	8.53536353600131e-02	1.41363590612180e+02	3.17434610000000e-02	1
24	29	51	56	1.75305024825569e-02	3.71905202000000e-01	0.00000000000000e+00	0.00000000000000e+00	-2.44106371227520e+03	-5.37211980164773e-02	1.31136867057973e+02	-1.99791930000000e-02	1
24	29	56	52	1.75285370349554e-02	3.71905202000000e-01	0.00000000000000e+00	0.00000000000000e+00	3.29087395680724e+03	4.25931632975653e-02	1.40168731833996e+02	1.58406190000000e-02	1
24	29	52	57	1.75286691755967e-02	3.71905202000000e-01	0.00000000000000e+00	0.00000000000000e+00	-2.76643631501645e+03	-5.04340807795423e-02	1.39522672582999e+02	-1.87566970000000e-02	1
24	29	57	53	1.75284528711274e-02	3.71905202000000e-01	0.00000000000000e+00	0.00000000000000e+00	3.67798561600757e+03	3.82229205817885e-02	1.40583352101618e+02	1.42153030000000e-02	1
24	29	53	58	1.75284643153671e-02	3.71905202000000e-01	0.00000000000000e+00	0.00000000000000e+00	-3.09493860036418e+03	-4.54053691886784e-02	1.40526829765827e+02	-1.68864930000000e-02	1
24	29	58	54	1.75289114817960e-02	3.71905202000000e-01	0.00000000000000e+00	0.00000000000000e+00	4.09917414352794e+03	3.37515149895645e-02	1.38353337550118e+02	1.25523640000000e-02	1
24	29	54	59	1.75274507406360e-02	3.71905202000000e-01	0.00000000000000e+00	0.00000000000000e+00	-3.46979846455525e+03	-4.19953953749752e-02	1.45715558390479e+02	-1.56183060000000e-02	1
24	30	56	62	1.75234503826123e-02	3.22966309000000e-01	0.00000000000000e+00	0.00000000000000e+00	-2.92871786508111e+03	-5.82414960193263e-02	1.70572909880851e+02	-1.88100410000000e-02	1
24	30	62	57	1.75223082455003e-02	3.22966309000000e-01	0.00000000000000e+00	0.00000000000000e+00	3.71776604245456e+03	4.82294733720971e-02	1.79305898348249e+02	1.55764950000000e-02	1
24	30	57	63	1.75233617800338e-02	3.22966309000000e-01	0.00000000000000e+00	0.00000000000000e+00	-3.15082377246834e+03	-5.43412904409172e-02	1.71219829747849e+02	-1.75504060000000e-02	1
24	30	63	58	1.75223747860680e-02	3.22966309000000e-01	0.00000000000000e+00	0.00000000000000e+00	3.95148932298445e+03	4.52418428573613e-02	1.78772659003004e+02	1.46115910000000e-02	1
24	30	58	64	1.75237721685767e-02	3.22966309000000e-01	0.00000000000000e+00	0.00000000000000e+00	-3.37938780058605e+03	-4.97912647600651e-02	1.68263992705914e+02	-1.60809010000000e-02	1
24	30	64	59	1.75244717822636e-02	3.22966309000000e-01	0.00000000000000e+00	0.00000000000000e+00	4.15877280051773e+03	3.93033163096898e-02	1.63453562838883e+02	1.26936470000000e-02	1
24	30	59	65	1.75251811945495e-02	3.22966309000000e-01	0.00000000000000e+00	0.00000000000000e+00	-3.66173706179453e+03	-4.33806951671854e-02	1.58848699260093e+02	-1.40105030000000e-02	1
24	30	65	60	1.75270664489256e-02	3.22966309000000e-01	0.00000000000000e+00	0.00000000000000e+00	4.51000828660643e+03	3.27681083292189e-02	1.47784440101195e+02	1.05829950000000e-02	1
24	30	60	66	1.75273304810089e-02	3.22966309000000e-01	0.00000000000000e+00	0.00000000000000e+00	-4.00190314390909e+03	-3.65717837150624e-02	1.46356736227671e+02	-1.18114540000000e-02	1
24	30	66	61	1.75292976539617e-02	3.22966309000000e-01	0.00000000000000e+00	0.00000000000000e+00	5.00258037325454e+03	2.72918560059464e-02	1.36529703205037e+02	8.81435000000000e-03	1
24	30	61	67	1.75291075548693e-02	3.22966309000000e-01	0.00000000000000e+00	0.00000000000000e+00	-4.44573781342293e+03	-3.09108124339991e-02	1.37421367681453e+02	-9.98315100000000e-03	1
24	31	62	69	1.75296886135416e-02	3.62381500000000e-01	0.00000000000000e+00	0.00000000000000e+00	-3.55059276343122e+03	-3.79462803702728e-02	1.34731788481823e+02	-1.37510300000000e-02	1
24	31	69	63	1.75293659024011e-02	3.62381500000000e-01	0.00000000000000e+00	0.00000000000000e+00	4.49757328270587e+03	3.02857541016857e-02	1.36212398494341e+02	1.09749970000000e-02	1
24	31	63	70	1.75315782231591e-02	3.62381500000000e-01	0.00000000000000e+00	0.00000000000000e+00	-3.85859977468296e+03	-3.28278595899625e-02	1.26669571617153e+02	-1.18962090000000e-02	1
24	31	70	64	1.75303893177100e-02	3.62381500000000e-01	0.00000000000000e+00	0.00000000000000e+00	4.83675817324629e+03	2.72135166944229e-02	1.31625199294524e+02	9.86167500000000e-03	1
24	31	64	71	1.75302034918267e-02	3.62381500000000e-01	0.00000000000000e+00	0.00000000000000e+00	-4.18407129438424e+03	-3.16521897503046e-02	1.32435018538652e+02	-1.14701680000000e-02	1
24	31	71	65	1.75298743175244e-02	3.62381500000000e-01	0.00000000000000e+00	0.00000000000000e+00	5.02187222592368e+03	2.66622219953281e-02	1.33894272119750e+02	9.66189600000000e-03	1
24	31	65	72	1.75294062482983e-02	3.62381500000000e-01	0.00000000000000e+00	0.00000000000000e+00	-4.39328357034516e+03	-3.09621517654737e-02	1.36025512653789e+02	-1.12201110000000e-02	1
25	26	27	28	1.75418941415259e-02	9.95187610000000e-02	0.00000000000000e+00	0.00000000000000e+00	-1.83312934453297e+01	-5.20851100628152e+00	9.54787436693762e+01	-5.18344562000000e-01	1
25	26	28	29	1.75367590072836e-02	9.95187610000000e-02	0.00000000000000e+00	0.00000000000000e+00	-7.07444335481601e+01	-1.53816860722372e+00	1.08816866819604e+02	-1.53076634000000e-01	1
25	26	29	30	1.75336198885435e-02	9.95187610000000e-02	0.00000000000000e+00	0.00000000000000e+00	-1.73420213214804e+02	-6.86063012782082e-01	1.18977193955460e+02	-6.82761410000000e-02	1
25	26	30	31	1.75324962164260e-02	9.95187610000000e-02	0.00000000000000e+00	0.00000000000000e+00	-3.34735491414661e+02	-3.67726925378422e-01	1.23091253072948e+02	-3.65957280000000e-02	1
25	26	31	32	1.75317279908422e-02	9.95187610000000e-02	0.00000000000000e+00	0.00000000000000e+00	-5.90853940771409e+02	-2.13371928937098e-01	1.26071645062481e+02	-2.12345100000000e-02	1
25	26	32	33	1.75278262290534e-02	9.95187610000000e-02	0.00000000000000e+00	0.00000000000000e+00	-9.81417759879522e+02	-1.46471025699365e-01	1.43749265929127e+02	-1.45766150000000e-02	1
25	27	33	35	1.75274834680196e-02	3.00528086000000e-01	0.00000000000000e+00	0.00000000000000e+00	-3.53043037722224e+02	-4.12250134917507e-01	1.45542039932673e+02	-1.23892744000000e-01	1
25	27	35	37	1.75302944464132e-02	3.00528086000000e-01	0.00000000000000e+00	0.00000000000000e+00	-6.97851016818303e+02	-1.89205717032384e-01	1.32037402018885e+02	-5.68616320000000e-02	1
25	27	37	39	1.75436165442846e-02	3.00528086000000e-01	0.00000000000000e+00	0.00000000000000e+00	-1.28612831107226e+03	-7.13057314716336e-02	9.17083199873843e+01	-2.14293750000000e-02	1
25	27	39	34	1.75333272147288e-02	3.00528086000000e-01	0.00000000000000e+00	0.00000000000000e+00	2.94108299625057e+02	4.08087875021438e-01	1.20022031020158e+02	1.22641868000000e-01	1
25	27	34	36	1.75305580122184e-02	3.00528086000000e-01	0.00000000000000e+00	0.00000000000000e+00	-4.93413912536944e+02	-2.65291600732452e-01	1.30898566680588e+02	-7.97275770000000e-02	1
25	27	36	38	1.75367070189109e-02	3.00528086000000e-01	0.00000000000000e+00	0.00000000000000e+00	-9.62305851399051e+02	-1.13239449440343e-01	1.08970984805649e+02	-3.40316350000000e-02	1
25	27	38	40	1.75491784523430e-02	3.00528086000000e-01	0.00000000000000e+00	0.00000000000000e+00	-1.66876593603265e+03	-4.87404694681348e-02	8.13364351546629e+01	-1.46478800000000e-02	1
25	28	39	42	1.75547937774609e-02	3.32632284000000e-01	0.00000000000000e+00	0.00000000000000e+00	-9.26673195520279e+02	-7.87774917241647e-02	7.30009899911040e+01	-2.62039370000000e-02	1
25	28	42	45	1.75423478725091e-02	3.32632284000000e-01	0.00000000000000e+00	0.00000000000000e+00	-1.67992368344973e+03	-5.62262140496260e-02	9.44557486126805e+01	-1.87026540000000e-02	1
25	28	45	40	1.75472149505365e-02	3.32632284000000e-01	0.00000000000000e+00	0.00000000000000e+00	8.09061783310416e+02	1.04712557004840e-01	8.47189281053291e+01	3.48307770000000e-02	1
25	28	40	43	1.75509932993431e-02	3.32632284000000e-01	0.00000000000000e+00	0.00000000000000e+00	-1.14231214154450e+03	-6.86692155232894e-02	7.84416786425896e+01	-2.28415980000000e-02	1
25	28	43	46	1.75388995199192e-02	3.32632284000000e-01	0.00000000000000e+00	0.00000000000000e+00	-1.99593358470682e+03	-5.15192656404933e-02	1.02829032551293e+02	-1.71369710000000e-02	1
25	28	46	41	1.75441084494286e-02	3.32632284000000e-01	0.00000000000000e+00	0.00000000000000e+00	9.78391988994941e+02	9.26883843902536e-02	9.06855727603078e+01	3.08311490000000e-02	1
25	28	41	44	1.75470422002218e-02	3.32632284000000e-01	0.00000000000000e+00	0.00000000000000e+00	-1.39574905634926e+03	-6.09207192889311e-02	8.50300364596436e+01	-2.02641980000000e-02	1
25	28	44	47	1.75383054178515e-02	3.32632284000000e-01	0.00000000000000e+00	0.00000000000000e+00	-2.35876672371902e+03	-4.42705374923860e-02	1.04423870678196e+02	-1.47258100000000e-02	1
25	29	45	49	1.75389100175342e-02	4.11812520000000e-01	0.00000000000000e+00	0.00000000000000e+00	-1.52987642856752e+03	-6.71958127936470e-02	1.02801290091436e+02	-2.76720770000000e-02	1
25	29	49	53	1.75360708259611e-02	4.11812520000000e-01	0.00000000000000e+00	0.00000000000000e+00	-2.61473181795432e+03	-4.24108281117825e-02	1.10892941689669e+02	-1.74653100000000e-02	1
25	29	53	46	1.75381938730896e-02	4.11812520000000e-01	0.00000000000000e+00	0.00000000000000e+00	1.19839071226365e+03	8.73912308445600e-02	1.04728839377410e+02	3.59888030000000e-02	1
25	29	46	50	1.75394905310668e-02	4.11812520000000e-01	0.00000000000000e+00	0.00000000000000e+00	-1.75285781224039e+03	-5.77856933538592e-02	1.01290104031040e+02	-2.37968720000000e-02	1
25	29	50	54	1.75335300184261e-02	4.11812520000000e-01	0.00000000000000e+00	0.00000000000000e+00	-3.03619922087936e+03	-3.92912580705414e-02	1.19296087141148e+02	-1.61806320000000e-02	1
25	29	54	47	1.75368869689357e-02	4.11812520000000e-01	0.00000000000000e+00	0.00000000000000e+00	1.36834800291424e+03	7.92483919624396e-02	1.08439378875969e+02	3.26354800000000e-02	1
25	29	47	51	1.75401888529448e-02	4.11812520000000e-01	0.00000000000000e+00	0.00000000000000e+00	-1.98609288148268e+03	-5.01135103906020e-02	9.95300862528828e+01	-2.06373710000000e-02	1
25	29	51	48	1.75415201700201e-02	4.11812520000000e-01	0.00000000000000e+00	0.00000000000000e+00	2.80887256028998e+03	3.42980028873333e-02	9.63387191829770e+01	1.41243470000000e-02	1
25	29	48	52	1.75407356267428e-02	4.11812520000000e-01	0.00000000000000e+00	0.00000000000000e+00	-2.25347556493141e+03	-4.35745324110107e-02	9.81941440415242e+01	-1.79445380000000e-02	1
25	30	51	56	1.75299137703629e-02	3.49467926000000e-01	0.00000000000000e+00	0.00000000000000e+00	-2.22981358931093e+03	-5.99680984743647e-02	1.33717680903275e+02	-2.09569270000000e-02	1
25	30	56	61	1.75234573463507e-02	3.49467926000000e-01	0.00000000000000e+00	0.00000000000000e+00	-3.97602941064864e+03	-4.28875781865029e-02	1.70522272221029e+02	-1.49878330000000e-02	1
25	30	61	52	1.75258295239905e-02	3.49467926000000e-01	0.00000000000000e+00	0.00000000000000e+00	1.71461653775935e+03	9.03184717443855e-02	1.54861545318074e+02	3.15634090000000e-02	1
25	30	52	57	1.75280466901692e-02	3.49467926000000e-01	0.00000000000000e+00	0.00000000000000e+00	-2.53843695451461e+03	-5.61839142857419e-02	1.42619324272209e+02	-1.96344760000000e-02	1
25	30	57	53	1.75278197788080e-02	3.49467926000000e-01	0.00000000000000e+00	0.00000000000000e+00	3.38334765658085e+03	4.24971389219851e-02	1.43782595383089e+02	1.48513870000000e-02	1
25	30	53	58	1.75278386158530e-02	3.49467926000000e-01	0.00000000000000e+00	0.00000000000000e+00	-2.85135064358317e+03	-5.03920150886751e-02	1.43685304654546e+02	-1.76103930000000e-02	1
25	30	58	54	1.75282552510287e-02	3.49467926000000e-01	0.00000000000000e+00	0.00000000000000e+00	3.78521711546719e+03	3.73998642725227e-02	1.41566606360503e+02	1.30700530000000e-02	1
25	30	54	59	1.75268410363024e-02	3.49467926000000e-01	0.00000000000000e+00	0.00000000000000e+00	-3.20843163479004e+03	-4.64480966416357e-02	1.49025542640809e+02	-1.62321200000000e-02	1
25	30	59	55	1.75267157400778e-02	3.49467926000000e-01	0.00000000000000e+00	0.00000000000000e+00	4.27096918070631e+03	3.50563215921567e-02	1.49724469109030e+02	1.22510600000000e-02	1
25	30	55	60	1.75251499478736e-02	3.49467926000000e-01	0.00000000000000e+00	0.00000000000000e+00	-3.59616124836466e+03	-4.42266195267373e-02	1.59046055288221e+02	-1.54557850000000e-02	1
25	31	57	63	1.75229910515526e-02	3.97613708000000e-01	0.00000000000000e+00	0.00000000000000e+00	-2.90082592863973e+03	-5.99762747616337e-02	1.73980732931768e+02	-2.38473890000000e-02	1
25	31	63	58	1.75220140383170e-02	3.97613708000000e-01	0.00000000000000e+00	0.00000000000000e+00	3.64473223020760e+03	4.98533843305020e-02	1.81702236654307e+02	1.98223890000000e-02	1
25	31	58	64	1.75234138000638e-02	3.97613708000000e-01	0.00000000000000e+00	0.00000000000000e+00	-3.12094757023741e+03	-5.47395991689502e-02	1.70839419022105e+02	-2.17652150000000e-02	1
25	31	64	59	1.75240770900090e-02	3.97613708000000e-01	0.00000000000000e+00	0.00000000000000e+00	3.84702217160029e+03	4.31848390901050e-02	1.66133033456625e+02	1.71708840000000e-02	1
25	31	59	65	1.75247821054419e-02	3.97613708000000e-01	0.00000000000000e+00	0.00000000000000e+00	-3.39053888608815e+03	-4.76050538981921e-02	1.61406786416143e+02	-1.89284220000000e-02	1
25	31	65	60	1.75266358191361e-02	3.97613708000000e-01	0.00000000000000e+00	0.00000000000000e+00	4.18233728087311e+03	3.59066493753782e-02	1.50173718313883e+02	1.42769760000000e-02	1
25	31	60	66	1.75268764064022e-02	3.97613708000000e-01	0.00000000000000e+00	0.00000000000000e+00	-3.71440003506236e+03	-4.00682262192027e-02	1.48829420873493e+02	-1.59316760000000e-02	1
25	31	66	61	1.75288089809153e-02	3.97613708000000e-01	0.00000000000000e+00	0.00000000000000e+00	4.65011745426039e+03	2.98585128257198e-02	1.38845591649137e+02	1.18721540000000e-02	1
25	31	61	67	1.75286249201098e-02	3.97613708000000e-01	0.00000000000000e+00	0.00000000000000e+00	-4.13588585739182e+03	-3.37868079739343e-02	1.39738381265808e+02	-1.34340980000000e-02	1
25	31	67	62	1.75312848546441e-02	3.97613708000000e-01	0.00000000000000e+00	0.00000000000000e+00	5.26152266199019e+03	2.43004549531275e-02	1.27857394432552e+02	9.66219400000000e-03	1
25	31	62	68	1.75299796982061e-02	3.97613708000000e-01	0.00000000000000e+00	0.00000000000000e+00	-4.65791705142417e+03	-2.86444827500766e-02	1.33423624630807e+02	-1.13894390000000e-02	1
25	32	63	70	1.75307844415558e-02	4.21126394000000e-01	0.00000000000000e+00	0.00000000000000e+00	-3.59977523933850e+03	-3.60955219539149e-02	1.29935766180702e+02	-1.52007770000000e-02	1
25	32	70	64	1.75295531096503e-02	4.21126394000000e-01	0.00000000000000e+00	0.00000000000000e+00	4.51926935050839e+03	2.99494312864180e-02	1.35349546877866e+02	1.26124960000000e-02	1
25	32	64	71	1.75298535875470e-02	4.21126394000000e-01	0.00000000000000e+00	0.00000000000000e+00	-3.91322445428778e+03	-3.42396017096948e-02	1.33987246715451e+02	-1.44192000000000e-02	1
25	32	71	65	1.75295398747350e-02	4.21126394000000e-01	0.00000000000000e+00	0.00000000000000e+00	4.70255965315454e+03	2.87949964019591e-02	1.35410188292583e+02	1.21263330000000e-02	1
25	32	65	72	1.75290980806468e-02	4.21126394000000e-01	0.00000000000000e+00	0.00000000000000e+00	-4.11745512031445e+03	-3.33861833414317e-02	1.37466111546935e+02	-1.40598030000000e-02	1
26	27	28	29	1.75344158479720e-02	8.98167040000000e-02	0.00000000000000e+00	0.00000000000000e+00	-1.86118493631087e+01	-6.24470587341972e+00	1.16225525033008e+02	-5.60878899000000e-01	1
26	27	29	30	1.75350209490387e-02	8.98167040000000e-02	0.00000000000000e+00	0.00000000000000e+00	-7.37708741581685e+01	-1.54827161103574e+00	1.14217350180382e+02	-1.39060653000000e-01	1
26	27	30	31	1.75317112809015e-02	8.98167040000000e-02	0.00000000000000e+00	0.00000000000000e+00	-1.79625269983125e+02	-7.02229019670996e-01	1.26138077248388e+02	-6.30718960000000e-02	1
26	27	31	32	1.75298695038782e-02	8.98167040000000e-02	0.00000000000000e+00	0.00000000000000e+00	-3.65664843783749e+02	-3.66225663324274e-01	1.33915849969071e+02	-3.28931820000000e-02	1
26	27	32	33	1.75245712184512e-02	8.98167040000000e-02	0.00000000000000e+00	0.00000000000000e+00	-6.67687290142013e+02	-2.43814869893244e-01	1.62792089775348e+02	-2.18986480000000e-02	1
26	27	33	34	1.75234301570861e-02	8.98167040000000e-02	0.00000000000000e+00	0.00000000000000e+00	-1.05168603819108e+03	-1.62329960360158e-01	1.70720152890888e+02	-1.45799420000000e-02	1
26	28	34	36	1.75299773275821e-02	3.30088033000000e-01	0.00000000000000e+00	0.00000000000000e+00	-3.62334324811125e+02	-3.68262587089911e-01	1.33434175846421e+02	-1.21559073000000e-01	1
26	28	36	38	1.75362238163011e-02	3.30088033000000e-01	0.00000000000000e+00	0.00000000000000e+00	-7.63624060356676e+02	-1.44605957284129e-01	1.10424588253070e+02	-4.77326960000000e-02	1
26	28	38	40	1.75511735339530e-02	3.30088033000000e-01	0.00000000000000e+00	0.00000000000000e+00	-1.39157919856969e+03	-5.61702883666794e-02	7.81654048687324e+01	-1.85411400000000e-02	1
26	28	40	35	1.75347532128495e-02	3.30088033000000e-01	0.00000000000000e+00	0.00000000000000e+00	3.18832305068776e+02	3.60996267925896e-01	1.15097272224039e+02	1.19160548000000e-01	1
26	28	35	37	1.75294539021607e-02	3.30088033000000e-01	0.00000000000000e+00	0.00000000000000e+00	-5.35170450518783e+02	-2.53761086818921e-01	1.35805435157018e+02	-8.37634980000000e-02	1
26	28	37	39	1.75445456642047e-02	3.30088033000000e-01	0.00000000000000e+00	0.00000000000000e+00	-1.04861402031118e+03	-8.56325530589593e-02	8.97954957326657e+01	-2.82662810000000e-02	1
26	28	39	41	1.75554195359972e-02	3.30088033000000e-01	0.00000000000000e+00	0.00000000000000e+00	-1.76555096288572e+03	-4.08805610956517e-02	7.21767140057365e+01	-1.34941840000000e-02	1
26	29	40	43	1.75499977488566e-02	3.37082153000000e-01	0.00000000000000e+00	0.00000000000000e+00	-9.62275195368584e+02	-8.31400439049646e-02	8.00036019916024e+01	-2.80250250000000e-02	1
26	29	43	46	1.75396427708017e-02	3.37082153000000e-01	0.00000000000000e+00	0.00000000000000e+00	-1.74763022470664e+03	-5.77359668163743e-02	1.00901120660955e+02	-1.94617640000000e-02	1
26	29	46	41	1.75443136287335e-02	3.37082153000000e-01	0.00000000000000e+00	0.00000000000000e+00	8.43817591527735e+02	1.06972981746678e-01	9.02656838160223e+01	3.60586830000000e-02	1
26	29	41	44	1.75470495068416e-02	3.37082153000000e-01	0.00000000000000e+00	0.00000000000000e+00	-1.19311910487617e+03	-7.12559469145197e-02	8.50168315997557e+01	-2.40191080000000e-02	1
26	29	44	47	1.75387379610134e-02	3.37082153000000e-01	0.00000000000000e+00	0.00000000000000e+00	-2.08585897796154e+03	-4.95037718594375e-02	1.03257886975968e+02	-1.66868380000000e-02	1
26	29	47	42	1.75409276084100e-02	3.37082153000000e-01	0.00000000000000e+00	0.00000000000000e+00	1.02189831171159e+03	9.56392016399634e-02	9.77335386893228e+01	3.22382680000000e-02	1
26	29	42	45	1.75425732448596e-02	3.37082153000000e-01	0.00000000000000e+00	0.00000000000000e+00	-1.45451761178899e+03	-6.45957960283943e-02	9.39557229708290e+01	-2.17740900000000e-02	1
26	29	45	48	1.75375649816813e-02	3.37082153000000e-01	0.00000000000000e+00	0.00000000000000e+00	-2.46159207741795e+03	-4.32574310749700e-02	1.06482149623599e+02	-1.45813080000000e-02	1
26	30	46	50	1.75392301409025e-02	3.25478465000000e-01	0.00000000000000e+00	0.00000000000000e+00	-1.55037451283986e+03	-6.57663142168254e-02	1.01962417365184e+02	-2.14055190000000e-02	1
26	30	50	54	1.75332107793409e-02	3.25478465000000e-01	0.00000000000000e+00	0.00000000000000e+00	-2.75658001891290e+03	-4.36928446249124e-02	1.20442822462499e+02	-1.42210800000000e-02	1
26	30	54	47	1.75366343375853e-02	3.25478465000000e-01	0.00000000000000e+00	0.00000000000000e+00	1.22766287852447e+03	8.89390577653117e-02	1.09187179669417e+02	2.89477480000000e-02	1
26	30	47	51	1.75399085955678e-02	3.25478465000000e-01	0.00000000000000e+00	0.00000000000000e+00	-1.76992385713589e+03	-5.66290092341439e-02	1.00229034449480e+02	-1.84315230000000e-02	1
26	30	51	55	1.75300919908694e-02	3.25478465000000e-01	0.00000000000000e+00	0.00000000000000e+00	-3.19036836356356e+03	-4.16646981544539e-02	1.32925734869395e+02	-1.35609620000000e-02	1
26	30	55	48	1.75354426794714e-02	3.25478465000000e-01	0.00000000000000e+00	0.00000000000000e+00	1.40589609923918e+03	8.02749822480575e-02	1.12858284409039e+02	2.61277780000000e-02	1
26	30	48	52	1.75404109010483e-02	3.25478465000000e-01	0.00000000000000e+00	0.00000000000000e+00	-2.02174669977758e+03	-4.89592452760277e-02	9.89831925604098e+01	-1.59351800000000e-02	1
26	30	52	49	1.75376796039558e-02	3.25478465000000e-01	0.00000000000000e+00	0.00000000000000e+00	2.92153820174433e+03	3.63364162971581e-02	1.06158228326633e+02	1.18267210000000e-02	1
26	30	49	53	1.75355988086308e-02	3.25478465000000e-01	0.00000000000000e+00	0.00000000000000e+00	-2.36043434050209e+03	-4.76028114486776e-02	1.12363310847905e+02	-1.54936900000000e-02	1
26	31	52	57	1.75280035953665e-02	3.64133799000000e-01	0.00000000000000e+00	0.00000000000000e+00	-2.28553756335911e+03	-6.24968076638225e-02	1.42838801505696e+02	-2.27572000000000e-02	1
26	31	57	62	1.75222539319334e-02	3.64133799000000e-01	0.00000000000000e+00	0.00000000000000e+00	-3.98962585132845e+03	-4.50527252483915e-02	1.79743517323781e+02	-1.64052200000000e-02	1
26	31	62	53	1.75250470519181e-02	3.64133799000000e-01	0.00000000000000e+00	0.00000000000000e+00	1.73010255449279e+03	9.23063392970011e-02	1.59699433413619e+02	3.36118580000000e-02	1
26	31	53	58	1.75278980642385e-02	3.64133799000000e-01	0.00000000000000e+00	0.00000000000000e+00	-2.57879869202101e+03	-5.55991919882175e-02	1.43379123576640e+02	-2.02455450000000e-02	1
26	31	58	54	1.75283024155399e-02	3.64133799000000e-01	0.00000000000000e+00	0.00000000000000e+00	3.43214987960901e+03	4.11784735203886e-02	1.41330692935485e+02	1.49944740000000e-02	1
26	31	54	59	1.75268892535570e-02	3.64133799000000e-01	0.00000000000000e+00	0.00000000000000e+00	-2.91352511375800e+03	-5.10578448115990e-02	1.48758313112952e+02	-1.85918870000000e-02	1
26	31	59	55	1.75267371582642e-02	3.64133799000000e-01	0.00000000000000e+00	0.00000000000000e+00	3.88759374935247e+03	3.84825523982738e-02	1.49604530162658e+02	1.40127980000000e-02	1
26	31	55	60	1.75251639350349e-02	3.64133799000000e-01	0.00000000000000e+00	0.00000000000000e+00	-3.27811851165140e+03	-4.84905137850167e-02	1.58957650878151e+02	-1.76570350000000e-02	1
26	31	60	56	1.75240082216818e-02	3.64133799000000e-01	0.00000000000000e+00	0.00000000000000e+00	4.37523800730780e+03	3.80801206536721e-02	1.66609591206813e+02	1.38662590000000e-02	1
26	31	56	61	1.75234951928282e-02	3.64133799000000e-01	0.00000000000000e+00	0.00000000000000e+00	-3.63768619049900e+03	-4.68010661103173e-02	1.70247591890132e+02	-1.70418500000000e-02	1
26	32	58	64	1.75232235581953e-02	3.81218719000000e-01	0.00000000000000e+00	0.00000000000000e+00	-2.86760202770315e+03	-6.00637373213565e-02	1.72238894934151e+02	-2.28974210000000e-02	1
26	32	64	59	1.75238354277366e-02	3.81218719000000e-01	0.00000000000000e+00	0.00000000000000e+00	3.54092030517113e+03	4.73937298970883e-02	1.67817420530396e+02	1.80673770000000e-02	1
26	32	59	65	1.75247077888634e-02	3.81218719000000e-01	0.00000000000000e+00	0.00000000000000e+00	-3.12394893387331e+03	-5.18229562593961e-02	1.61892268956703e+02	-1.97558810000000e-02	1
26	32	65	60	1.75265491853628e-02	3.81218719000000e-01	0.00000000000000e+00	0.00000000000000e+00	3.85973370549606e+03	3.90347542194013e-02	1.50663756546378e+02	1.48807790000000e-02	1
26	32	60	66	1.75267903259834e-02	3.81218719000000e-01	0.00000000000000e+00	0.00000000000000e+00	-3.43104423580522e+03	-4.35166721180866e-02	1.49307627032187e+02	-1.65893700000000e-02	1
26	32	66	61	1.75287140340011e-02	3.81218719000000e-01	0.00000000000000e+00	0.00000000000000e+00	4.30219301492060e+03	3.23799288565366e-02	1.39304703750218e+02	1.23438350000000e-02	1
26	32	61	67	1.75285343298157e-02	3.81218719000000e-01	0.00000000000000e+00	0.00000000000000e+00	-3.82971681857329e+03	-3.66037560710653e-02	1.40182020248313e+02	-1.39540370000000e-02	1
26	32	67	62	1.75311905495481e-02	3.81218719000000e-01	0.00000000000000e+00	0.00000000000000e+00	4.87953502627861e+03	2.62820068916920e-02	1.28243973188907e+02	1.00191930000000e-02	1
26	32	62	68	1.75299090714238e-02	3.81218719000000e-01	0.00000000000000e+00	0.00000000000000e+00	-4.32339866126247e+03	-3.09336934737457e-02	1.33738688952296e+02	-1.17925030000000e-02	1
26	32	68	63	1.75296961234863e-02	3.81218719000000e-01	0.00000000000000e+00	0.00000000000000e+00	5.71997624282526e+03	2.35486495089975e-02	1.34697715742084e+02	8.97718600000000e-03	1
26	32	63	69	1.75299871047999e-02	3.81218719000000e-01	0.00000000000000e+00	0.00000000000000e+00	-4.77421337480494e+03	-2.79398216014676e-02	1.33390669979390e+02	-1.06511830000000e-02	1
26	33	64	71	1.75289006724194e-02	3.15361328000000e-01	0.00000000000000e+00	0.00000000000000e+00	-3.66912446950002e+03	-3.77215560178006e-02	1.38405084212528e+02	-1.18959200000000e-02	1
26	33	71	65	1.75286144013421e-02	3.15361328000000e-01	0.00000000000000e+00	0.00000000000000e+00	4.41484287574643e+03	3.16635843187469e-02	1.39789749650216e+02	9.98547000000000e-03	1
26	33	65	72	1.75281722718670e-02	3.15361328000000e-01	0.00000000000000e+00	0.00000000000000e+00	-3.86892208193913e+03	-3.66984851103874e-02	1.41983579417292e+02	-1.15732830000000e-02	1
27	28	29	30	1.75425083018738e-02	1.22099256000000e-01	0.00000000000000e+00	0.00000000000000e+00	-1.87894572497691e+01	-5.00808855870506e+00	9.40992658768465e+01	-6.11483887000000e-01	1
27	28	30	31	1.75396165084917e-02	1.22099256000000e-01	0.00000000000000e+00	0.00000000000000e+00	-7.34673899767571e+01	-1.37432416459606e+00	1.00968009354859e+02	-1.67803958000000e-01	1
27	28	31	32	1.75352092541477e-02	1.22099256000000e-01	0.00000000000000e+00	0.00000000000000e+00	-1.87596200816223e+02	-6.05590602452156e-01	1.13606496270032e+02	-7.39421620000000e-02	1
27	28	32	33	1.75281089076278e-02	1.22099256000000e-01	0.00000000000000e+00	0.00000000000000e+00	-3.92409953557884e+02	-3.62640252287860e-01	1.42303644558499e+02	-4.42781050000000e-02	1
27	28	33	34	1.75254150083643e-02	1.22099256000000e-01	0.00000000000000e+00	0.00000000000000e+00	-6.77164651994511e+02	-2.32421047676163e-01	1.57387317865828e+02	-2.83784370000000e-02	1
27	28	34	35	1.75332678411531e-02	1.22099256000000e-01	0.00000000000000e+00	0.00000000000000e+00	-1.02226714515829e+03	-1.17617235931397e-01	1.20236235996998e+02	-1.43609770000000e-02	1
27	29	35	37	1.75257014764229e-02	3.36158203000000e-01	0.00000000000000e+00	0.00000000000000e+00	-3.78849678918029e+02	-4.10804314062804e-01	1.55633082480834e+02	-1.38095240000000e-01	1
27	29	37	39	1.75412993150614e-02	3.36158203000000e-01	0.00000000000000e+00	0.00000000000000e+00	-7.98942001295669e+02	-1.21227706586711e-01	9.68539065128709e+01	-4.07516880000000e-02	1
27	29	39	41	1.75536083507755e-02	3.36158203000000e-01	0.00000000000000e+00	0.00000000000000e+00	-1.41072927367130e+03	-5.28912543002855e-02	7.46152407626059e+01	-1.77798290000000e-02	1
27	29	41	36	1.75381811623252e-02	3.36158203000000e-01	0.00000000000000e+00	0.00000000000000e+00	3.32693257626321e+02	3.14895784351870e-01	1.04763704308819e+02	1.05854801000000e-01	1
27	29	36	38	1.75331230699120e-02	3.36158203000000e-01	0.00000000000000e+00	0.00000000000000e+00	-5.63486508806110e+02	-2.14311703112002e-01	1.20761753382873e+02	-7.20426370000000e-02	1
27	29	38	40	1.75482291987540e-02	3.36158203000000e-01	0.00000000000000e+00	0.00000000000000e+00	-1.08823834692339e+03	-7.62124492913237e-02	8.29373098317730e+01	-2.56194400000000e-02	1
27	29	40	42	1.75530290558912e-02	3.36158203000000e-01	0.00000000000000e+00	0.00000000000000e+00	-1.78966455345064e+03	-4.21477562455913e-02	7.54303453602126e+01	-1.41683140000000e-02	1
27	30	41	44	1.75458381921976e-02	3.32717021000000e-01	0.00000000000000e+00	0.00000000000000e+00	-9.72364380014345e+02	-8.97435962556301e-02	8.72634763333635e+01	-2.98592220000000e-02	1
27	30	44	47	1.75385239896401e-02	3.32717021000000e-01	0.00000000000000e+00	0.00000000000000e+00	-1.76497693608158e+03	-5.88287606722711e-02	1.03831405764822e+02	-1.95733300000000e-02	1
27	30	47	42	1.75404273796295e-02	3.32717021000000e-01	0.00000000000000e+00	0.00000000000000e+00	8.52084666344070e+02	1.16118561905494e-01	9.89428460775960e+01	3.86346220000000e-02	1
27	30	42	45	1.75418054724292e-02	3.32717021000000e-01	0.00000000000000e+00	0.00000000000000e+00	-1.20245053011698e+03	-7.95718833993768e-02	9.56812533759868e+01	-2.64749200000000e-02	1
27	30	45	48	1.75375482561155e-02	3.32717021000000e-01	0.00000000000000e+00	0.00000000000000e+00	-2.10327460802808e+03	-5.06493925358871e-02	1.06529581232778e+02	-1.68519150000000e-02	1
27	30	48	43	1.75385740184173e-02	3.32717021000000e-01	0.00000000000000e+00	0.00000000000000e+00	1.02887030642925e+03	1.00786989794550e-01	1.03696741074000e+02	3.35335470000000e-02	1
27	30	43	46	1.75387420612199e-02	3.32717021000000e-01	0.00000000000000e+00	0.00000000000000e+00	-1.46281637595621e+03	-7.05809427164834e-02	1.03246958836099e+02	-2.34834810000000e-02	1
27	30	46	49	1.75409222443855e-02	3.32717021000000e-01	0.00000000000000e+00	0.00000000000000e+00	-2.44137485043469e+03	-4.00374196666061e-02	9.77463494503513e+01	-1.33211310000000e-02	1
27	31	47	51	1.75404968924467e-02	3.71957397000000e-01	0.00000000000000e+00	0.00000000000000e+00	-1.51220470479600e+03	-6.53172223376969e-02	9.87730109232717e+01	-2.42952240000000e-02	1
27	31	51	55	1.75307027819237e-02	3.71957397000000e-01	0.00000000000000e+00	0.00000000000000e+00	-2.79694206013200e+03	-4.65799259263017e-02	1.30281353981106e+02	-1.73257480000000e-02	1
27	31	55	48	1.75360994325185e-02	3.71957397000000e-01	0.00000000000000e+00	0.00000000000000e+00	1.21792195335126e+03	9.09787902403242e-02	1.10805065923030e+02	3.38402340000000e-02	1
27	31	48	52	1.75411447534877e-02	3.71957397000000e-01	0.00000000000000e+00	0.00000000000000e+00	-1.74003987909227e+03	-5.58709846009596e-02	9.72177412898198e+01	-2.07816260000000e-02	1
27	31	52	56	1.75284002546454e-02	3.71957397000000e-01	0.00000000000000e+00	0.00000000000000e+00	-3.22018584055479e+03	-4.37377886048600e-02	1.40843807562549e+02	-1.62685940000000e-02	1
27	31	56	49	1.75332242521424e-02	3.71957397000000e-01	0.00000000000000e+00	0.00000000000000e+00	1.41532928956467e+03	8.50642903063439e-02	1.20393981566600e+02	3.16402920000000e-02	1
27	31	49	53	1.75362098437328e-02	3.71957397000000e-01	0.00000000000000e+00	0.00000000000000e+00	-2.04520840016141e+03	-5.40126857592780e-02	1.10467198630154e+02	-2.00904180000000e-02	1
27	31	53	50	1.75358716365349e-02	3.71957397000000e-01	0.00000000000000e+00	0.00000000000000e+00	2.98549947966430e+03	3.73501027592147e-02	1.11508712353044e+02	1.38926470000000e-02	1
27	31	50	54	1.75337412687078e-02	3.71957397000000e-01	0.00000000000000e+00	0.00000000000000e+00	-2.40316135907368e+03	-4.93305151288603e-02	1.18549187780877e+02	-1.83488500000000e-02	1
27	32	53	58	1.75280711468504e-02	3.54626088000000e-01	0.00000000000000e+00	0.00000000000000e+00	-2.28595873260538e+03	-6.23349261321124e-02	1.42495068738014e+02	-2.21055910000000e-02	1
27	32	58	63	1.75223730783861e-02	3.54626088000000e-01	0.00000000000000e+00	0.00000000000000e+00	-3.84847204325464e+03	-4.64564383655835e-02	1.78786304279131e+02	-1.64746650000000e-02	1
27	32	63	54	1.75253848063521e-02	3.54626088000000e-01	0.00000000000000e+00	0.00000000000000e+00	1.70166778170037e+03	9.26000796647538e-02	1.57574572148399e+02	3.28384040000000e-02	1
27	32	54	59	1.75271597967744e-02	3.54626088000000e-01	0.00000000000000e+00	0.00000000000000e+00	-2.59350794548267e+03	-5.67866033589723e-02	1.47276507008468e+02	-2.01380110000000e-02	1
27	32	59	55	1.75270083648967e-02	3.54626088000000e-01	0.00000000000000e+00	0.00000000000000e+00	3.46909162342185e+03	4.26919437466766e-02	1.48102264439193e+02	1.51396770000000e-02	1
27	32	55	60	1.75254227777916e-02	3.54626088000000e-01	0.00000000000000e+00	0.00000000000000e+00	-2.92956084814466e+03	-5.37074418506966e-02	1.57339218899807e+02	-1.90460600000000e-02	1
27	32	60	56	1.75242485928710e-02	3.54626088000000e-01	0.00000000000000e+00	0.00000000000000e+00	3.91891467718409e+03	4.20927830893253e-02	1.64958025452283e+02	1.49271990000000e-02	1
27	32	56	61	1.75237199927351e-02	3.54626088000000e-01	0.00000000000000e+00	0.00000000000000e+00	-3.26313808604494e+03	-5.16785104653665e-02	1.68634115729610e+02	-1.83265480000000e-02	1
27	32	61	57	1.75223477800124e-02	3.54626088000000e-01	0.00000000000000e+00	0.00000000000000e+00	4.35413105709859e+03	4.11077878737449e-02	1.78988695869693e+02	1.45778940000000e-02	1
27	32	57	62	1.75222843133636e-02	3.54626088000000e-01	0.00000000000000e+00	0.00000000000000e+00	-3.59165302174797e+03	-4.99765601001131e-02	1.79498463100140e+02	-1.77229920000000e-02	1
27	33	59	65	1.75239382744906e-02	3.20305298000000e-01	0.00000000000000e+00	0.00000000000000e+00	-2.85375526982523e+03	-5.85531713559106e-02	1.67096421321910e+02	-1.87548910000000e-02	1
27	33	65	60	1.75257294330024e-02	3.20305298000000e-01	0.00000000000000e+00	0.00000000000000e+00	3.53166296560915e+03	4.40200492718669e-02	1.55463977757742e+02	1.40998550000000e-02	1
27	33	60	66	1.75259283747064e-02	3.20305298000000e-01	0.00000000000000e+00	0.00000000000000e+00	-3.14227879910384e+03	-4.90953071903294e-02	1.54271142919662e+02	-1.57254870000000e-02	1
27	33	66	61	1.75277826337936e-02	3.20305298000000e-01	0.00000000000000e+00	0.00000000000000e+00	3.94639587993621e+03	3.64826122857325e-02	1.43974830813725e+02	1.16855740000000e-02	1
27	33	61	67	1.75276024889832e-02	3.20305298000000e-01	0.00000000000000e+00	0.00000000000000e+00	-3.51597952854393e+03	-4.12159589068052e-02	1.44914467765635e+02	-1.32016900000000e-02	1
27	33	67	62	1.75301759386455e-02	3.20305298000000e-01	0.00000000000000e+00	0.00000000000000e+00	4.48672153073112e+03	2.95440539356923e-02	1.32555942898352e+02	9.46311700000000e-03	1
27	33	62	68	1.75289681421910e-02	3.20305298000000e-01	0.00000000000000e+00	0.00000000000000e+00	-3.97867839443058e+03	-3.47056763325844e-02	1.38082724588554e+02	-1.11164120000000e-02	1
27	33	68	63	1.75287656190950e-02	3.20305298000000e-01	0.00000000000000e+00	0.00000000000000e+00	5.27241631172715e+03	2.63740345624879e-02	1.39054890033317e+02	8.44774300000000e-03	1
27	33	63	69	1.75290448283730e-02	3.20305298000000e-01	0.00000000000000e+00	0.00000000000000e+00	-4.40576838160420e+03	-3.12585994128639e-02	1.37718148946427e+02	-1.00122950000000e-02	1
27	33	69	64	1.75274608325590e-02	3.20305298000000e-01	0.00000000000000e+00	0.00000000000000e+00	5.78616134260008e+03	2.51742042680793e-02	1.45662007566678e+02	8.06343100000000e-03	1
27	33	64	70	1.75291305870431e-02	3.20305298000000e-01	0.00000000000000e+00	0.00000000000000e+00	-4.76873858546354e+03	-2.87943473229718e-02	1.37312715122295e+02	-9.22298200000000e-03	1
27	34	65	72	1.75266934626322e-02	3.54595306000000e-01	0.00000000000000e+00	0.00000000000000e+00	-3.57142296875019e+03	-4.19579045414662e-02	1.49849424000020e+02	-1.48780760000000e-02	1
28	29	30	31	1.75359091707449e-02	8.30188400000000e-02	0.00000000000000e+00	0.00000000000000e+00	-1.87041433065887e+01	-5.95548032229793e+00	1.11392157407830e+02	-4.94417068000000e-01	1
28	29	31	32	1.75330452847825e-02	8.30188400000000e-02	0.00000000000000e+00	0.00000000000000e+00	-7.63416349610294e+01	-1.58558320015071e+00	1.21046013866247e+02	-1.31633278000000e-01	1
28	29	32	33	1.75243015886145e-02	8.30188400000000e-02	0.00000000000000e+00	0.00000000000000e+00	-1.98581438557666e+02	-8.28870482892799e-01	1.64598292870840e+02	-6.88118660000000e-02	1
28	29	33	34	1.75210710270590e-02	8.30188400000000e-02	0.00000000000000e+00	0.00000000000000e+00	-3.91144299090120e+02	-4.85330161201963e-01	1.89834125730637e+02	-4.02915470000000e-02	1
28	29	34	35	1.75254050587541e-02	8.30188400000000e-02	0.00000000000000e+00	0.00000000000000e+00	-6.46948157423223e+02	-2.43371829815979e-01	1.57448956868166e+02	-2.02044470000000e-02	1
28	29	35	36	1.75214793596060e-02	8.30188400000000e-02	0.00000000000000e+00	0.00000000000000e+00	-1.05106229045183e+03	-1.77178168232657e-01	1.86225291320676e+02	-1.47091260000000e-02	1
28	30	36	38	1.75266535148871e-02	2.92831024000000e-01	0.00000000000000e+00	0.00000000000000e+00	-3.92197510335412e+02	-3.82649076827324e-01	1.50074015263820e+02	-1.12051521000000e-01	1
28	30	38	40	1.75408140719718e-02	2.92831024000000e-01	0.00000000000000e+00	0.00000000000000e+00	-8.13645277319389e+02	-1.20452261233086e-01	9.80054134947415e+01	-3.52721590000000e-02	1
28	30	40	42	1.75469144128018e-02	2.92831024000000e-01	0.00000000000000e+00	0.00000000000000e+00	-1.40219203801902e+03	-6.08059684277169e-02	8.52616447933807e+01	-1.78058740000000e-02	1
28	30	42	37	1.75385742093516e-02	2.92831024000000e-01	0.00000000000000e+00	0.00000000000000e+00	3.37457855466812e+02	3.07286454047301e-01	1.03696227796803e+02	8.99830070000000e-02	1
28	30	37	39	1.75341020725959e-02	2.92831024000000e-01	0.00000000000000e+00	0.00000000000000e+00	-5.78748685108488e+02	-2.02669874896862e-01	1.17294923607661e+02	-5.93480270000000e-02	1
28	30	39	41	1.75465192165134e-02	2.92831024000000e-01	0.00000000000000e+00	0.00000000000000e+00	-1.08209929869607e+03	-7.94621815754058e-02	8.59859709556063e+01	-2.32689920000000e-02	1
28	30	41	43	1.75467271015744e-02	2.92831024000000e-01	0.00000000000000e+00	0.00000000000000e+00	-1.79423982918357e+03	-4.77101360680964e-02	8.56034263891463e+01	-1.39710080000000e-02	1
28	31	42	45	1.75401251063354e-02	3.39215658000000e-01	0.00000000000000e+00	0.00000000000000e+00	-9.55350588682296e+02	-1.04347252743858e-01	9.96882093362248e+01	-3.53962220000000e-02	1
28	31	45	48	1.75368751231446e-02	3.39215658000000e-01	0.00000000000000e+00	0.00000000000000e+00	-1.73537449264978e+03	-6.25076687939918e-02	1.08474214020094e+02	-2.12035800000000e-02	1
28	31	48	43	1.75374726171891e-02	3.39215658000000e-01	0.00000000000000e+00	0.00000000000000e+00	8.36424346189073e+02	1.27620164279091e-01	1.06744612467681e+02	4.32907580000000e-02	1
28	31	43	46	1.75375543362460e-02	3.39215658000000e-01	0.00000000000000e+00	0.00000000000000e+00	-1.17898705771973e+03	-9.03422418077175e-02	1.06512333856685e+02	-3.06455030000000e-02	1
28	31	46	49	1.75399033756406e-02	3.39215658000000e-01	0.00000000000000e+00	0.00000000000000e+00	-2.03464280780166e+03	-4.92676874013876e-02	1.00242145828254e+02	-1.67123710000000e-02	1
28	31	49	44	1.75386451892502e-02	3.39215658000000e-01	0.00000000000000e+00	0.00000000000000e+00	1.00157759275290e+03	1.03342735434695e-01	1.03505768185182e+02	3.50554740000000e-02	1
28	31	44	47	1.75375007912574e-02	3.39215658000000e-01	0.00000000000000e+00	0.00000000000000e+00	-1.44028039176234e+03	-7.40580907972120e-02	1.06664416026579e+02	-2.51216640000000e-02	1
28	31	47	50	1.75398192195238e-02	3.39215658000000e-01	0.00000000000000e+00	0.00000000000000e+00	-2.33684216664002e+03	-4.29870722536045e-02	1.00454003062624e+02	-1.45818880000000e-02	1
28	32	48	52	1.75403796912380e-02	3.48912496000000e-01	0.00000000000000e+00	0.00000000000000e+00	-1.48133552428310e+03	-6.68718841184754e-02	9.90596975204403e+01	-2.33324360000000e-02	1
28	32	52	56	1.75280853242507e-02	3.48912496000000e-01	0.00000000000000e+00	0.00000000000000e+00	-2.81152086794981e+03	-5.06569733174590e-02	1.42423137589213e+02	-1.76748510000000e-02	1
28	32	56	49	1.75327182642456e-02	3.48912496000000e-01	0.00000000000000e+00	0.00000000000000e+00	1.22146130831506e+03	1.00089846022597e-01	1.22255874271814e+02	3.49225980000000e-02	1
28	32	49	53	1.75357120734434e-02	3.48912496000000e-01	0.00000000000000e+00	0.00000000000000e+00	-1.75379057531754e+03	-6.38656289340809e-02	1.12006938111318e+02	-2.22835160000000e-02	1
28	32	53	57	1.75276596241816e-02	3.48912496000000e-01	0.00000000000000e+00	0.00000000000000e+00	-3.19121200389728e+03	-4.53166773367727e-02	1.44615124693849e+02	-1.58115550000000e-02	1
28	32	57	50	1.75314330047396e-02	3.48912496000000e-01	0.00000000000000e+00	0.00000000000000e+00	1.42382699086944e+03	8.93751681510427e-02	1.27254776726949e+02	3.11841130000000e-02	1
28	32	50	54	1.75332045018495e-02	3.48912496000000e-01	0.00000000000000e+00	0.00000000000000e+00	-2.07437448036820e+03	-5.80732138639139e-02	1.20465592832267e+02	-2.02624700000000e-02	1
28	32	54	51	1.75308426773389e-02	3.48912496000000e-01	0.00000000000000e+00	0.00000000000000e+00	3.03722402818260e+03	4.27003164713252e-02	1.29690427197710e+02	1.48986740000000e-02	1
28	32	51	55	1.75300161845109e-02	3.48912496000000e-01	0.00000000000000e+00	0.00000000000000e+00	-2.42876100449151e+03	-5.48680750029658e-02	1.33261440958719e+02	-1.91441570000000e-02	1
28	33	54	59	1.75256319022957e-02	3.07103821000000e-01	0.00000000000000e+00	0.00000000000000e+00	-2.31156271590353e+03	-6.75108337385356e-02	1.56055526189561e+02	-2.07328350000000e-02	1
28	33	59	64	1.75227992529749e-02	3.07103821000000e-01	0.00000000000000e+00	0.00000000000000e+00	-3.70317517564575e+03	-4.73767338765870e-02	1.75444344794952e+02	-1.45495760000000e-02	1
28	33	64	55	1.75241858442520e-02	3.07103821000000e-01	0.00000000000000e+00	0.00000000000000e+00	1.68740037781273e+03	9.80123037935109e-02	1.65385998451467e+02	3.00999530000000e-02	1
28	33	55	60	1.75240067096021e-02	3.07103821000000e-01	0.00000000000000e+00	0.00000000000000e+00	-2.62179500265056e+03	-6.35519119770249e-02	1.66620085230252e+02	-1.95170350000000e-02	1
28	33	60	56	1.75228870606616e-02	3.07103821000000e-01	0.00000000000000e+00	0.00000000000000e+00	3.51553375954417e+03	4.97139988368950e-02	1.74771241233044e+02	1.52673590000000e-02	1
28	33	56	61	1.75223823323777e-02	3.07103821000000e-01	0.00000000000000e+00	0.00000000000000e+00	-2.93173272851341e+03	-6.09579390417288e-02	1.78712384951362e+02	-1.87204160000000e-02	1
28	33	61	57	1.75210713881002e-02	3.07103821000000e-01	0.00000000000000e+00	0.00000000000000e+00	3.92056080443895e+03	4.84193161504168e-02	1.89830873077062e+02	1.48697570000000e-02	1
28	33	57	62	1.75210015570005e-02	3.07103821000000e-01	0.00000000000000e+00	0.00000000000000e+00	-3.23882990115288e+03	-5.88058264504628e-02	1.90462069069766e+02	-1.80594940000000e-02	1
28	33	62	58	1.75196651390755e-02	3.07103821000000e-01	0.00000000000000e+00	0.00000000000000e+00	4.28471561485524e+03	4.74723757995834e-02	2.03405629862751e+02	1.45789480000000e-02	1
28	33	58	63	1.75209178803004e-02	3.07103821000000e-01	0.00000000000000e+00	0.00000000000000e+00	-3.48272616402491e+03	-5.49064024833478e-02	1.91223964501238e+02	-1.68619660000000e-02	1
28	34	60	66	1.75242549123249e-02	3.50439921000000e-01	0.00000000000000e+00	0.00000000000000e+00	-2.84604872327706e+03	-5.79452647462502e-02	1.64915046751016e+02	-2.03063340000000e-02	1
28	34	66	61	1.75259242794035e-02	3.50439921000000e-01	0.00000000000000e+00	0.00000000000000e+00	3.58047961541757e+03	4.30935321435596e-02	1.54295513396357e+02	1.51016940000000e-02	1
28	34	61	67	1.75259788629628e-02	3.50439921000000e-01	0.00000000000000e+00	0.00000000000000e+00	-3.19283659362844e+03	-4.82239921518530e-02	1.53971326833287e+02	-1.68996120000000e-02	1
28	34	67	62	1.75283951036923e-02	3.50439921000000e-01	0.00000000000000e+00	0.00000000000000e+00	4.08110166127363e+03	3.45174829553737e-02	1.40869357032160e+02	1.20963040000000e-02	1
28	34	62	68	1.75272729296142e-02	3.50439921000000e-01	0.00000000000000e+00	0.00000000000000e+00	-3.62217923920232e+03	-4.04909776246639e-02	1.46665578527063e+02	-1.41896550000000e-02	1
28	34	68	63	1.75270859831502e-02	3.50439921000000e-01	0.00000000000000e+00	0.00000000000000e+00	4.80827888221863e+03	3.07132474213747e-02	1.47677858980552e+02	1.07631480000000e-02	1
28	34	63	69	1.75273500176360e-02	3.50439921000000e-01	0.00000000000000e+00	0.00000000000000e+00	-4.02284216258087e+03	-3.63554385118127e-02	1.46252190884436e+02	-1.27403970000000e-02	1
28	34	69	64	1.75258546526833e-02	3.50439921000000e-01	0.00000000000000e+00	0.00000000000000e+00	5.29203675533906e+03	2.92346858507596e-02	1.54711032053010e+02	1.02450010000000e-02	1
28	34	64	70	1.75274253088861e-02	3.50439921000000e-01	0.00000000000000e+00	0.00000000000000e+00	-4.36669523973281e+03	-3.34007009435435e-02	1.45850681813910e+02	-1.17049390000000e-02	1
28	34	70	65	1.75271433872058e-02	3.50439921000000e-01	0.00000000000000e+00	0.00000000000000e+00	5.43359353899204e+03	2.71211937637664e-02	1.47365543204552e+02	9.50434900000000e-03	1
28	34	65	71	1.75270178339292e-02	3.50439921000000e-01	0.00000000000000e+00	0.00000000000000e+00	-4.56893739790585e+03	-3.24036741236453e-02	1.48050358533077e+02	-1.13555410000000e-02	1
29	30	31	32	1.75300804043268e-02	8.85606440000000e-02	0.00000000000000e+00	0.00000000000000e+00	-1.93729148968519e+01	-6.86406442572843e+00	1.32976935966146e+02	-6.07885966000000e-01	1
29	30	32	33	1.75232364841195e-02	8.85606440000000e-02	0.00000000000000e+00	0.00000000000000e+00	-7.95994879064009e+01	-2.16261545026705e+00	1.72143082379728e+02	-1.91522617000000e-01	1
29	30	33	34	1.75188644803125e-02	8.85606440000000e-02	0.00000000000000e+00	0.00000000000000e+00	-1.94652994730622e+02	-1.08931643496179e+00	2.12038706274596e+02	-9.64705650000000e-02	1
29	30	34	35	1.75220788161532e-02	8.85606440000000e-02	0.00000000000000e+00	0.00000000000000e+00	-3.68756194511895e+02	-4.91297872675813e-01	1.81169133899722e+02	-4.35096560000000e-02	1
29	30	35	36	1.75179843792827e-02	8.85606440000000e-02	0.00000000000000e+00	0.00000000000000e+00	-6.56807833592593e+02	-3.38630611132412e-01	2.22415238086015e+02	-2.99893450000000e-02	1
29	30	36	37	1.75217232286278e-02	8.85606440000000e-02	0.00000000000000e+00	0.00000000000000e+00	-1.09037214977063e+03	-1.68873252547712e-01	1.84134691419207e+02	-1.49555240000000e-02	1
29	31	37	39	1.75317775060497e-02	2.52094284000000e-01	0.00000000000000e+00	0.00000000000000e+00	-3.92319605361177e+02	-3.20848615512441e-01	1.25875202218521e+02	-8.08841020000000e-02	1
29	31	39	41	1.75450549555041e-02	2.52094284000000e-01	0.00000000000000e+00	0.00000000000000e+00	-7.88417620812219e+02	-1.12605889152171e-01	8.87804672147993e+01	-2.83873010000000e-02	1
29	31	41	43	1.75459836199917e-02	2.52094284000000e-01	0.00000000000000e+00	0.00000000000000e+00	-1.37076057626025e+03	-6.34592928731379e-02	8.69874968678507e+01	-1.59977250000000e-02	1
29	31	43	38	1.75410257879435e-02	2.52094284000000e-01	0.00000000000000e+00	0.00000000000000e+00	3.31819602162111e+02	2.93833306430700e-01	9.74996508418128e+01	7.40736970000000e-02	1
29	31	38	40	1.75385017401195e-02	2.52094284000000e-01	0.00000000000000e+00	0.00000000000000e+00	-5.74285558933248e+02	-1.80905486139464e-01	1.03891408221693e+02	-4.56052390000000e-02	1
29	31	40	42	1.75458300753525e-02	2.52094284000000e-01	0.00000000000000e+00	0.00000000000000e+00	-1.04834128065027e+03	-8.32543113115568e-02	8.72789313400139e+01	-2.09879360000000e-02	1
29	31	42	44	1.75402131725544e-02	2.52094284000000e-01	0.00000000000000e+00	0.00000000000000e+00	-1.75078476570586e+03	-5.68144615290048e-02	9.94698937167632e+01	-1.43226010000000e-02	1
29	32	43	46	1.75375457471242e-02	3.38228424000000e-01	0.00000000000000e+00	0.00000000000000e+00	-9.39834340819259e+02	-1.13356892204896e-01	1.06536700062709e+02	-3.83405230000000e-02	1
29	32	46	49	1.75404740200667e-02	3.38228424000000e-01	0.00000000000000e+00	0.00000000000000e+00	-1.68402253429507e+03	-5.86861676651989e-02	9.88288287996139e+01	-1.98493300000000e-02	1
29	32	49	44	1.75389421664446e-02	3.38228424000000e-01	0.00000000000000e+00	0.00000000000000e+00	8.16896873148382e+02	1.25739766330224e-01	1.02716421945568e+02	4.25287630000000e-02	1
29	32	44	47	1.75377861609883e-02	3.38228424000000e-01	0.00000000000000e+00	0.00000000000000e+00	-1.16437081922854e+03	-9.09150763745391e-02	1.05858861958448e+02	-3.07500630000000e-02	1
29	32	47	50	1.75402233401514e-02	3.38228424000000e-01	0.00000000000000e+00	0.00000000000000e+00	-1.95307124338533e+03	-5.09171133411307e-02	9.94447498627539e+01	-1.72216150000000e-02	1
29	32	50	45	1.75384524180076e-02	3.38228424000000e-01	0.00000000000000e+00	0.00000000000000e+00	9.77551833728796e+02	1.06413454476552e-01	1.04024667556969e+02	3.59920550000000e-02	1
29	32	45	48	1.75369919750734e-02	3.38228424000000e-01	0.00000000000000e+00	0.00000000000000e+00	-1.42039247431654e+03	-7.61279454147828e-02	1.08131560752338e+02	-2.57486350000000e-02	1
29	32	48	51	1.75414789849912e-02	3.38228424000000e-01	0.00000000000000e+00	0.00000000000000e+00	-2.26103901880192e+03	-4.26504692580184e-02	9.64343751625912e+01	-1.44256010000000e-02	1
29	33	49	53	1.75343931098763e-02	3.04966451000000e-01	0.00000000000000e+00	0.00000000000000e+00	-1.51229295472919e+03	-7.69046527022738e-02	1.16302364467544e+02	-2.34533390000000e-02	1
29	33	53	57	1.75263159350619e-02	3.04966451000000e-01	0.00000000000000e+00	0.00000000000000e+00	-2.81987923985652e+03	-5.39027192863257e-02	1.51999159087324e+02	-1.64385210000000e-02	1
29	33	57	50	1.75301538351895e-02	3.04966451000000e-01	0.00000000000000e+00	0.00000000000000e+00	1.24430736234274e+03	1.06607992103367e-01	1.32653109458797e+02	3.25118610000000e-02	1
29	33	50	54	1.75319203263998e-02	3.04966451000000e-01	0.00000000000000e+00	0.00000000000000e+00	-1.80147070922041e+03	-6.95609432789707e-02	1.25312001822808e+02	-2.12137540000000e-02	1
29	33	54	58	1.75267148057825e-02	3.04966451000000e-01	0.00000000000000e+00	0.00000000000000e+00	-3.20241968214333e+03	-4.67551789819661e-02	1.49729705413982e+02	-1.42587610000000e-02	1
29	33	58	51	1.75282172617711e-02	3.04966451000000e-01	0.00000000000000e+00	0.00000000000000e+00	1.44956533241888e+03	9.77929011607903e-02	1.41757199279348e+02	2.98235540000000e-02	1
29	33	51	55	1.75287672047465e-02	3.04966451000000e-01	0.00000000000000e+00	0.00000000000000e+00	-2.12277854399679e+03	-6.55024640726792e-02	1.39047225312404e+02	-1.99760540000000e-02	1
29	33	55	52	1.75263441735636e-02	3.04966451000000e-01	0.00000000000000e+00	0.00000000000000e+00	3.10211513728397e+03	4.89460330834883e-02	1.51836230138291e+02	1.49268980000000e-02	1
29	33	52	56	1.75266284566677e-02	3.04966451000000e-01	0.00000000000000e+00	0.00000000000000e+00	-2.47158129432839e+03	-6.07769770714878e-02	1.50215239655715e+02	-1.85349390000000e-02	1
29	34	55	60	1.75228706511524e-02	3.21141571000000e-01	0.00000000000000e+00	0.00000000000000e+00	-2.32375762333204e+03	-7.52645785618331e-02	1.74896638199933e+02	-2.41705850000000e-02	1
29	34	60	65	1.75238186644575e-02	3.21141571000000e-01	0.00000000000000e+00	0.00000000000000e+00	-3.65768493845828e+03	-4.59130655495236e-02	1.67935528338941e+02	-1.47445940000000e-02	1
29	34	65	56	1.75226695983275e-02	3.21141571000000e-01	0.00000000000000e+00	0.00000000000000e+00	1.68493440502995e+03	1.04720852225014e-01	1.76447766837984e+02	3.36302190000000e-02	1
29	34	56	61	1.75212937306145e-02	3.21141571000000e-01	0.00000000000000e+00	0.00000000000000e+00	-2.60956661121809e+03	-7.19846419384926e-02	1.87848718123180e+02	-2.31172610000000e-02	1
29	34	61	57	1.75200265730296e-02	3.21141571000000e-01	0.00000000000000e+00	0.00000000000000e+00	3.49819050104748e+03	5.70965538435384e-02	1.99734622298012e+02	1.83360770000000e-02	1
29	34	57	62	1.75199476968617e-02	3.21141571000000e-01	0.00000000000000e+00	0.00000000000000e+00	-2.89455835475416e+03	-6.92763379425581e-02	2.00524402778404e+02	-2.22475120000000e-02	1
29	34	62	58	1.75186607329291e-02	3.21141571000000e-01	0.00000000000000e+00	0.00000000000000e+00	3.83777461752280e+03	5.58536845421361e-02	2.14353852830935e+02	1.79369400000000e-02	1
29	34	58	63	1.75198383285842e-02	3.21141571000000e-01	0.00000000000000e+00	0.00000000000000e+00	-3.12453037252722e+03	-6.45312624443753e-02	2.01629889484976e+02	-2.07236710000000e-02	1
29	34	63	59	1.75201097956843e-02	3.21141571000000e-01	0.00000000000000e+00	0.00000000000000e+00	4.03268335004414e+03	4.93239911316246e-02	1.98908037794228e+02	1.58399840000000e-02	1
29	34	59	64	1.75215625668119e-02	3.21141571000000e-01	0.00000000000000e+00	0.00000000000000e+00	-3.33352249896829e+03	-5.56488434192782e-02	1.85506671579727e+02	-1.78711570000000e-02	1
29	35	61	67	1.75262125935399e-02	2.51176193000000e-01	0.00000000000000e+00	0.00000000000000e+00	-2.84396209494754e+03	-5.36569761609533e-02	1.52598406331255e+02	-1.34773550000000e-02	1
29	35	67	62	1.75288889695975e-02	2.51176193000000e-01	0.00000000000000e+00	0.00000000000000e+00	3.64188734658042e+03	3.80190649676739e-02	1.38461151634590e+02	9.54948400000000e-03	1
29	35	62	68	1.75270716289185e-02	2.51176193000000e-01	0.00000000000000e+00	0.00000000000000e+00	-3.23548717646338e+03	-4.56673614764119e-02	1.47756162439848e+02	-1.14705540000000e-02	1
29	35	68	63	1.75268981053335e-02	2.51176193000000e-01	0.00000000000000e+00	0.00000000000000e+00	4.30321551614393e+03	3.45577297606386e-02	1.48709358908689e+02	8.68007900000000e-03	1
29	35	63	69	1.75271295990533e-02	2.51176193000000e-01	0.00000000000000e+00	0.00000000000000e+00	-3.60511733961256e+03	-4.08975423877055e-02	1.47440439209457e+02	-1.02724890000000e-02	1
29	35	69	64	1.75256519235819e-02	2.51176193000000e-01	0.00000000000000e+00	0.00000000000000e+00	4.75126675449077e+03	3.28194002048594e-02	1.55933725095676e+02	8.24345200000000e-03	1
29	35	64	70	1.75271968992269e-02	2.51176193000000e-01	0.00000000000000e+00	0.00000000000000e+00	-3.92560297323951e+03	-3.74657322718479e-02	1.47075590000962e+02	-9.41050000000000e-03	1
29	35	70	65	1.75269154020945e-02	2.51176193000000e-01	0.00000000000000e+00	0.00000000000000e+00	4.89195541494802e+03	3.03792206931013e-02	1.48613793171518e+02	7.63053700000000e-03	1
29	35	65	71	1.75267863817402e-02	2.51176193000000e-01	0.00000000000000e+00	0.00000000000000e+00	-4.11809475185016e+03	-3.62618204027003e-02	1.49329612292893e+02	-9.10810600000000e-03	1
29	35	71	66	1.75269582501572e-02	2.51176193000000e-01	0.00000000000000e+00	0.00000000000000e+00	5.00178918439317e+03	2.96649014024988e-02	1.48377582991108e+02	7.45111700000000e-03	1
29	35	66	72	1.75265082834591e-02	2.51176193000000e-01	0.00000000000000e+00	0.00000000000000e+00	-4.28124831064014e+03	-3.52458483197092e-02	1.50896228575834e+02	-8.85291800000000e-03	1
30	31	32	33	1.75287308156414e-02	1.20186813000000e-01	0.00000000000000e+00	0.00000000000000e+00	-1.92171846608090e+01	-7.24473113368935e+00	1.39223336014020e+02	-8.70721146000000e-01	1
30	31	33	34	1.75223086513850e-02	1.20186813000000e-01	0.00000000000000e+00	0.00000000000000e+00	-7.45791097841334e+01	-2.40419383614074e+00	1.79302636047877e+02	-2.88952395000000e-01	1
30	31	34	35	1.75245100131242e-02	1.20186813000000e-01	0.00000000000000e+00	0.00000000000000e+00	-1.77095392681349e+02	-9.21529377769589e-01	1.63198607023505e+02	-1.10755679000000e-01	1
30	31	35	36	1.75184294358393e-02	1.20186813000000e-01	0.00000000000000e+00	0.00000000000000e+00	-3.62393809113846e+02	-5.98917744827796e-01	2.17044082894019e+02	-7.19820150000000e-02	1
30	31	36	37	1.75215434021909e-02	1.20186813000000e-01	0.00000000000000e+00	0.00000000000000e+00	-6.59552165351036e+02	-2.81511766186861e-01	1.85671694960339e+02	-3.38340020000000e-02	1
30	31	37	38	1.75301297119047e-02	1.20186813000000e-01	0.00000000000000e+00	0.00000000000000e+00	-1.07278403929996e+03	-1.23752137432915e-01	1.32759317867286e+02	-1.48733750000000e-02	1
30	32	38	40	1.75371051907169e-02	2.37910934000000e-01	0.00000000000000e+00	0.00000000000000e+00	-3.93972269862601e+02	-2.73627453372950e-01	1.07801628902064e+02	-6.50989630000000e-02	1
30	32	40	42	1.75459981075912e-02	2.37910934000000e-01	0.00000000000000e+00	0.00000000000000e+00	-7.71992535509283e+02	-1.12643704723550e-01	8.69600992186924e+01	-2.67991690000000e-02	1
30	32	42	44	1.75407704156284e-02	2.37910934000000e-01	0.00000000000000e+00	0.00000000000000e+00	-1.35136117751586e+03	-7.26011356838270e-02	9.81103562066850e+01	-1.72726040000000e-02	1
30	32	44	39	1.75441389837510e-02	2.37910934000000e-01	0.00000000000000e+00	0.00000000000000e+00	3.26100775273519e+02	2.77898261708308e-01	9.06228385902426e+01	6.61150350000000e-02	1
30	32	39	41	1.75443319198092e-02	2.37910934000000e-01	0.00000000000000e+00	0.00000000000000e+00	-5.62707921970817e+02	-1.60346846437919e-01	9.02284407536554e+01	-3.81482680000000e-02	1
30	32	41	43	1.75463553958029e-02	2.37910934000000e-01	0.00000000000000e+00	0.00000000000000e+00	-1.03565980018736e+03	-8.33187179198750e-02	8.62898467527644e+01	-1.98224340000000e-02	1
30	32	43	45	1.75387736869729e-02	2.37910934000000e-01	0.00000000000000e+00	0.00000000000000e+00	-1.71831437740781e+03	-6.00371776103405e-02	1.03162745466835e+02	-1.42835010000000e-02	1
30	33	44	47	1.75359450857139e-02	2.94752248000000e-01	0.00000000000000e+00	0.00000000000000e+00	-9.47281010045913e+02	-1.17473967492862e-01	1.11280858580739e+02	-3.46257160000000e-02	1
30	33	47	50	1.75391149809646e-02	2.94752248000000e-01	0.00000000000000e+00	0.00000000000000e+00	-1.64899486849503e+03	-6.20151165055745e-02	1.02262608886814e+02	-1.82790950000000e-02	1
30	33	50	45	1.75369698454786e-02	2.94752248000000e-01	0.00000000000000e+00	0.00000000000000e+00	8.13647402950001e+02	1.32976872156035e-01	1.08196286682172e+02	3.91952320000000e-02	1
30	33	45	48	1.75355461625231e-02	2.94752248000000e-01	0.00000000000000e+00	0.00000000000000e+00	-1.17175655833907e+03	-9.60350741752443e-02	1.12529727995422e+02	-2.83065540000000e-02	1
30	33	48	51	1.75400689993695e-02	2.94752248000000e-01	0.00000000000000e+00	0.00000000000000e+00	-1.92709559512939e+03	-5.18022037273826e-02	9.98277986210341e+01	-1.52688160000000e-02	1
30	33	51	46	1.75381286157275e-02	2.94752248000000e-01	0.00000000000000e+00	0.00000000000000e+00	9.74543022647376e+02	1.07648488570645e-01	1.04908083435058e+02	3.17296340000000e-02	1
30	33	46	49	1.75388101121314e-02	2.94752248000000e-01	0.00000000000000e+00	0.00000000000000e+00	-1.40661163921616e+03	-7.32724793332196e-02	1.03065922264332e+02	-2.15972280000000e-02	1
30	33	49	52	1.75364630595045e-02	2.94752248000000e-01	0.00000000000000e+00	0.00000000000000e+00	-2.29936049542813e+03	-4.77089457176931e-02	1.09700065061788e+02	-1.40623190000000e-02	1
30	34	50	54	1.75306235719786e-02	2.82654765000000e-01	0.00000000000000e+00	0.00000000000000e+00	-1.54682223427783e+03	-8.44430165541345e-02	1.30618335535426e+02	-2.38682210000000e-02	1
30	34	54	58	1.75258488328325e-02	2.82654765000000e-01	0.00000000000000e+00	0.00000000000000e+00	-2.81825157307445e+03	-5.49084640409299e-02	1.54745865158452e+02	-1.55201390000000e-02	1
30	34	58	51	1.75271312522959e-02	2.82654765000000e-01	0.00000000000000e+00	0.00000000000000e+00	1.26170079314463e+03	1.16851361058781e-01	1.47431454927894e+02	3.30285940000000e-02	1
30	34	51	55	1.75277143300255e-02	2.82654765000000e-01	0.00000000000000e+00	0.00000000000000e+00	-1.83588405709933e+03	-7.86158938449171e-02	1.44329666144497e+02	-2.22211570000000e-02	1
30	34	55	59	1.75241216453462e-02	2.82654765000000e-01	0.00000000000000e+00	0.00000000000000e+00	-3.23884491902876e+03	-5.11991687102816e-02	1.65826167435792e+02	-1.44716890000000e-02	1
30	34	59	52	1.75247706472958e-02	2.82654765000000e-01	0.00000000000000e+00	0.00000000000000e+00	1.47064332016641e+03	1.09803271846487e-01	1.61481448273453e+02	3.10364180000000e-02	1
30	34	52	56	1.75255859225992e-02	2.82654765000000e-01	0.00000000000000e+00	0.00000000000000e+00	-2.15143730277598e+03	-7.26658261006143e-02	1.56335968909894e+02	-2.05393420000000e-02	1
30	34	56	53	1.75251650718156e-02	2.82654765000000e-01	0.00000000000000e+00	0.00000000000000e+00	3.10001604422654e+03	5.12740798832809e-02	1.58950470291124e+02	1.44928630000000e-02	1
30	34	53	57	1.75253187710154e-02	2.82654765000000e-01	0.00000000000000e+00	0.00000000000000e+00	-2.46877056785060e+03	-6.39936142594306e-02	1.57985551414066e+02	-1.80881000000000e-02	1
30	35	56	61	1.75214527859073e-02	2.19867961000000e-01	0.00000000000000e+00	0.00000000000000e+00	-2.27260963753921e+03	-8.20448732864721e-02	1.86455969741520e+02	-1.80390390000000e-02	1
30	35	61	66	1.75255617520539e-02	2.19867961000000e-01	0.00000000000000e+00	0.00000000000000e+00	-3.64115662350857e+03	-4.29763980027995e-02	1.56483796242434e+02	-9.44913300000000e-03	1
30	35	66	57	1.75223103583809e-02	2.19867961000000e-01	0.00000000000000e+00	0.00000000000000e+00	1.66118017827902e+03	1.07928639953140e-01	1.79288917358769e+02	2.37300500000000e-02	1
30	35	57	62	1.75200124847968e-02	2.19867961000000e-01	0.00000000000000e+00	0.00000000000000e+00	-2.53230552061730e+03	-7.89301402581343e-02	1.99875229918771e+02	-1.73542090000000e-02	1
30	35	62	58	1.75187009994144e-02	2.19867961000000e-01	0.00000000000000e+00	0.00000000000000e+00	3.36593236480010e+03	6.35462299120516e-02	2.13892311922003e+02	1.39717800000000e-02	1
30	35	58	63	1.75198592326451e-02	2.19867961000000e-01	0.00000000000000e+00	0.00000000000000e+00	-2.74536638949770e+03	-7.33664010282972e-02	2.01417651501497e+02	-1.61309210000000e-02	1
30	35	63	59	1.75201123646434e-02	2.19867961000000e-01	0.00000000000000e+00	0.00000000000000e+00	3.55113084912317e+03	5.60054359170593e-02	1.98882631203660e+02	1.23138010000000e-02	1
30	35	59	64	1.75215447107690e-02	2.19867961000000e-01	0.00000000000000e+00	0.00000000000000e+00	-2.94010591613198e+03	-6.31475269832516e-02	1.85660417672561e+02	-1.38841180000000e-02	1
30	35	64	60	1.75231537777958e-02	2.19867961000000e-01	0.00000000000000e+00	0.00000000000000e+00	3.77336885662838e+03	4.57834872994524e-02	1.72757985123595e+02	1.00663220000000e-02	1
30	35	60	65	1.75237618038056e-02	2.19867961000000e-01	0.00000000000000e+00	0.00000000000000e+00	-3.23648380851187e+03	-5.20124303149380e-02	1.68337388555649e+02	-1.14358670000000e-02	1
30	36	62	68	1.75249407233486e-02	3.27859426000000e-01	0.00000000000000e+00	0.00000000000000e+00	-2.88875338721481e+03	-5.55188521558627e-02	1.60380272219526e+02	-1.82023790000000e-02	1
30	36	68	63	1.75245484893757e-02	3.27859426000000e-01	0.00000000000000e+00	0.00000000000000e+00	3.84992315211326e+03	4.23236542846872e-02	1.62942816512655e+02	1.38762090000000e-02	1
30	36	63	69	1.75257742340748e-02	3.27859426000000e-01	0.00000000000000e+00	0.00000000000000e+00	-3.22990232176366e+03	-4.80490531939137e-02	1.55193748469567e+02	-1.57533350000000e-02	1
30	36	69	64	1.75243776726710e-02	3.27859426000000e-01	0.00000000000000e+00	0.00000000000000e+00	4.26509385744158e+03	3.84715033326509e-02	1.64084572550632e+02	1.26132450000000e-02	1
30	36	64	70	1.75258368328195e-02	3.27859426000000e-01	0.00000000000000e+00	0.00000000000000e+00	-3.52874219070987e+03	-4.38733489394934e-02	1.54817737450526e+02	-1.43842910000000e-02	1
30	36	70	65	1.75255815720505e-02	3.27859426000000e-01	0.00000000000000e+00	0.00000000000000e+00	4.40428791272937e+03	3.55023466673183e-02	1.56362556300398e+02	1.16397790000000e-02	1
30	36	65	71	1.75254731675251e-02	3.27859426000000e-01	0.00000000000000e+00	0.00000000000000e+00	-3.71192061535379e+03	-4.23037006110052e-02	1.57027978403745e+02	-1.38696670000000e-02	1
30	36	71	66	1.75256547735597e-02	3.27859426000000e-01	0.00000000000000e+00	0.00000000000000e+00	4.51457806382078e+03	3.45362069901263e-02	1.55916402485198e+02	1.13230210000000e-02	1
30	36	66	72	1.75252120444598e-02	3.27859426000000e-01	0.00000000000000e+00	0.00000000000000e+00	-3.86817565081813e+03	-4.10152856181722e-02	1.58654329139565e+02	-1.34472480000000e-02	1
31	32	33	34	1.75249007382049e-02	1.31793152000000e-01	0.00000000000000e+00	0.00000000000000e+00	-1.84575003266517e+01	-8.70311824699359e+00	1.60637807886772e+02	-1.14701138600000e+00	1
31	32	34	35	1.75264447513245e-02	1.31793152000000e-01	0.00000000000000e+00	0.00000000000000e+00	-7.08414379690043e+01	-2.13517332827733e+00	1.51258748888231e+02	-2.81401223000000e-01	1
31	32	35	36	1.75185662845775e-02	1.31793152000000e-01	0.00000000000000e+00	0.00000000000000e+00	-1.82407789405846e+02	-1.18111343144749e+00	2.15444290067889e+02	-1.55662662000000e-01	1
31	32	36	37	1.75204880354408e-02	1.31793152000000e-01	0.00000000000000e+00	0.00000000000000e+00	-3.80816836554338e+02	-5.12676644989870e-01	1.95235898120334e+02	-6.75672710000000e-02	1
31	32	37	38	1.75284778704948e-02	1.31793152000000e-01	0.00000000000000e+00	0.00000000000000e+00	-6.77562140815170e+02	-2.07301931742250e-01	1.40459940666399e+02	-2.73209750000000e-02	1
31	32	38	39	1.75325227061640e-02	1.31793152000000e-01	0.00000000000000e+00	0.00000000000000e+00	-1.10995696981780e+03	-1.10806993977957e-01	1.22990995270392e+02	-1.46036030000000e-02	1
31	33	39	41	1.75383853630101e-02	2.19484390000000e-01	0.00000000000000e+00	0.00000000000000e+00	-4.01645324390477e+02	-2.59448774466375e-01	1.04206387183259e+02	-5.69449560000000e-02	1
31	33	41	43	1.75412173724492e-02	2.19484390000000e-01	0.00000000000000e+00	0.00000000000000e+00	-7.93298311055605e+02	-1.22332868410369e-01	9.70464578965329e+01	-2.68501550000000e-02	1
31	33	43	45	1.75351442050617e-02	2.19484390000000e-01	0.00000000000000e+00	0.00000000000000e+00	-1.37945746500591e+03	-8.25083597061276e-02	1.13816772722011e+02	-1.81092970000000e-02	1
31	33	45	40	1.75385659491539e-02	2.19484390000000e-01	0.00000000000000e+00	0.00000000000000e+00	3.32812826657625e+02	3.11641948659766e-01	1.03718437838547e+02	6.84005430000000e-02	1
31	33	40	42	1.75401228597721e-02	2.19484390000000e-01	0.00000000000000e+00	0.00000000000000e+00	-5.73080265508780e+02	-1.73961305403086e-01	9.96937910886544e+01	-3.81817910000000e-02	1
31	33	42	44	1.75366511473075e-02	2.19484390000000e-01	0.00000000000000e+00	0.00000000000000e+00	-1.06196403892218e+03	-1.02769112646234e-01	1.09137101942244e+02	-2.25562160000000e-02	1
31	33	44	46	1.75352382005961e-02	2.19484390000000e-01	0.00000000000000e+00	0.00000000000000e+00	-1.75224627824250e+03	-6.47815181753928e-02	1.13513174121731e+02	-1.42185320000000e-02	1
31	34	45	48	1.75335477301995e-02	2.74975566000000e-01	0.00000000000000e+00	0.00000000000000e+00	-9.53649800360787e+02	-1.25028185231556e-01	1.19233103885545e+02	-3.43796960000000e-02	1
31	34	48	51	1.75381118809871e-02	2.74975566000000e-01	0.00000000000000e+00	0.00000000000000e+00	-1.62982499815865e+03	-6.43959616397335e-02	1.04954148060903e+02	-1.77073160000000e-02	1
31	34	51	46	1.75361362611076e-02	2.74975566000000e-01	0.00000000000000e+00	0.00000000000000e+00	8.12249170567599e+02	1.36278548472921e-01	1.10692137963287e+02	3.74732710000000e-02	1
31	34	46	49	1.75367862253882e-02	2.74975566000000e-01	0.00000000000000e+00	0.00000000000000e+00	-1.16180535143433e+03	-9.35925739670993e-02	1.08736353289489e+02	-2.57356710000000e-02	1
31	34	49	52	1.75344810238630e-02	2.74975566000000e-01	0.00000000000000e+00	0.00000000000000e+00	-1.96400199107297e+03	-5.90660480720676e-02	1.16005836018353e+02	-1.62417200000000e-02	1
31	34	52	47	1.75363641700164e-02	2.74975566000000e-01	0.00000000000000e+00	0.00000000000000e+00	9.69717426299250e+02	1.13433442300833e-01	1.09998385724229e+02	3.11914250000000e-02	1
31	34	47	50	1.75368645292206e-02	2.74975566000000e-01	0.00000000000000e+00	0.00000000000000e+00	-1.37936348471585e+03	-7.86633747669057e-02	1.08505386737988e+02	-2.16305060000000e-02	1
31	34	50	53	1.75321371405943e-02	2.74975566000000e-01	0.00000000000000e+00	0.00000000000000e+00	-2.38285486179783e+03	-5.22342265130568e-02	1.24466580598886e+02	-1.43631360000000e-02	1
31	35	51	55	1.75281537754363e-02	2.50120834000000e-01	0.00000000000000e+00	0.00000000000000e+00	-1.55027003211015e+03	-9.16465239357070e-02	1.42076859604592e+02	-2.29227050000000e-02	1
31	35	55	59	1.75239587660962e-02	2.50120834000000e-01	0.00000000000000e+00	0.00000000000000e+00	-2.80611241479816e+03	-5.94963712618998e-02	1.66953506033457e+02	-1.48812820000000e-02	1
31	35	59	52	1.75249027200986e-02	2.50120834000000e-01	0.00000000000000e+00	0.00000000000000e+00	1.25964560848326e+03	1.27516042905886e-01	1.60625023457563e+02	3.18944190000000e-02	1
31	35	52	56	1.75257661466326e-02	2.50120834000000e-01	0.00000000000000e+00	0.00000000000000e+00	-1.83054739691208e+03	-8.48065779278507e-02	1.55242460466848e+02	-2.12118920000000e-02	1
31	35	56	60	1.75215981603185e-02	2.50120834000000e-01	0.00000000000000e+00	0.00000000000000e+00	-3.21754652055414e+03	-5.75596833328966e-02	1.85200958831960e+02	-1.43968760000000e-02	1
31	35	60	53	1.75234850515643e-02	2.50120834000000e-01	0.00000000000000e+00	0.00000000000000e+00	1.45273799758354e+03	1.17241448987012e-01	1.70321107835185e+02	2.93245290000000e-02	1
31	35	53	57	1.75254425164670e-02	2.50120834000000e-01	0.00000000000000e+00	0.00000000000000e+00	-2.11464377021874e+03	-7.43468734795599e-02	1.57217152838792e+02	-1.85957020000000e-02	1
31	35	57	54	1.75258095791230e-02	2.50120834000000e-01	0.00000000000000e+00	0.00000000000000e+00	3.03781231749306e+03	5.10173774648457e-02	1.54981217668901e+02	1.27605090000000e-02	1
31	35	54	58	1.75256601174766e-02	2.50120834000000e-01	0.00000000000000e+00	0.00000000000000e+00	-2.42853003506848e+03	-6.41885953410822e-02	1.55883931694675e+02	-1.60549050000000e-02	1
31	36	57	62	1.75189064723006e-02	3.56830098000000e-01	0.00000000000000e+00	0.00000000000000e+00	-2.22179091318270e+03	-9.52239740718284e-02	2.11567760309933e+02	-3.39787800000000e-02	1
31	36	62	67	1.75262213237901e-02	3.56830098000000e-01	0.00000000000000e+00	0.00000000000000e+00	-3.72472401393580e+03	-4.09554101010840e-02	1.52547599504096e+02	-1.46141230000000e-02	1
31	36	67	58	1.75206309552078e-02	3.56830098000000e-01	0.00000000000000e+00	0.00000000000000e+00	1.64972288400929e+03	1.17524836708141e-01	1.93883412556875e+02	4.19363990000000e-02	1
31	36	58	63	1.75187219013947e-02	3.56830098000000e-01	0.00000000000000e+00	0.00000000000000e+00	-2.42008645383349e+03	-8.82834216523966e-02	2.13653512839036e+02	-3.15021820000000e-02	1
31	36	63	59	1.75189539015505e-02	3.56830098000000e-01	0.00000000000000e+00	0.00000000000000e+00	3.13791318643452e+03	6.72543603650833e-02	2.11038344234814e+02	2.39983800000000e-02	1
31	36	59	64	1.75202843509514e-02	3.56830098000000e-01	0.00000000000000e+00	0.00000000000000e+00	-2.60240654015103e+03	-7.57746141694583e-02	1.97196351492019e+02	-2.70386630000000e-02	1
31	36	64	60	1.75217834851875e-02	3.56830098000000e-01	0.00000000000000e+00	0.00000000000000e+00	3.34730568140346e+03	5.48576566542882e-02	1.83625345787379e+02	1.95748630000000e-02	1
31	36	60	65	1.75223315056533e-02	3.56830098000000e-01	0.00000000000000e+00	0.00000000000000e+00	-2.87480638463294e+03	-6.23065042007751e-02	1.79119136080548e+02	-2.22328360000000e-02	1
31	36	65	61	1.75240851753052e-02	3.56830098000000e-01	0.00000000000000e+00	0.00000000000000e+00	3.75274443203829e+03	4.42548823333843e-02	1.66077263267118e+02	1.57914740000000e-02	1
31	36	61	66	1.75240939471763e-02	3.56830098000000e-01	0.00000000000000e+00	0.00000000000000e+00	-3.24492919805714e+03	-5.11619174008130e-02	1.66016799602485e+02	-1.82561120000000e-02	1
31	37	63	69	1.75258659002407e-02	2.95226176000000e-01	0.00000000000000e+00	0.00000000000000e+00	-2.91789594212491e+03	-5.29983797913638e-02	1.54643757332415e+02	-1.56465090000000e-02	1
31	37	69	64	1.75246081750691e-02	2.95226176000000e-01	0.00000000000000e+00	0.00000000000000e+00	3.86114644535809e+03	4.20982758656197e-02	1.62547608214242e+02	1.24285130000000e-02	1
31	37	64	70	1.75255060226928e-02	2.95226176000000e-01	0.00000000000000e+00	0.00000000000000e+00	-3.19914808987580e+03	-4.90210834150424e-02	1.56825705370875e+02	-1.44723070000000e-02	1
31	37	70	65	1.75251233648017e-02	2.95226176000000e-01	0.00000000000000e+00	0.00000000000000e+00	3.99958385985689e+03	3.98077269408523e-02	1.59214342170223e+02	1.17522830000000e-02	1
31	37	65	71	1.75248757461066e-02	2.95226176000000e-01	0.00000000000000e+00	0.00000000000000e+00	-3.37500261622702e+03	-4.76441696010045e-02	1.60799197051354e+02	-1.40658060000000e-02	1
31	37	71	66	1.75251499206633e-02	2.95226176000000e-01	0.00000000000000e+00	0.00000000000000e+00	4.11074201824813e+03	3.86903937677938e-02	1.59046227363836e+02	1.14224170000000e-02	1
31	37	66	72	1.75255411325872e-02	2.95226176000000e-01	0.00000000000000e+00	0.00000000000000e+00	-3.52595189043492e+03	-4.44164104201926e-02	1.56610126287411e+02	-1.31128870000000e-02	1
32	33	34	35	1.75244628244768e-02	1.50433833000000e-01	0.00000000000000e+00	0.00000000000000e+00	-1.86506181503447e+01	-8.76718481274090e+00	1.63513416195932e+02	-1.31888121600000e+00	1
32	33	35	36	1.75165650212322e-02	1.50433833000000e-01	0.00000000000000e+00	0.00000000000000e+00	-7.71845889081949e+01	-3.12850893056750e+00	2.41472675701469e+02	-4.70633590000000e-01	1
32	33	36	37	1.75170592986973e-02	1.50433833000000e-01	0.00000000000000e+00	0.00000000000000e+00	-2.00903802950292e+02	-1.16710696323213e+00	2.34476227363103e+02	-1.75572374000000e-01	1
32	33	37	38	1.75232233426060e-02	1.50433833000000e-01	0.00000000000000e+00	0.00000000000000e+00	-4.07559505192639e+02	-4.22614346335242e-01	1.72240493879702e+02	-6.35754960000000e-02	1
32	33	38	39	1.75262602714419e-02	1.50433833000000e-01	0.00000000000000e+00	0.00000000000000e+00	-7.28572141708751e+02	-2.09068315104356e-01	1.52321350099020e+02	-3.14509480000000e-02	1
32	33	39	40	1.75354930337183e-02	1.50433833000000e-01	0.00000000000000e+00	0.00000000000000e+00	-1.15496860970696e+03	-9.75768263512903e-02	1.12698171470567e+02	-1.46788560000000e-02	1
32	34	40	42	1.75355520639126e-02	2.05170898000000e-01	0.00000000000000e+00	0.00000000000000e+00	-4.01467763564110e+02	-2.80249272974377e-01	1.12511048861491e+02	-5.74989950000000e-02	1
32	34	42	44	1.75329536670710e-02	2.05170898000000e-01	0.00000000000000e+00	0.00000000000000e+00	-7.99746291865030e+02	-1.51776315761897e-01	1.21382545723513e+02	-3.11400830000000e-02	1
32	34	44	46	1.75321699301649e-02	2.05170898000000e-01	0.00000000000000e+00	0.00000000000000e+00	-1.38441803825997e+03	-8.98137074001596e-02	1.24339716607784e+02	-1.84271590000000e-02	1
32	34	46	41	1.75344403294508e-02	2.05170898000000e-01	0.00000000000000e+00	0.00000000000000e+00	3.35309006670462e+02	3.46375746720181e-01	1.16142907567483e+02	7.10662230000000e-02	1
32	34	41	43	1.75368482081373e-02	2.05170898000000e-01	0.00000000000000e+00	0.00000000000000e+00	-5.78589688966894e+02	-1.87617319879353e-01	1.08553446753797e+02	-3.84936140000000e-02	1
32	34	43	45	1.75317700961892e-02	2.05170898000000e-01	0.00000000000000e+00	0.00000000000000e+00	-1.06637779718362e+03	-1.18067500001876e-01	1.25904560570978e+02	-2.42240150000000e-02	1
32	34	45	47	1.75319629342483e-02	2.05170898000000e-01	0.00000000000000e+00	0.00000000000000e+00	-1.77607299784459e+03	-7.04616061094591e-02	1.25144955995772e+02	-1.44566710000000e-02	1
32	35	46	49	1.75376054198913e-02	2.42541580000000e-01	0.00000000000000e+00	0.00000000000000e+00	-9.14028988923398e+02	-1.16372289650294e-01	1.06367646247759e+02	-2.82251190000000e-02	1
32	35	49	52	1.75348313392182e-02	2.42541580000000e-01	0.00000000000000e+00	0.00000000000000e+00	-1.60793906904571e+03	-7.14200633145047e-02	1.14839110117110e+02	-1.73223350000000e-02	1
32	35	52	47	1.75370475569949e-02	2.42541580000000e-01	0.00000000000000e+00	0.00000000000000e+00	7.81659986718595e+02	1.38128258255760e-01	1.07969332513660e+02	3.35018460000000e-02	1
32	35	47	50	1.75375800818450e-02	2.42541580000000e-01	0.00000000000000e+00	0.00000000000000e+00	-1.10176246553880e+03	-9.66082681575671e-02	1.06439363716714e+02	-2.34315220000000e-02	1
32	35	50	53	1.75326557488001e-02	2.42541580000000e-01	0.00000000000000e+00	0.00000000000000e+00	-1.97085587803396e+03	-6.21506217614316e-02	1.22489918221983e+02	-1.50741100000000e-02	1
32	35	53	48	1.75358683062379e-02	2.42541580000000e-01	0.00000000000000e+00	0.00000000000000e+00	9.42171442244915e+02	1.18363878061650e-01	1.11519065703046e+02	2.87081620000000e-02	1
32	35	48	51	1.75387295472809e-02	2.42541580000000e-01	0.00000000000000e+00	0.00000000000000e+00	-1.31891105953179e+03	-7.83072659129210e-02	1.03280319054248e+02	-1.89927680000000e-02	1
32	35	51	54	1.75282847776454e-02	2.42541580000000e-01	0.00000000000000e+00	0.00000000000000e+00	-2.38997892674955e+03	-5.91715779207837e-02	1.41418824293192e+02	-1.43515680000000e-02	1
32	36	52	56	1.75242819204259e-02	2.67560384000000e-01	0.00000000000000e+00	0.00000000000000e+00	-1.54744483276122e+03	-1.06453950970559e-01	1.64731616356408e+02	-2.84828600000000e-02	1
32	36	56	60	1.75202881796395e-02	2.67560384000000e-01	0.00000000000000e+00	0.00000000000000e+00	-2.78916015633583e+03	-7.06876358796076e-02	1.97159137540976e+02	-1.89132110000000e-02	1
32	36	60	53	1.75220996703003e-02	2.67560384000000e-01	0.00000000000000e+00	0.00000000000000e+00	1.24512893102535e+03	1.45365006652106e-01	1.80998175341230e+02	3.88939170000000e-02	1
32	36	53	57	1.75239341445007e-02	2.67560384000000e-01	0.00000000000000e+00	0.00000000000000e+00	-1.80071640182006e+03	-9.28104251786393e-02	1.67125254879069e+02	-2.48323930000000e-02	1
32	36	57	61	1.75185735380928e-02	2.67560384000000e-01	0.00000000000000e+00	0.00000000000000e+00	-3.15958590006167e+03	-6.81608791531709e-02	2.15360152708166e+02	-1.82371510000000e-02	1
32	36	61	54	1.75213112309301e-02	2.67560384000000e-01	0.00000000000000e+00	0.00000000000000e+00	1.42550549362812e+03	1.31668703988704e-01	1.87694460874793e+02	3.52293290000000e-02	1
32	36	54	58	1.75241002519611e-02	2.67560384000000e-01	0.00000000000000e+00	0.00000000000000e+00	-2.08155137492511e+03	-7.97354177814306e-02	1.65973368513165e+02	-2.13340390000000e-02	1
32	36	58	55	1.75244020980327e-02	2.67560384000000e-01	0.00000000000000e+00	0.00000000000000e+00	3.00066664390271e+03	5.46279713815929e-02	1.63920331548818e+02	1.46162810000000e-02	1
32	36	55	59	1.75226955660811e-02	2.67560384000000e-01	0.00000000000000e+00	0.00000000000000e+00	-2.41932855665504e+03	-7.28490881520038e-02	1.76245879292424e+02	-1.94915300000000e-02	1
32	37	58	63	1.75183153867181e-02	3.05456004000000e-01	0.00000000000000e+00	0.00000000000000e+00	-2.13842159975292e+03	-1.02129349534737e-01	2.18395607013797e+02	-3.11960230000000e-02	1
32	37	63	68	1.75253107072937e-02	3.05456004000000e-01	0.00000000000000e+00	0.00000000000000e+00	-3.97721303590880e+03	-3.97353328828331e-02	1.58035883927779e+02	-1.21373960000000e-02	1
32	37	68	59	1.75208582026834e-02	3.05456004000000e-01	0.00000000000000e+00	0.00000000000000e+00	1.63622156296714e+03	1.17203612078943e-01	1.91771077341203e+02	3.58005470000000e-02	1
32	37	59	64	1.75197795717280e-02	3.05456004000000e-01	0.00000000000000e+00	0.00000000000000e+00	-2.30957225083051e+03	-8.75611696930338e-02	2.02228847773292e+02	-2.67460850000000e-02	1
32	37	64	60	1.75212173425377e-02	3.05456004000000e-01	0.00000000000000e+00	0.00000000000000e+00	2.97762715828818e+03	6.33138447002011e-02	1.88525023474959e+02	1.93395940000000e-02	1
32	37	60	65	1.75218344889574e-02	3.05456004000000e-01	0.00000000000000e+00	0.00000000000000e+00	-2.56082897516469e+03	-7.15379325135151e-02	1.83196410403985e+02	-2.18516910000000e-02	1
32	37	65	61	1.75234618665209e-02	3.05456004000000e-01	0.00000000000000e+00	0.00000000000000e+00	3.35041426814318e+03	5.08860713047238e-02	1.70489419349098e+02	1.55434560000000e-02	1
32	37	61	66	1.75234015066517e-02	3.05456004000000e-01	0.00000000000000e+00	0.00000000000000e+00	-2.90061983761224e+03	-5.89284962950016e-02	1.70929165353941e+02	-1.80000630000000e-02	1
32	37	66	62	1.75262211150776e-02	3.05456004000000e-01	0.00000000000000e+00	0.00000000000000e+00	3.86288377667726e+03	3.94909147046918e-02	1.52548813738899e+02	1.20627370000000e-02	1
32	37	62	67	1.75255912586223e-02	3.05456004000000e-01	0.00000000000000e+00	0.00000000000000e+00	-3.34048721100455e+03	-4.67905911582606e-02	1.56303371359512e+02	-1.42924670000000e-02	1
32	38	64	70	1.75249312103028e-02	3.35974121000000e-01	0.00000000000000e+00	0.00000000000000e+00	-2.90213710758245e+03	-5.52839038456774e-02	1.60441468802561e+02	-1.85739610000000e-02	1
32	38	70	65	1.75247381421877e-02	3.35974121000000e-01	0.00000000000000e+00	0.00000000000000e+00	3.63468164516396e+03	4.44863251833614e-02	1.61693629604759e+02	1.49462540000000e-02	1
32	38	65	71	1.75242049753301e-02	3.35974121000000e-01	0.00000000000000e+00	0.00000000000000e+00	-3.07104627302131e+03	-5.38107427625356e-02	1.65255281009393e+02	-1.80790170000000e-02	1
32	38	71	66	1.75243493556998e-02	3.35974121000000e-01	0.00000000000000e+00	0.00000000000000e+00	3.74624727835725e+03	4.38506541996430e-02	1.64275393949597e+02	1.47326850000000e-02	1
32	38	66	72	1.75243738429336e-02	3.35974121000000e-01	0.00000000000000e+00	0.00000000000000e+00	-3.21691947384842e+03	-5.10147536035967e-02	1.64110354320989e+02	-1.71396370000000e-02	1
33	34	35	36	1.75166690466985e-02	1.34897817000000e-01	0.00000000000000e+00	0.00000000000000e+00	-1.97354169781847e+01	-1.21591417450440e+01	2.39965732435295e+02	-1.64024167800000e+00	1
33	34	36	37	1.75169889919368e-02	1.34897817000000e-01	0.00000000000000e+00	0.00000000000000e+00	-8.10987818004340e+01	-2.90320732173153e+00	2.35446577106528e+02	-3.91636330000000e-01	1
33	34	37	38	1.75226515059258e-02	1.34897817000000e-01	0.00000000000000e+00	0.00000000000000e+00	-2.03487785036008e+02	-8.67809832682467e-01	1.76588700685024e+02	-1.17065652000000e-01	1
33	34	38	39	1.75248291192899e-02	1.34897817000000e-01	0.00000000000000e+00	0.00000000000000e+00	-4.13802478118989e+02	-3.89318990981151e-01	1.61101163246785e+02	-5.25182820000000e-02	1
33	34	39	40	1.75332036181010e-02	1.34897817000000e-01	0.00000000000000e+00	0.00000000000000e+00	-7.15360899278545e+02	-1.68402828935327e-01	1.20468799148226e+02	-2.27171740000000e-02	1
33	34	40	41	1.75329257504629e-02	1.34897817000000e-01	0.00000000000000e+00	0.00000000000000e+00	-1.12010282297121e+03	-1.08459205088545e-01	1.21485461796893e+02	-1.46309100000000e-02	1
33	35	41	43	1.75384200170539e-02	2.09339793000000e-01	0.00000000000000e+00	0.00000000000000e+00	-3.80711453595169e+02	-2.73467987999778e-01	1.04112395223142e+02	-5.72477320000000e-02	1
33	35	43	45	1.75334233789576e-02	2.09339793000000e-01	0.00000000000000e+00	0.00000000000000e+00	-7.55572996605222e+02	-1.58391988091820e-01	1.19676709080795e+02	-3.31577460000000e-02	1
33	35	45	47	1.75343453638819e-02	2.09339793000000e-01	0.00000000000000e+00	0.00000000000000e+00	-1.32143707939349e+03	-8.81343854199760e-02	1.16464044863513e+02	-1.84500340000000e-02	1
33	35	47	42	1.75345189799335e-02	2.09339793000000e-01	0.00000000000000e+00	0.00000000000000e+00	3.18058833340942e+02	3.64329700087169e-01	1.15878279361180e+02	7.62687040000000e-02	1
33	35	42	44	1.75344415869660e-02	2.09339793000000e-01	0.00000000000000e+00	0.00000000000000e+00	-5.48401119472313e+02	-2.11776859834766e-01	1.16138667011717e+02	-4.43333240000000e-02	1
33	35	44	46	1.75342765373687e-02	2.09339793000000e-01	0.00000000000000e+00	0.00000000000000e+00	-1.00747254534626e+03	-1.15832339625940e-01	1.16697902036359e+02	-2.42483180000000e-02	1
33	35	46	48	1.75357095158946e-02	2.09339793000000e-01	0.00000000000000e+00	0.00000000000000e+00	-1.68930791531461e+03	-6.63081958813249e-02	1.12014960152554e+02	-1.38809440000000e-02	1
33	36	47	50	1.75363216955645e-02	2.09980245000000e-01	0.00000000000000e+00	0.00000000000000e+00	-8.62533788675267e+02	-1.27678496612860e-01	1.10127017415852e+02	-2.68099620000000e-02	1
33	36	50	53	1.75317831085941e-02	2.09980245000000e-01	0.00000000000000e+00	0.00000000000000e+00	-1.60379562405112e+03	-7.84719772090941e-02	1.25853013658584e+02	-1.64775650000000e-02	1
33	36	53	48	1.75348382219858e-02	2.09980245000000e-01	0.00000000000000e+00	0.00000000000000e+00	7.54856093523723e+02	1.52103722900219e-01	1.14816422078874e+02	3.19387770000000e-02	1
33	36	48	51	1.75376108427972e-02	2.09980245000000e-01	0.00000000000000e+00	0.00000000000000e+00	-1.04771417203859e+03	-1.01508896705973e-01	1.06352309666850e+02	-2.13148630000000e-02	1
33	36	51	54	1.75273441346815e-02	2.09980245000000e-01	0.00000000000000e+00	0.00000000000000e+00	-1.96407740994666e+03	-7.44795778288572e-02	1.46283656316023e+02	-1.56392400000000e-02	1
33	36	54	49	1.75305719735674e-02	2.09980245000000e-01	0.00000000000000e+00	0.00000000000000e+00	9.28861381040613e+02	1.40859327028597e-01	1.30838789036234e+02	2.95776760000000e-02	1
33	36	49	52	1.75339573541544e-02	2.09980245000000e-01	0.00000000000000e+00	0.00000000000000e+00	-1.29389204978218e+03	-9.10391308477614e-02	1.17794807622998e+02	-1.91164190000000e-02	1
33	36	52	55	1.75241122800969e-02	2.09980245000000e-01	0.00000000000000e+00	0.00000000000000e+00	-2.36215438529677e+03	-7.02285064959325e-02	1.65890574592210e+02	-1.47465990000000e-02	1
33	37	53	57	1.75240646851063e-02	2.37681386000000e-01	0.00000000000000e+00	0.00000000000000e+00	-1.52651016015589e+03	-1.08888022051504e-01	1.66218671980899e+02	-2.58806560000000e-02	1
33	37	57	61	1.75185412982888e-02	2.37681386000000e-01	0.00000000000000e+00	0.00000000000000e+00	-2.74473528023519e+03	-7.85994280595452e-02	2.15734623201342e+02	-1.86816210000000e-02	1
33	37	61	54	1.75214246776519e-02	2.37681386000000e-01	0.00000000000000e+00	0.00000000000000e+00	1.22471868718272e+03	1.52443654127799e-01	1.86700591952735e+02	3.62330190000000e-02	1
33	37	54	58	1.75242482569791e-02	2.37681386000000e-01	0.00000000000000e+00	0.00000000000000e+00	-1.77697144038408e+03	-9.28322801012276e-02	1.64960310485617e+02	-2.20645050000000e-02	1
33	37	58	62	1.75171582352276e-02	2.37681386000000e-01	0.00000000000000e+00	0.00000000000000e+00	-3.05942088758821e+03	-7.61988025431659e-02	2.33124208109771e+02	-1.81110370000000e-02	1
33	37	62	55	1.75204319406655e-02	2.37681386000000e-01	0.00000000000000e+00	0.00000000000000e+00	1.39723107986441e+03	1.40114194722846e-01	1.95771907596935e+02	3.33025360000000e-02	1
33	37	55	59	1.75226359410149e-02	2.37681386000000e-01	0.00000000000000e+00	0.00000000000000e+00	-2.07827429862419e+03	-8.50273357123557e-02	1.76710126491480e+02	-2.02094150000000e-02	1
33	37	59	56	1.75217281151191e-02	2.37681386000000e-01	0.00000000000000e+00	0.00000000000000e+00	3.01203333131668e+03	6.11192708208122e-02	1.84093280898057e+02	1.45269130000000e-02	1
33	37	56	60	1.75202503238985e-02	2.37681386000000e-01	0.00000000000000e+00	0.00000000000000e+00	-2.40981385526766e+03	-8.19680342994971e-02	1.97527704743983e+02	-1.94822760000000e-02	1
33	38	59	64	1.75196978257830e-02	2.99854319000000e-01	0.00000000000000e+00	0.00000000000000e+00	-2.03974899293869e+03	-9.95554344508208e-02	2.03068097162635e+02	-2.98521270000000e-02	1
33	38	64	69	1.75231859424585e-02	2.99854319000000e-01	0.00000000000000e+00	0.00000000000000e+00	-3.98310502600319e+03	-4.33125227054008e-02	1.72518326876759e+02	-1.29874470000000e-02	1
33	38	69	60	1.75218783225440e-02	2.99854319000000e-01	0.00000000000000e+00	0.00000000000000e+00	1.58635112872416e+03	1.15251516520594e-01	1.82829373319615e+02	3.45586650000000e-02	1
33	38	60	65	1.75217280224593e-02	2.99854319000000e-01	0.00000000000000e+00	0.00000000000000e+00	-2.27054599828622e+03	-8.10792056658687e-02	1.84094065968864e+02	-2.43119500000000e-02	1
33	38	65	61	1.75233368917873e-02	2.99854319000000e-01	0.00000000000000e+00	0.00000000000000e+00	2.97771514413558e+03	5.75617288340609e-02	1.71402431671809e+02	1.72601330000000e-02	1
33	38	61	66	1.75233192171141e-02	2.99854319000000e-01	0.00000000000000e+00	0.00000000000000e+00	-2.58126537251252e+03	-6.64528130408554e-02	1.71532345208408e+02	-1.99261630000000e-02	1
33	38	66	62	1.75260460412126e-02	2.99854319000000e-01	0.00000000000000e+00	0.00000000000000e+00	3.44536426942844e+03	4.45741553584226e-02	1.53574202211862e+02	1.33657530000000e-02	1
33	38	62	67	1.75253713676820e-02	2.99854319000000e-01	0.00000000000000e+00	0.00000000000000e+00	-2.98298564616092e+03	-5.28524286488600e-02	1.57658036024294e+02	-1.58480290000000e-02	1
33	38	67	63	1.75255113119206e-02	2.99854319000000e-01	0.00000000000000e+00	0.00000000000000e+00	4.16926264492424e+03	3.76069353865135e-02	1.56793190897070e+02	1.12766020000000e-02	1
33	38	63	68	1.75247840678994e-02	2.99854319000000e-01	0.00000000000000e+00	0.00000000000000e+00	-3.56396428784503e+03	-4.52849671976878e-02	1.61394005868793e+02	-1.35788930000000e-02	1
33	39	65	71	1.75238413006976e-02	3.04718842000000e-01	0.00000000000000e+00	0.00000000000000e+00	-2.79178978354776e+03	-6.00962443930527e-02	1.67776081126114e+02	-1.83124580000000e-02	1
33	39	71	66	1.75238835133426e-02	3.04718842000000e-01	0.00000000000000e+00	0.00000000000000e+00	3.41101590363109e+03	4.90996090094094e-02	1.67479547193164e+02	1.49615760000000e-02	1
33	39	66	72	1.75244122957727e-02	3.04718842000000e-01	0.00000000000000e+00	0.00000000000000e+00	-2.93242836556246e+03	-5.58758260180051e-02	1.63851857164431e+02	-1.70264170000000e-02	1
34	35	36	37	1.75181972192805e-02	1.59516408000000e-01	0.00000000000000e+00	0.00000000000000e+00	-1.91398961980254e+01	-1.14845870714441e+01	2.19813804424624e+02	-1.83198007700000e+00	1
34	35	37	38	1.75255218838326e-02	1.59516408000000e-01	0.00000000000000e+00	0.00000000000000e+00	-7.60535833702158e+01	-2.06076079020034e+00	1.56728242563573e+02	-3.28725159000000e-01	1
34	35	38	39	1.75278638375706e-02	1.59516408000000e-01	0.00000000000000e+00	0.00000000000000e+00	-1.92115113621230e+02	-7.47235557109586e-01	1.43555243955931e+02	-1.19196332000000e-01	1
34	35	39	40	1.75369447460036e-02	1.59516408000000e-01	0.00000000000000e+00	0.00000000000000e+00	-3.79114546755095e+02	-2.85585963044002e-01	1.08269792939044e+02	-4.55556470000000e-02	1
34	35	40	41	1.75366302097902e-02	1.59516408000000e-01	0.00000000000000e+00	0.00000000000000e+00	-6.49342455285850e+02	-1.68169327132792e-01	1.09199483784177e+02	-2.68257670000000e-02	1
34	35	41	42	1.75419443367475e-02	1.59516408000000e-01	0.00000000000000e+00	0.00000000000000e+00	-1.03546804636634e+03	-9.20979489457912e-02	9.53644832692453e+01	-1.46911340000000e-02	1
34	36	42	44	1.75314876034469e-02	2.24071238000000e-01	0.00000000000000e+00	0.00000000000000e+00	-3.66495331182835e+02	-3.46618658839204e-01	1.27034120165424e+02	-7.76672720000000e-02	1
34	36	44	46	1.75321017223307e-02	2.24071238000000e-01	0.00000000000000e+00	0.00000000000000e+00	-7.24559115431031e+02	-1.71972035964741e-01	1.24603906257486e+02	-3.85339870000000e-02	1
34	36	46	48	1.75342457577293e-02	2.24071238000000e-01	0.00000000000000e+00	0.00000000000000e+00	-1.27532803334340e+03	-9.15864668003486e-02	1.16802788585359e+02	-2.05218930000000e-02	1
34	36	48	43	1.75316834523332e-02	2.24071238000000e-01	0.00000000000000e+00	0.00000000000000e+00	3.05657682960049e+02	4.13040061839619e-01	1.26248868271573e+02	9.25503980000000e-02	1
34	36	43	45	1.75307877385407e-02	2.24071238000000e-01	0.00000000000000e+00	0.00000000000000e+00	-5.26047149410933e+02	-2.46977579514244e-01	1.29921851671880e+02	-5.53405720000000e-02	1
34	36	45	47	1.75325901721247e-02	2.24071238000000e-01	0.00000000000000e+00	0.00000000000000e+00	-9.75718811472902e+02	-1.25790736247907e-01	1.22736387666109e+02	-2.81860860000000e-02	1
34	36	47	49	1.75384116717310e-02	2.24071238000000e-01	0.00000000000000e+00	0.00000000000000e+00	-1.57242355136079e+03	-6.62258044916947e-02	1.04135014690556e+02	-1.48392980000000e-02	1
34	37	48	51	1.75386672012388e-02	2.00300461000000e-01	0.00000000000000e+00	0.00000000000000e+00	-8.35098914413174e+02	-1.23873763825237e-01	1.03446845694729e+02	-2.48119720000000e-02	1
34	37	51	54	1.75276933823930e-02	2.00300461000000e-01	0.00000000000000e+00	0.00000000000000e+00	-1.62673735812289e+03	-8.87905095735152e-02	1.44438838970005e+02	-1.77847800000000e-02	1
34	37	54	49	1.75312179617449e-02	2.00300461000000e-01	0.00000000000000e+00	0.00000000000000e+00	7.57583247201931e+02	1.69131727560028e-01	1.28131363369798e+02	3.38771630000000e-02	1
34	37	49	52	1.75355894232495e-02	2.00300461000000e-01	0.00000000000000e+00	0.00000000000000e+00	-1.04660717875350e+03	-1.07387895627459e-01	1.12392942474931e+02	-2.15098450000000e-02	1
34	37	52	55	1.75237656938614e-02	2.00300461000000e-01	0.00000000000000e+00	0.00000000000000e+00	-1.97555138471449e+03	-8.51963840462654e-02	1.68309834475267e+02	-1.70648750000000e-02	1
34	37	55	50	1.75291503363666e-02	2.00300461000000e-01	0.00000000000000e+00	0.00000000000000e+00	9.35783743281107e+02	1.46636107842008e-01	1.37219685896567e+02	2.93712800000000e-02	1
34	37	50	53	1.75320805502545e-02	2.00300461000000e-01	0.00000000000000e+00	0.00000000000000e+00	-1.31380199558613e+03	-9.49048190158683e-02	1.24686140613788e+02	-1.90094790000000e-02	1
34	37	53	56	1.75241624586284e-02	2.00300461000000e-01	0.00000000000000e+00	0.00000000000000e+00	-2.33296496124891e+03	-7.09595171625691e-02	1.65546067207414e+02	-1.42132240000000e-02	1
34	38	54	58	1.75248929089774e-02	2.12181081000000e-01	0.00000000000000e+00	0.00000000000000e+00	-1.52099139745440e+03	-1.05647100553701e-01	1.60688331108179e+02	-2.24163160000000e-02	1
34	38	58	62	1.75172325350852e-02	2.12181081000000e-01	0.00000000000000e+00	0.00000000000000e+00	-2.68386272313223e+03	-8.64869380131021e-02	2.32119068971213e+02	-1.83508920000000e-02	1
34	38	62	55	1.75207364605903e-02	2.12181081000000e-01	0.00000000000000e+00	0.00000000000000e+00	1.21227809469697e+03	1.59119389159866e-01	1.92896949920067e+02	3.37621240000000e-02	1
34	38	55	59	1.75230664440382e-02	2.12181081000000e-01	0.00000000000000e+00	0.00000000000000e+00	-1.79116782001964e+03	-9.68150925765149e-02	1.73412078315276e+02	-2.05423310000000e-02	1
34	38	59	63	1.75184417002841e-02	2.12181081000000e-01	0.00000000000000e+00	0.00000000000000e+00	-2.87667388963482e+03	-7.53994886094486e-02	2.16899740174619e+02	-1.59983450000000e-02	1
34	38	63	56	1.75201709054115e-02	2.12181081000000e-01	0.00000000000000e+00	0.00000000000000e+00	1.36736980090402e+03	1.45026916890861e-01	1.98305426474781e+02	3.07719680000000e-02	1
34	38	56	60	1.75205408347174e-02	2.12181081000000e-01	0.00000000000000e+00	0.00000000000000e+00	-2.09004270585899e+03	-9.31722842905113e-02	1.94734053169603e+02	-1.97693960000000e-02	1
34	38	60	57	1.75190894080887e-02	2.12181081000000e-01	0.00000000000000e+00	0.00000000000000e+00	3.04478004016925e+03	6.88195145918782e-02	2.09540284403487e+02	1.46021990000000e-02	1
34	38	57	61	1.75187563689677e-02	2.12181081000000e-01	0.00000000000000e+00	0.00000000000000e+00	-2.39465356148010e+03	-8.90570964712919e-02	2.13260893240056e+02	-1.88962310000000e-02	1
34	39	60	65	1.75220228839770e-02	3.64282186000000e-01	0.00000000000000e+00	0.00000000000000e+00	-2.02585745493954e+03	-8.96554958084061e-02	1.81629254559760e+02	-3.26599000000000e-02	1
34	39	65	70	1.75246919284781e-02	3.64282186000000e-01	0.00000000000000e+00	0.00000000000000e+00	-3.76838664419327e+03	-4.29882261659646e-02	1.61996257341381e+02	-1.56598450000000e-02	1
34	39	70	61	1.75240390679950e-02	3.64282186000000e-01	0.00000000000000e+00	0.00000000000000e+00	1.56057711587891e+03	1.06624530357902e-01	1.66395802067878e+02	3.88414170000000e-02	1
34	39	61	66	1.75236714171846e-02	3.64282186000000e-01	0.00000000000000e+00	0.00000000000000e+00	-2.31216554325790e+03	-7.30830741199077e-02	1.68980165775413e+02	-2.66228620000000e-02	1
34	39	66	62	1.75263621428805e-02	3.64282186000000e-01	0.00000000000000e+00	0.00000000000000e+00	3.09369304996515e+03	4.90458267975805e-02	1.51732733493469e+02	1.78665210000000e-02	1
34	39	62	67	1.75257281217699e-02	3.64282186000000e-01	0.00000000000000e+00	0.00000000000000e+00	-2.68188824509007e+03	-5.79710587330230e-02	1.55471900971520e+02	-2.11178240000000e-02	1
34	39	67	63	1.75258796650221e-02	3.64282186000000e-01	0.00000000000000e+00	0.00000000000000e+00	3.75770212555507e+03	4.11319207357562e-02	1.54561505976914e+02	1.49836260000000e-02	1
34	39	63	68	1.75248892898250e-02	3.64282186000000e-01	0.00000000000000e+00	0.00000000000000e+00	-3.21614487686390e+03	-4.99702914377482e-02	1.60711696802910e+02	-1.82032870000000e-02	1
34	39	68	64	1.75231484405665e-02	3.64282186000000e-01	0.00000000000000e+00	0.00000000000000e+00	4.55882239646791e+03	3.79040467271161e-02	1.72797817136343e+02	1.38077690000000e-02	1
34	39	64	69	1.75233746532083e-02	3.64282186000000e-01	0.00000000000000e+00	0.00000000000000e+00	-3.60888345578898e+03	-4.74178608338537e-02	1.71125533472199e+02	-1.72734820000000e-02	1
34	40	66	72	1.75258909993908e-02	2.62662038000000e-01	0.00000000000000e+00	0.00000000000000e+00	-2.67203596068142e+03	-5.78187739485978e-02	1.54493843193163e+02	-1.51867970000000e-02	1
35	36	37	38	1.75215483482170e-02	1.16342438000000e-01	0.00000000000000e+00	0.00000000000000e+00	-1.89313710748297e+01	-9.80536891447986e+00	1.85629077445618e+02	-1.14078052500000e+00	1
35	36	38	39	1.75233218400933e-02	1.16342438000000e-01	0.00000000000000e+00	0.00000000000000e+00	-7.59148328242267e+01	-2.25928249844653e+00	1.71513053172269e+02	-2.62850434000000e-01	1
35	36	39	40	1.75304477673143e-02	1.16342438000000e-01	0.00000000000000e+00	0.00000000000000e+00	-1.86832163855953e+02	-7.03157956858356e-01	1.31372522612378e+02	-8.18071110000000e-02	1
35	36	40	41	1.75298547131616e-02	1.16342438000000e-01	0.00000000000000e+00	0.00000000000000e+00	-3.66597294565688e+02	-3.65475132986297e-01	1.33982194983811e+02	-4.25202680000000e-02	1
35	36	41	42	1.75339843979906e-02	1.16342438000000e-01	0.00000000000000e+00	0.00000000000000e+00	-6.40935567322962e+02	-1.83639472984054e-01	1.17701069799925e+02	-2.13650640000000e-02	1
35	36	42	43	1.75303241662832e-02	1.16342438000000e-01	0.00000000000000e+00	0.00000000000000e+00	-1.02457709044570e+03	-1.28743846677856e-01	1.31907995841985e+02	-1.49783730000000e-02	1
35	37	43	45	1.75290764003766e-02	1.98157283000000e-01	0.00000000000000e+00	0.00000000000000e+00	-3.66154634995082e+02	-3.75711782443040e-01	1.37568610563783e+02	-7.44500260000000e-02	1
35	37	45	47	1.75307831209247e-02	1.98157283000000e-01	0.00000000000000e+00	0.00000000000000e+00	-7.32036745474383e+02	-1.77506581981143e-01	1.29941340573757e+02	-3.51742220000000e-02	1
35	37	47	49	1.75372138752311e-02	1.98157283000000e-01	0.00000000000000e+00	0.00000000000000e+00	-1.24059448397599e+03	-8.66413575119518e-02	1.07486790213519e+02	-1.71686160000000e-02	1
35	37	49	44	1.75321133655437e-02	1.98157283000000e-01	0.00000000000000e+00	0.00000000000000e+00	3.04683895391234e+02	4.08812973076543e-01	1.24558729123433e+02	8.10092680000000e-02	1
35	37	44	46	1.75301499330464e-02	1.98157283000000e-01	0.00000000000000e+00	0.00000000000000e+00	-5.25916415534116e+02	-2.52264949555248e-01	1.32670278034991e+02	-4.99881370000000e-02	1
35	37	46	48	1.75330521026022e-02	1.98157283000000e-01	0.00000000000000e+00	0.00000000000000e+00	-9.83274167009845e+02	-1.23079654861840e-01	1.21021045110135e+02	-2.43891300000000e-02	1
35	37	48	50	1.75386663292122e-02	1.98157283000000e-01	0.00000000000000e+00	0.00000000000000e+00	-1.53386716302061e+03	-6.74433752707439e-02	1.03449178691070e+02	-1.33643960000000e-02	1
35	38	49	52	1.75343390855645e-02	2.08377014000000e-01	0.00000000000000e+00	0.00000000000000e+00	-8.55290851098904e+02	-1.36193831820625e-01	1.16485338332283e+02	-2.83796640000000e-02	1
35	38	52	55	1.75244035239977e-02	2.08377014000000e-01	0.00000000000000e+00	0.00000000000000e+00	-1.67844155793791e+03	-9.76565150319315e-02	1.63910753232982e+02	-2.03493730000000e-02	1
35	38	55	50	1.75289484756145e-02	2.08377014000000e-01	0.00000000000000e+00	0.00000000000000e+00	7.82817792013575e+02	1.76511743277020e-01	1.38176533136584e+02	3.67809900000000e-02	1
35	38	50	53	1.75319435084694e-02	2.08377014000000e-01	0.00000000000000e+00	0.00000000000000e+00	-1.08972391274647e+03	-1.14910812571678e-01	1.25221060292486e+02	-2.39447720000000e-02	1
35	38	53	56	1.75237378935342e-02	2.08377014000000e-01	0.00000000000000e+00	0.00000000000000e+00	-2.00141978403630e+03	-8.41937057414596e-02	1.68506948362288e+02	-1.75440330000000e-02	1
35	38	56	51	1.75264762696581e-02	2.08377014000000e-01	0.00000000000000e+00	0.00000000000000e+00	9.64781834580604e+02	1.56593625053097e-01	1.51078684862354e+02	3.26305120000000e-02	1
35	38	51	54	1.75274570245670e-02	2.08377014000000e-01	0.00000000000000e+00	0.00000000000000e+00	-1.36666962459685e+03	-1.06596507808678e-01	1.45682209310221e+02	-2.22122620000000e-02	1
35	38	54	57	1.75244140416063e-02	2.08377014000000e-01	0.00000000000000e+00	0.00000000000000e+00	-2.35500239610829e+03	-6.95711140193227e-02	1.63840140215428e+02	-1.44970210000000e-02	1
35	39	55	59	1.75230934424812e-02	2.15858190000000e-01	0.00000000000000e+00	0.00000000000000e+00	-1.56736040781103e+03	-1.10510219695625e-01	1.73209343009422e+02	-2.38545360000000e-02	1
35	39	59	63	1.75186974721788e-02	2.15858190000000e-01	0.00000000000000e+00	0.00000000000000e+00	-2.58199946574460e+03	-8.28554246656103e-02	2.13932662220648e+02	-1.78850220000000e-02	1
35	39	63	56	1.75203334986170e-02	2.15858190000000e-01	0.00000000000000e+00	0.00000000000000e+00	1.21381787043498e+03	1.62066910687985e-01	1.96719712399266e+02	3.49834700000000e-02	1
35	39	56	60	1.75207494708540e-02	2.15858190000000e-01	0.00000000000000e+00	0.00000000000000e+00	-1.84189152231628e+03	-1.04661972751648e-01	1.92776000320157e+02	-2.25921440000000e-02	1
35	39	60	64	1.75210865737147e-02	2.15858190000000e-01	0.00000000000000e+00	0.00000000000000e+00	-2.79642921571255e+03	-6.78344240725821e-02	1.89694165307603e+02	-1.46426160000000e-02	1
35	39	64	57	1.75200818767951e-02	2.15858190000000e-01	0.00000000000000e+00	0.00000000000000e+00	1.37215627369568e+03	1.45161724000373e-01	1.99184570287592e+02	3.13343470000000e-02	1
35	39	57	61	1.75188881872320e-02	2.15858190000000e-01	0.00000000000000e+00	0.00000000000000e+00	-2.12434810558366e+03	-9.96882629285458e-02	2.11772572501182e+02	-2.15185280000000e-02	1
35	39	61	58	1.75172031861889e-02	2.15858190000000e-01	0.00000000000000e+00	0.00000000000000e+00	3.07104667488952e+03	7.57119940642512e-02	2.32515067620274e+02	1.63430540000000e-02	1
35	39	58	62	1.75173694978313e-02	2.15858190000000e-01	0.00000000000000e+00	0.00000000000000e+00	-2.39547844462415e+03	-9.61347632906586e-02	2.30288753241817e+02	-2.07514760000000e-02	1
35	40	61	66	1.75243235975421e-02	2.29875020000000e-01	0.00000000000000e+00	0.00000000000000e+00	-2.08395348181701e+03	-7.89122019434735e-02	1.64449357997948e+02	-1.81399440000000e-02	1
35	40	66	71	1.75260555735138e-02	2.29875020000000e-01	0.00000000000000e+00	0.00000000000000e+00	-3.58583298833386e+03	-4.28123725666234e-02	1.53518017858237e+02	-9.84149500000000e-03	1
35	40	71	62	1.75265574569976e-02	2.29875020000000e-01	0.00000000000000e+00	0.00000000000000e+00	1.57101715412367e+03	9.58721743667494e-02	1.50616830533299e+02	2.20386180000000e-02	1
35	40	62	67	1.75267819397563e-02	2.29875020000000e-01	0.00000000000000e+00	0.00000000000000e+00	-2.42719656368920e+03	-6.15336977458447e-02	1.49354379719804e+02	-1.41450600000000e-02	1
35	40	67	63	1.75269233182345e-02	2.29875020000000e-01	0.00000000000000e+00	0.00000000000000e+00	3.41028899664809e+03	4.35652512395649e-02	1.48570096938498e+02	1.00145630000000e-02	1
35	40	63	68	1.75260877186562e-02	2.29875020000000e-01	0.00000000000000e+00	0.00000000000000e+00	-2.92280835732435e+03	-5.24594277359932e-02	1.53328853807214e+02	-1.20591120000000e-02	1
35	40	68	64	1.75242476018285e-02	2.29875020000000e-01	0.00000000000000e+00	0.00000000000000e+00	4.15385973842938e+03	3.97136104653737e-02	1.64964767579784e+02	9.12916700000000e-03	1
35	40	64	69	1.75242614435106e-02	2.29875020000000e-01	0.00000000000000e+00	0.00000000000000e+00	-3.29445185897700e+03	-5.00449418122944e-02	1.64870651585909e+02	-1.15040820000000e-02	1
35	40	69	65	1.75234676601908e-02	2.29875020000000e-01	0.00000000000000e+00	0.00000000000000e+00	4.37170671520838e+03	3.89887383152811e-02	1.70447329110417e+02	8.96253700000000e-03	1
35	40	65	70	1.75255051093890e-02	2.29875020000000e-01	0.00000000000000e+00	0.00000000000000e+00	-3.45340227109834e+03	-4.54135686426476e-02	1.56831321089200e+02	-1.04394450000000e-02	1
36	37	38	39	1.75228671724694e-02	1.10148936000000e-01	0.00000000000000e+00	0.00000000000000e+00	-1.89457198867672e+01	-9.23286343864456e+00	1.74923244461334e+02	-1.01699008400000e+00	1
36	37	39	40	1.75304637370503e-02	1.10148936000000e-01	0.00000000000000e+00	0.00000000000000e+00	-7.46924113840867e+01	-1.75792496080035e+00	1.31303654354454e+02	-1.93633564000000e-01	1
36	37	40	41	1.75311449805202e-02	1.10148936000000e-01	0.00000000000000e+00	0.00000000000000e+00	-1.83708069380114e+02	-6.99107070811832e-01	1.28431610268828e+02	-7.70059000000000e-02	1
36	37	41	42	1.75357921054536e-02	1.10148936000000e-01	0.00000000000000e+00	0.00000000000000e+00	-3.68956661065422e+02	-3.02898686193392e-01	1.11756487899017e+02	-3.33639680000000e-02	1
36	37	42	43	1.75314836981195e-02	1.10148936000000e-01	0.00000000000000e+00	0.00000000000000e+00	-6.47513022196121e+02	-1.96212081431272e-01	1.27049877838955e+02	-2.16125520000000e-02	1
36	37	43	44	1.75286971851483e-02	1.10148936000000e-01	0.00000000000000e+00	0.00000000000000e+00	-1.03352504168519e+03	-1.34865133876554e-01	1.39386493111645e+02	-1.48552510000000e-02	1
36	38	44	46	1.75302057828282e-02	2.02696793000000e-01	0.00000000000000e+00	0.00000000000000e+00	-3.68974987721028e+02	-3.58899595416885e-01	1.32424973812027e+02	-7.27477970000000e-02	1
36	38	46	48	1.75345046520056e-02	2.02696793000000e-01	0.00000000000000e+00	0.00000000000000e+00	-7.43840224532177e+02	-1.55848519024176e-01	1.15926397383950e+02	-3.15899950000000e-02	1
36	38	48	50	1.75406133584622e-02	2.02696793000000e-01	0.00000000000000e+00	0.00000000000000e+00	-1.22067240431157e+03	-8.06848433956229e-02	9.84897617792374e+01	-1.63545590000000e-02	1
36	38	50	45	1.75342710200447e-02	2.02696793000000e-01	0.00000000000000e+00	0.00000000000000e+00	3.06583468559503e+02	3.80701183565346e-01	1.16716689342172e+02	7.71669090000000e-02	1
36	38	45	47	1.75319462493798e-02	2.02696793000000e-01	0.00000000000000e+00	0.00000000000000e+00	-5.35520893334408e+02	-2.33810329697717e-01	1.25210316630534e+02	-4.73926040000000e-02	1
36	38	47	49	1.75391036501066e-02	2.02696793000000e-01	0.00000000000000e+00	0.00000000000000e+00	-9.64903617689301e+02	-1.06012910623603e-01	1.02292240982487e+02	-2.14884770000000e-02	1
36	38	49	51	1.75357273602118e-02	2.02696793000000e-01	0.00000000000000e+00	0.00000000000000e+00	-1.57312620189666e+03	-7.11697594544577e-02	1.11959013380490e+02	-1.44258820000000e-02	1
36	39	50	53	1.75346183794281e-02	2.24540476000000e-01	0.00000000000000e+00	0.00000000000000e+00	-9.00690817700252e+02	-1.28285485597706e-01	1.15545558922072e+02	-2.88052840000000e-02	1
36	39	53	56	1.75255172530278e-02	2.24540476000000e-01	0.00000000000000e+00	0.00000000000000e+00	-1.71871338964351e+03	-9.12058323061540e-02	1.56756685198167e+02	-2.04794010000000e-02	1
36	39	56	51	1.75286345697241e-02	2.24540476000000e-01	0.00000000000000e+00	0.00000000000000e+00	8.16133230517684e+02	1.71162360945561e-01	1.39691290581534e+02	3.84328780000000e-02	1
36	39	51	54	1.75298371930760e-02	2.24540476000000e-01	0.00000000000000e+00	0.00000000000000e+00	-1.14624577827958e+03	-1.16956476924900e-01	1.34060867917620e+02	-2.62614630000000e-02	1
36	39	54	57	1.75260636712545e-02	2.24540476000000e-01	0.00000000000000e+00	0.00000000000000e+00	-2.04184943156024e+03	-7.51624085806249e-02	1.53470321235048e+02	-1.68770030000000e-02	1
36	39	57	52	1.75261172448379e-02	2.24540476000000e-01	0.00000000000000e+00	0.00000000000000e+00	1.00061785059026e+03	1.53060943007888e-01	1.53155511801871e+02	3.43683770000000e-02	1
36	39	52	55	1.75260795733806e-02	2.24540476000000e-01	0.00000000000000e+00	0.00000000000000e+00	-1.42573401670802e+03	-1.07577388408137e-01	1.53376742082093e+02	-2.41554780000000e-02	1
36	39	55	58	1.75258437979007e-02	2.24540476000000e-01	0.00000000000000e+00	0.00000000000000e+00	-2.41962932857848e+03	-6.39668279673550e-02	1.54776013005946e+02	-1.43631420000000e-02	1
36	40	56	60	1.75229003117078e-02	2.65104421000000e-01	0.00000000000000e+00	0.00000000000000e+00	-1.60967982145955e+03	-1.08512332202864e-01	1.74670111526466e+02	-2.87670990000000e-02	1
36	40	60	64	1.75231005768093e-02	2.65104421000000e-01	0.00000000000000e+00	0.00000000000000e+00	-2.50787083288246e+03	-6.90449632297909e-02	1.73155849441435e+02	-1.83041250000000e-02	1
36	40	64	57	1.75220401939379e-02	2.65104421000000e-01	0.00000000000000e+00	0.00000000000000e+00	1.21721381312864e+03	1.49100021987185e-01	1.81486606300586e+02	3.95270750000000e-02	1
36	40	57	61	1.75207849611015e-02	2.65104421000000e-01	0.00000000000000e+00	0.00000000000000e+00	-1.87030355769904e+03	-1.02896043367002e-01	1.92446835982459e+02	-2.72781960000000e-02	1
36	40	61	65	1.75253575763505e-02	2.65104421000000e-01	0.00000000000000e+00	0.00000000000000e+00	-2.86287445658838e+03	-5.50997902822601e-02	1.57743782162459e+02	-1.46071980000000e-02	1
36	40	65	58	1.75215895149036e-02	2.65104421000000e-01	0.00000000000000e+00	0.00000000000000e+00	1.39344079510685e+03	1.32962320534066e-01	1.85275121644240e+02	3.52488990000000e-02	1
36	40	58	62	1.75190548943375e-02	2.65104421000000e-01	0.00000000000000e+00	0.00000000000000e+00	-2.12336216864567e+03	-9.88619952135766e-02	2.09919820553338e+02	-2.62087520000000e-02	1
36	40	62	59	1.75188471560230e-02	2.65104421000000e-01	0.00000000000000e+00	0.00000000000000e+00	2.98747606604561e+03	7.10411087410723e-02	2.12233612069297e+02	1.88333120000000e-02	1
36	40	59	63	1.75202569428769e-02	2.65104421000000e-01	0.00000000000000e+00	0.00000000000000e+00	-2.30293048514508e+03	-8.57442999790637e-02	1.97463162349210e+02	-2.27311930000000e-02	1
36	41	62	67	1.75281175853003e-02	2.92948547000000e-01	0.00000000000000e+00	0.00000000000000e+00	-2.17872009624766e+03	-6.52950908816080e-02	1.42259726690077e+02	-1.91281020000000e-02	1
36	41	67	72	1.75272215031579e-02	2.92948547000000e-01	0.00000000000000e+00	0.00000000000000e+00	-3.39967773148070e+03	-4.32225253535734e-02	1.46942656942903e+02	-1.26619760000000e-02	1
36	41	72	63	1.75278096991244e-02	2.92948547000000e-01	0.00000000000000e+00	0.00000000000000e+00	1.61337208115841e+03	8.91516044966081e-02	1.43834709685304e+02	2.61168330000000e-02	1
36	41	63	68	1.75273868997989e-02	2.92948547000000e-01	0.00000000000000e+00	0.00000000000000e+00	-2.63555552921055e+03	-5.54172470430447e-02	1.46055231857923e+02	-1.62344020000000e-02	1
36	41	68	64	1.75255569608512e-02	2.92948547000000e-01	0.00000000000000e+00	0.00000000000000e+00	3.75639410376987e+03	4.16657912285191e-02	1.56513132499715e+02	1.22059330000000e-02	1
36	41	64	69	1.75255171149393e-02	2.92948547000000e-01	0.00000000000000e+00	0.00000000000000e+00	-2.98525290369573e+03	-5.25106376445008e-02	1.56757533503160e+02	-1.53829150000000e-02	1
36	41	69	65	1.75246753580233e-02	2.92948547000000e-01	0.00000000000000e+00	0.00000000000000e+00	3.97059780692093e+03	4.08263571281683e-02	1.62105044077676e+02	1.19600220000000e-02	1
36	41	65	70	1.75267292114288e-02	2.92948547000000e-01	0.00000000000000e+00	0.00000000000000e+00	-3.14251470711490e+03	-4.76207823621668e-02	1.49649008937427e+02	-1.39504390000000e-02	1
36	41	70	66	1.75270958079226e-02	2.92948547000000e-01	0.00000000000000e+00	0.00000000000000e+00	4.01895394367114e+03	3.67320237980221e-02	1.47624311902083e+02	1.07605930000000e-02	1
36	41	66	71	1.75267589142569e-02	2.92948547000000e-01	0.00000000000000e+00	0.00000000000000e+00	-3.27480916062652e+03	-4.56462922821734e-02	1.49482896114297e+02	-1.33720150000000e-02	1
37	38	39	40	1.75283297118700e-02	1.11911649000000e-01	0.00000000000000e+00	0.00000000000000e+00	-1.86712474939528e+01	-7.56213625267911e+00	1.41194517556764e+02	-8.46291138000000e-01	1
37	38	40	41	1.75296486622050e-02	1.11911649000000e-01	0.00000000000000e+00	0.00000000000000e+00	-7.35881251454798e+01	-1.83335746397589e+00	1.34913338495457e+02	-2.05174057000000e-01	1
37	38	41	42	1.75339309234693e-02	1.11911649000000e-01	0.00000000000000e+00	0.00000000000000e+00	-1.85122857270573e+02	-6.36801777444991e-01	1.17886564555596e+02	-7.12655370000000e-02	1
37	38	42	43	1.75292075872578e-02	1.11911649000000e-01	0.00000000000000e+00	0.00000000000000e+00	-3.72627231908312e+02	-3.67527396544751e-01	1.36950716424939e+02	-4.11305970000000e-02	1
37	38	43	44	1.75261816180579e-02	1.11911649000000e-01	0.00000000000000e+00	0.00000000000000e+00	-6.52149619291730e+02	-2.34269776509146e-01	1.52778945561998e+02	-2.62175170000000e-02	1
37	38	44	45	1.75290759869042e-02	1.11911649000000e-01	0.00000000000000e+00	0.00000000000000e+00	-1.03841811657296e+03	-1.32480900178676e-01	1.37570566845431e+02	-1.48261560000000e-02	1
37	39	45	47	1.75334404935590e-02	2.28657283000000e-01	0.00000000000000e+00	0.00000000000000e+00	-3.78789879153470e+02	-3.15783145206007e-01	1.19615459411286e+02	-7.22061160000000e-02	1
37	39	47	49	1.75416591139676e-02	2.28657283000000e-01	0.00000000000000e+00	0.00000000000000e+00	-7.35725792998259e+02	-1.30507052338237e-01	9.60174045734145e+01	-2.98413880000000e-02	1
37	39	49	51	1.75383968996148e-02	2.28657283000000e-01	0.00000000000000e+00	0.00000000000000e+00	-1.26091706119830e+03	-8.26185011565977e-02	1.04175077678986e+02	-1.88913220000000e-02	1
37	39	51	46	1.75387709585957e-02	2.28657283000000e-01	0.00000000000000e+00	0.00000000000000e+00	3.11410300172579e+02	3.31299270270783e-01	1.03170005201981e+02	7.57539910000000e-02	1
37	39	46	48	1.75363383544135e-02	2.28657283000000e-01	0.00000000000000e+00	0.00000000000000e+00	-5.48499652519283e+02	-2.00686601353520e-01	1.10076531107682e+02	-4.58884530000000e-02	1
37	39	48	50	1.75433726614287e-02	2.28657283000000e-01	0.00000000000000e+00	0.00000000000000e+00	-9.56315772469661e+02	-9.64367577130705e-02	9.22239924468446e+01	-2.20509670000000e-02	1
37	39	50	52	1.75374020849059e-02	2.28657283000000e-01	0.00000000000000e+00	0.00000000000000e+00	-1.64855368212946e+03	-6.48725673872369e-02	1.06945909835421e+02	-1.48335850000000e-02	1
37	40	51	54	1.75337710308589e-02	2.29708155000000e-01	0.00000000000000e+00	0.00000000000000e+00	-9.40408883721335e+02	-1.25950225842004e-01	1.18444711288529e+02	-2.89317940000000e-02	1
37	40	54	57	1.75290276431723e-02	2.29708155000000e-01	0.00000000000000e+00	0.00000000000000e+00	-1.73968458982906e+03	-7.92095779098483e-02	1.37799682056627e+02	-1.81950860000000e-02	1
37	40	57	52	1.75298873869501e-02	2.29708155000000e-01	0.00000000000000e+00	0.00000000000000e+00	8.40156766006619e+02	1.59298510755963e-01	1.33835721626401e+02	3.65921670000000e-02	1
37	40	52	55	1.75301375153084e-02	2.29708155000000e-01	0.00000000000000e+00	0.00000000000000e+00	-1.18688532927394e+03	-1.11826256233698e-01	1.32724942951405e+02	-2.56874030000000e-02	1
37	40	55	58	1.75287914332319e-02	2.29708155000000e-01	0.00000000000000e+00	0.00000000000000e+00	-2.08133963253789e+03	-6.67503815874539e-02	1.38930214684995e+02	-1.53331070000000e-02	1
37	40	58	53	1.75285007047397e-02	2.29708155000000e-01	0.00000000000000e+00	0.00000000000000e+00	1.01836290580647e+03	1.37816691793115e-01	1.40347406723072e+02	3.16576180000000e-02	1
37	40	53	56	1.75286381356634e-02	2.29708155000000e-01	0.00000000000000e+00	0.00000000000000e+00	-1.44861452044161e+03	-9.64189538677893e-02	1.39673896618669e+02	-2.21482200000000e-02	1
37	40	56	59	1.75255076142527e-02	2.29708155000000e-01	0.00000000000000e+00	0.00000000000000e+00	-2.49968951170477e+03	-6.27341593510252e-02	1.56815920155373e+02	-1.44105480000000e-02	1
37	41	57	61	1.75217646079587e-02	2.32510976000000e-01	0.00000000000000e+00	0.00000000000000e+00	-1.61917274219711e+03	-1.13505252328389e-01	1.83784610666332e+02	-2.63912170000000e-02	1
37	41	61	65	1.75264252830933e-02	2.32510976000000e-01	0.00000000000000e+00	0.00000000000000e+00	-2.54256774153493e+03	-5.95343765620768e-02	1.51370185359129e+02	-1.38423960000000e-02	1
37	41	65	58	1.75224957901978e-02	2.32510976000000e-01	0.00000000000000e+00	0.00000000000000e+00	1.22421181418963e+03	1.45245328117327e-01	1.77811046637081e+02	3.37711330000000e-02	1
37	41	58	62	1.75199981172361e-02	2.32510976000000e-01	0.00000000000000e+00	0.00000000000000e+00	-1.85210042688068e+03	-1.07995671567780e-01	2.00018829411952e+02	-2.51101790000000e-02	1
37	41	62	66	1.75290333006953e-02	2.32510976000000e-01	0.00000000000000e+00	0.00000000000000e+00	-2.98515832339249e+03	-4.61526039957787e-02	1.37772829964236e+02	-1.07309870000000e-02	1
37	41	66	59	1.75231876119590e-02	2.32510976000000e-01	0.00000000000000e+00	0.00000000000000e+00	1.39421661409525e+03	1.23729629864871e-01	1.72505905613459e+02	2.87684970000000e-02	1
37	41	59	63	1.75211552084003e-02	2.32510976000000e-01	0.00000000000000e+00	0.00000000000000e+00	-2.02248560089103e+03	-9.34882962256371e-02	1.89078732968186e+02	-2.17370550000000e-02	1
37	41	63	60	1.75223472233966e-02	2.32510976000000e-01	0.00000000000000e+00	0.00000000000000e+00	2.80700130673657e+03	6.37666799867547e-02	1.78993154049073e+02	1.48264530000000e-02	1
37	41	60	64	1.75240077494999e-02	2.32510976000000e-01	0.00000000000000e+00	0.00000000000000e+00	-2.21572139487593e+03	-7.51957662420203e-02	1.66612868066534e+02	-1.74838410000000e-02	1
37	42	63	68	1.75269060691484e-02	2.16931300000000e-01	0.00000000000000e+00	0.00000000000000e+00	-2.35803348859766e+03	-6.30463238822613e-02	1.48665343047346e+02	-1.36767210000000e-02	1
37	42	68	64	1.75245722284790e-02	2.16931300000000e-01	0.00000000000000e+00	0.00000000000000e+00	3.37126812210488e+03	4.82861025587363e-02	1.62785398296955e+02	1.04747670000000e-02	1
37	42	64	69	1.75264603939172e-02	2.16931300000000e-01	0.00000000000000e+00	0.00000000000000e+00	-2.68493813223256e+03	-5.63027234889571e-02	1.51169329244047e+02	-1.22138230000000e-02	1
37	42	69	65	1.75256951937375e-02	2.16931300000000e-01	0.00000000000000e+00	0.00000000000000e+00	3.58006477358243e+03	4.34827708126951e-02	1.55671136044288e+02	9.43277400000000e-03	1
37	42	65	70	1.75278445441217e-02	2.16931300000000e-01	0.00000000000000e+00	0.00000000000000e+00	-2.83912883834423e+03	-5.05981663319217e-02	1.43654713200297e+02	-1.09763260000000e-02	1
37	42	70	66	1.75280710653778e-02	2.16931300000000e-01	0.00000000000000e+00	0.00000000000000e+00	3.63876964698219e+03	3.91603470776232e-02	1.42495482311343e+02	8.49510500000000e-03	1
37	42	66	71	1.75279156070990e-02	2.16931300000000e-01	0.00000000000000e+00	0.00000000000000e+00	-2.97002658351648e+03	-4.82450296476350e-02	1.43289020576016e+02	-1.04658570000000e-02	1
37	42	71	67	1.75286564754155e-02	2.16931300000000e-01	0.00000000000000e+00	0.00000000000000e+00	3.70230492444228e+03	3.77020559043347e-02	1.39584507236216e+02	8.17875600000000e-03	1
37	42	67	72	1.75276909525479e-02	2.16931300000000e-01	0.00000000000000e+00	0.00000000000000e+00	-3.09356818767141e+03	-4.66941423390723e-02	1.44451513290755e+02	-1.01294210000000e-02	1
38	39	40	41	1.75332635752255e-02	1.27986501000000e-01	0.00000000000000e+00	0.00000000000000e+00	-1.88091532749080e+01	-6.39325194928175e+00	1.20251655839144e+02	-8.18249947000000e-01	1
38	39	41	42	1.75414635379905e-02	1.27986501000000e-01	0.00000000000000e+00	0.00000000000000e+00	-7.57771135289537e+01	-1.27307965079849e+00	9.64703012299576e+01	-1.62937010000000e-01	1
38	39	42	43	1.75341584051277e-02	1.27986501000000e-01	0.00000000000000e+00	0.00000000000000e+00	-1.90598272556107e+02	-6.14389020604603e-01	1.17101486004676e+02	-7.86335010000000e-02	1
38	39	43	44	1.75293931763143e-02	1.27986501000000e-01	0.00000000000000e+00	0.00000000000000e+00	-3.82031008345671e+02	-3.56217176372374e-01	1.36086007079586e+02	-4.55909900000000e-02	1
38	39	44	45	1.75319634218454e-02	1.27986501000000e-01	0.00000000000000e+00	0.00000000000000e+00	-6.66624409114686e+02	-1.87726469684487e-01	1.25143046928607e+02	-2.40264540000000e-02	1
38	39	45	46	1.75328240664824e-02	1.27986501000000e-01	0.00000000000000e+00	0.00000000000000e+00	-1.06591219970831e+03	-1.14326306959513e-01	1.21861805335742e+02	-1.46322240000000e-02	1
38	40	46	48	1.75414443927279e-02	2.31477737000000e-01	0.00000000000000e+00	0.00000000000000e+00	-3.84648666949378e+02	-2.50916938072537e-01	9.65148657446210e+01	-5.80816850000000e-02	1
38	40	48	50	1.75514423484573e-02	2.31477737000000e-01	0.00000000000000e+00	0.00000000000000e+00	-7.23266955154912e+02	-1.07507950105802e-01	7.77569477279698e+01	-2.48856970000000e-02	1
38	40	50	52	1.75463233266952e-02	2.31477737000000e-01	0.00000000000000e+00	0.00000000000000e+00	-1.31098801799001e+03	-6.58660361795398e-02	8.63495842238731e+01	-1.52465210000000e-02	1
38	40	52	47	1.75462167759990e-02	2.31477737000000e-01	0.00000000000000e+00	0.00000000000000e+00	3.11848120322613e+02	2.77534651204923e-01	8.65486593026474e+01	6.42430930000000e-02	1
38	40	47	49	1.75467141145405e-02	2.31477737000000e-01	0.00000000000000e+00	0.00000000000000e+00	-5.38211488258382e+02	-1.59095870200252e-01	8.56272250762398e+01	-3.68271520000000e-02	1
38	40	49	51	1.75460119917044e-02	2.31477737000000e-01	0.00000000000000e+00	0.00000000000000e+00	-9.80218709034284e+02	-8.86882266349442e-02	8.69338590186449e+01	-2.05293500000000e-02	1
38	40	51	53	1.75388329828542e-02	2.31477737000000e-01	0.00000000000000e+00	0.00000000000000e+00	-1.73335471385741e+03	-5.94253563140718e-02	1.03005221489652e+02	-1.37556470000000e-02	1
38	41	52	55	1.75317189378816e-02	2.17279587000000e-01	0.00000000000000e+00	0.00000000000000e+00	-9.63881908806725e+02	-1.30833068087524e-01	1.26107627403242e+02	-2.84273550000000e-02	1
38	41	55	58	1.75306553360196e-02	2.17279587000000e-01	0.00000000000000e+00	0.00000000000000e+00	-1.75473840505993e+03	-7.43603677781291e-02	1.30482993154664e+02	-1.61569900000000e-02	1
38	41	58	53	1.75304798991724e-02	2.17279587000000e-01	0.00000000000000e+00	0.00000000000000e+00	8.46090700445550e+02	1.55106337715931e-01	1.31234029921616e+02	3.37014410000000e-02	1
38	41	53	56	1.75307361895886e-02	2.17279587000000e-01	0.00000000000000e+00	0.00000000000000e+00	-1.19334047538056e+03	-1.09055002944202e-01	1.30139749056063e+02	-2.36954260000000e-02	1
38	41	56	59	1.75270157659772e-02	2.17279587000000e-01	0.00000000000000e+00	0.00000000000000e+00	-2.12740716955728e+03	-6.95972512134792e-02	1.48061691213034e+02	-1.51220620000000e-02	1
38	41	59	54	1.75287977643395e-02	2.17279587000000e-01	0.00000000000000e+00	0.00000000000000e+00	1.02976626325058e+03	1.34884658999283e-01	1.38899671267520e+02	2.93076830000000e-02	1
38	41	54	57	1.75306721734350e-02	2.17279587000000e-01	0.00000000000000e+00	0.00000000000000e+00	-1.45091999282306e+03	-8.98818442617898e-02	1.30411364831239e+02	-1.95294900000000e-02	1
38	41	57	60	1.75231049894533e-02	2.17279587000000e-01	0.00000000000000e+00	0.00000000000000e+00	-2.55040796117326e+03	-6.78804263375188e-02	1.73122779739043e+02	-1.47490310000000e-02	1
38	42	58	62	1.75214729528071e-02	2.52116501000000e-01	0.00000000000000e+00	0.00000000000000e+00	-1.59982026454341e+03	-1.16438614226206e-01	1.86280854614437e+02	-2.93560960000000e-02	1
38	42	62	66	1.75310096762275e-02	2.52116501000000e-01	0.00000000000000e+00	0.00000000000000e+00	-2.64346943356978e+03	-4.87964768319548e-02	1.28991994971169e+02	-1.23023970000000e-02	1
38	42	66	59	1.75247815288050e-02	2.52116501000000e-01	0.00000000000000e+00	0.00000000000000e+00	1.22112630111482e+03	1.32181693256167e-01	1.61410542160996e+02	3.33251860000000e-02	1
38	42	59	63	1.75226446491329e-02	2.52116501000000e-01	0.00000000000000e+00	0.00000000000000e+00	-1.76011595046708e+03	-1.00358258581417e-01	1.76642171690251e+02	-2.53019730000000e-02	1
38	42	63	67	1.75303990838522e-02	2.52116501000000e-01	0.00000000000000e+00	0.00000000000000e+00	-3.26151573717280e+03	-4.03440986990376e-02	1.31582912808964e+02	-1.01714130000000e-02	1
38	42	67	60	1.75262975604766e-02	2.52116501000000e-01	0.00000000000000e+00	0.00000000000000e+00	1.39981346681766e+03	1.08661166132874e-01	1.52105363672908e+02	2.73952730000000e-02	1
38	42	60	64	1.75256392857512e-02	2.52116501000000e-01	0.00000000000000e+00	0.00000000000000e+00	-1.94095171874063e+03	-8.03783961764565e-02	1.56010586208309e+02	-2.02647200000000e-02	1
38	42	64	61	1.75275550482184e-02	2.52116501000000e-01	0.00000000000000e+00	0.00000000000000e+00	2.71659089826214e+03	5.34360779503282e-02	1.45163962998688e+02	1.34721170000000e-02	1
38	42	61	65	1.75280043843350e-02	2.52116501000000e-01	0.00000000000000e+00	0.00000000000000e+00	-2.23991155269219e+03	-6.37680434887520e-02	1.42834777303034e+02	-1.60769760000000e-02	1
38	43	64	69	1.75279361204512e-02	2.30592087000000e-01	0.00000000000000e+00	0.00000000000000e+00	-2.39925915922357e+03	-5.96783401331547e-02	1.43183804171731e+02	-1.37613530000000e-02	1
38	43	69	65	1.75271671201722e-02	2.30592087000000e-01	0.00000000000000e+00	0.00000000000000e+00	3.20777500201856e+03	4.58999792130768e-02	1.47236805912879e+02	1.05841720000000e-02	1
38	43	65	70	1.75289769042441e-02	2.30592087000000e-01	0.00000000000000e+00	0.00000000000000e+00	-2.54933138398245e+03	-5.41479118492041e-02	1.38040971054291e+02	-1.24860800000000e-02	1
38	43	70	66	1.75294054046817e-02	2.30592087000000e-01	0.00000000000000e+00	0.00000000000000e+00	3.27493762511279e+03	4.15364903653437e-02	1.36029415112599e+02	9.57798600000000e-03	1
38	43	66	71	1.75291556989866e-02	2.30592087000000e-01	0.00000000000000e+00	0.00000000000000e+00	-2.67784909250370e+03	-5.12330763544371e-02	1.37194447021902e+02	-1.18139420000000e-02	1
38	43	71	67	1.75297956551124e-02	2.30592087000000e-01	0.00000000000000e+00	0.00000000000000e+00	3.34485453243583e+03	4.01356053471167e-02	1.34247761457359e+02	9.25495300000000e-03	1
38	43	67	72	1.75294857705620e-02	2.30592087000000e-01	0.00000000000000e+00	0.00000000000000e+00	-2.79918718775762e+03	-4.84635884318095e-02	1.35658655811079e+02	-1.11753200000000e-02	1
39	40	41	42	1.75416199686575e-02	1.77639053000000e-01	0.00000000000000e+00	0.00000000000000e+00	-1.90547895060407e+01	-5.04375621164790e+00	9.61077129327360e+01	-8.95968077000000e-01	1
39	40	42	43	1.75396617971814e-02	1.77639053000000e-01	0.00000000000000e+00	0.00000000000000e+00	-7.63229677034934e+01	-1.32139406867926e+00	1.00852716827395e+02	-2.34731191000000e-01	1
39	40	43	44	1.75344409360461e-02	1.77639053000000e-01	0.00000000000000e+00	0.00000000000000e+00	-1.90743842760301e+02	-6.08883937249992e-01	1.16140861986086e+02	-1.08161566000000e-01	1
39	40	44	45	1.75376228642627e-02	1.77639053000000e-01	0.00000000000000e+00	0.00000000000000e+00	-3.80927534850388e+02	-2.79103812831067e-01	1.06318327389083e+02	-4.95797370000000e-02	1
39	40	45	46	1.75375666224750e-02	1.77639053000000e-01	0.00000000000000e+00	0.00000000000000e+00	-6.66987116641892e+02	-1.59639513502698e-01	1.06477498813279e+02	-2.83582120000000e-02	1
39	40	46	47	1.75446196432524e-02	1.77639053000000e-01	0.00000000000000e+00	0.00000000000000e+00	-1.08381795403113e+03	-8.27137206141264e-02	8.96466154463053e+01	-1.46931870000000e-02	1
39	41	47	49	1.75508079497362e-02	2.24904043000000e-01	0.00000000000000e+00	0.00000000000000e+00	-3.70813181529297e+02	-2.12311323367362e-01	7.87278372925467e+01	-4.77496750000000e-02	1
39	41	49	51	1.75481846855434e-02	2.24904043000000e-01	0.00000000000000e+00	0.00000000000000e+00	-7.28148751143323e+02	-1.14006825568716e-01	8.30139276596752e+01	-2.56405960000000e-02	1
39	41	51	53	1.75415798015866e-02	2.24904043000000e-01	0.00000000000000e+00	0.00000000000000e+00	-1.35230827427115e+03	-7.11380364113774e-02	9.62005552545082e+01	-1.59992320000000e-02	1
39	41	53	48	1.75496076472744e-02	2.24904043000000e-01	0.00000000000000e+00	0.00000000000000e+00	3.08741424126669e+02	2.61165891979985e-01	8.06327294232125e+01	5.87372650000000e-02	1
39	41	48	50	1.75527389473848e-02	2.24904043000000e-01	0.00000000000000e+00	0.00000000000000e+00	-5.19561469510433e+02	-1.45979407760135e-01	7.58452756141186e+01	-3.28313590000000e-02	1
39	41	50	52	1.75499846465658e-02	2.24904043000000e-01	0.00000000000000e+00	0.00000000000000e+00	-1.00060988988144e+03	-7.99757966111796e-02	8.00245730402929e+01	-1.79868800000000e-02	1
39	41	52	54	1.75337836087873e-02	2.24904043000000e-01	0.00000000000000e+00	0.00000000000000e+00	-1.77741227890474e+03	-6.66140403709861e-02	1.18400613302847e+02	-1.49817670000000e-02	1
39	42	53	56	1.75337195430895e-02	2.05598872000000e-01	0.00000000000000e+00	0.00000000000000e+00	-9.63751915684651e+02	-1.23087246315242e-01	1.18625569432663e+02	-2.53065990000000e-02	1
39	42	56	59	1.75291903923709e-02	2.05598872000000e-01	0.00000000000000e+00	0.00000000000000e+00	-1.78207284819910e+03	-7.68943810158647e-02	1.37031388587449e+02	-1.58093980000000e-02	1
39	42	59	54	1.75315492200853e-02	2.05598872000000e-01	0.00000000000000e+00	0.00000000000000e+00	8.50239270654830e+02	1.49118045744920e-01	1.26786018455635e+02	3.06585020000000e-02	1
39	42	54	57	1.75337729166133e-02	2.05598872000000e-01	0.00000000000000e+00	0.00000000000000e+00	-1.18824529285816e+03	-9.96747880990320e-02	1.18438097775310e+02	-2.04930240000000e-02	1
39	42	57	60	1.75249434286841e-02	2.05598872000000e-01	0.00000000000000e+00	0.00000000000000e+00	-2.15671936531986e+03	-7.43550042434085e-02	1.60362877560199e+02	-1.52873050000000e-02	1
39	42	60	55	1.75289792711815e-02	2.05598872000000e-01	0.00000000000000e+00	0.00000000000000e+00	1.03567668707310e+03	1.33274889757177e-01	1.38029696293746e+02	2.74011670000000e-02	1
39	42	55	58	1.75333026146742e-02	2.05598872000000e-01	0.00000000000000e+00	0.00000000000000e+00	-1.45457559290544e+03	-8.25743878594820e-02	1.20110689179510e+02	-1.69772010000000e-02	1
39	42	58	61	1.75221400976776e-02	2.05598872000000e-01	0.00000000000000e+00	0.00000000000000e+00	-2.52435908108229e+03	-7.15697214525574e-02	1.80667676279293e+02	-1.47146540000000e-02	1
39	43	59	63	1.75234241278663e-02	2.54217438000000e-01	0.00000000000000e+00	0.00000000000000e+00	-1.51371564823028e+03	-1.12811210850138e-01	1.70764095159660e+02	-2.86785770000000e-02	1
39	43	63	67	1.75310064282327e-02	2.54217438000000e-01	0.00000000000000e+00	0.00000000000000e+00	-2.87398966106713e+03	-4.48872551378635e-02	1.29005507179902e+02	-1.14111230000000e-02	1
39	43	67	60	1.75270175590792e-02	2.54217438000000e-01	0.00000000000000e+00	0.00000000000000e+00	1.21938891907236e+03	1.21414802394476e-01	1.48051864651184e+02	3.08657600000000e-02	1
39	43	60	64	1.75263291244137e-02	2.54217438000000e-01	0.00000000000000e+00	0.00000000000000e+00	-1.68120111346137e+03	-9.03657600388530e-02	1.51923016396103e+02	-2.29725520000000e-02	1
39	43	64	68	1.75286151649796e-02	2.54217438000000e-01	0.00000000000000e+00	0.00000000000000e+00	-3.55736414397406e+03	-3.92948299636314e-02	1.39786019156180e+02	-9.98943100000000e-03	1
39	43	68	61	1.75283843941107e-02	2.54217438000000e-01	0.00000000000000e+00	0.00000000000000e+00	1.41963577811805e+03	9.92666639965115e-02	1.40922507783871e+02	2.52353170000000e-02	1
39	43	61	65	1.75287525059372e-02	2.54217438000000e-01	0.00000000000000e+00	0.00000000000000e+00	-1.95212396937639e+03	-7.12650994460891e-02	1.39118308808703e+02	-1.81168310000000e-02	1
39	43	65	62	1.75327766102855e-02	2.54217438000000e-01	0.00000000000000e+00	0.00000000000000e+00	2.79195437036985e+03	4.37106875414266e-02	1.22038245113157e+02	1.11120190000000e-02	1
39	43	62	66	1.75318692316024e-02	2.54217438000000e-01	0.00000000000000e+00	0.00000000000000e+00	-2.31676691746068e+03	-5.41758901684785e-02	1.25512910066314e+02	-1.37724560000000e-02	1
39	44	65	70	1.75285212134765e-02	3.25919586000000e-01	0.00000000000000e+00	0.00000000000000e+00	-2.26870975297656e+03	-6.18177300949321e-02	1.40246487173245e+02	-2.01476090000000e-02	1
39	44	70	66	1.75288978624957e-02	3.25919586000000e-01	0.00000000000000e+00	0.00000000000000e+00	2.92172943676621e+03	4.73755510968279e-02	1.38418542222624e+02	1.54406200000000e-02	1
39	44	66	71	1.75287668110821e-02	3.25919586000000e-01	0.00000000000000e+00	0.00000000000000e+00	-2.39356416117045e+03	-5.80929186624581e-02	1.39049128128250e+02	-1.89336200000000e-02	1
39	44	71	67	1.75295143177565e-02	3.25919586000000e-01	0.00000000000000e+00	0.00000000000000e+00	2.99626631621902e+03	4.52321082661169e-02	1.35527442409338e+02	1.47420300000000e-02	1
39	44	67	72	1.75289789635565e-02	3.25919586000000e-01	0.00000000000000e+00	0.00000000000000e+00	-2.51153245177440e+03	-5.49589400865280e-02	1.38031161542440e+02	-1.79121950000000e-02	1
40	41	42	43	1.75263700263025e-02	1.86754410000000e-01	0.00000000000000e+00	0.00000000000000e+00	-1.89155038266464e+01	-8.01920867625027e+00	1.51687372402288e+02	-1.49762258500000e+00	1
40	41	43	44	1.75318474888000e-02	1.86754410000000e-01	0.00000000000000e+00	0.00000000000000e+00	-7.53301657640366e+01	-1.66730815620365e+00	1.25598599786551e+02	-3.11377151000000e-01	1
40	41	44	45	1.75346706741839e-02	1.86754410000000e-01	0.00000000000000e+00	0.00000000000000e+00	-1.87781024351861e+02	-6.14392634690661e-01	1.15371278296451e+02	-1.14740534000000e-01	1
40	41	45	46	1.75351193548558e-02	1.86754410000000e-01	0.00000000000000e+00	0.00000000000000e+00	-3.76376055979646e+02	-3.02615713331749e-01	1.13897308661271e+02	-5.65148190000000e-02	1
40	41	46	47	1.75383980888714e-02	1.86754410000000e-01	0.00000000000000e+00	0.00000000000000e+00	-6.69527326518075e+02	-1.55590141084219e-01	1.04171851192687e+02	-2.90571450000000e-02	1
40	41	47	48	1.75473958273424e-02	1.86754410000000e-01	0.00000000000000e+00	0.00000000000000e+00	-1.05637747221943e+03	-7.98915324141475e-02	8.43956150633940e+01	-1.49200960000000e-02	1
40	42	48	50	1.75569432142255e-02	2.26063599000000e-01	0.00000000000000e+00	0.00000000000000e+00	-3.59677882641946e+02	-1.95300916181556e-01	7.02454200102144e+01	-4.41504280000000e-02	1
40	42	50	52	1.75525101187201e-02	2.26063599000000e-01	0.00000000000000e+00	0.00000000000000e+00	-7.46702443286124e+02	-1.02016264900746e-01	7.61757942563114e+01	-2.30621640000000e-02	1
40	42	52	54	1.75354518573445e-02	2.26063599000000e-01	0.00000000000000e+00	0.00000000000000e+00	-1.39137593572904e+03	-8.10917196801773e-02	1.12829067349883e+02	-1.83318860000000e-02	1
40	42	54	49	1.75469089211195e-02	2.26063599000000e-01	0.00000000000000e+00	0.00000000000000e+00	3.14407268114596e+02	2.71213916221868e-01	8.52716264739786e+01	6.13115940000000e-02	1
40	42	49	51	1.75518806923870e-02	2.26063599000000e-01	0.00000000000000e+00	0.00000000000000e+00	-5.25723266811436e+02	-1.46655052589869e-01	7.70999733419488e+01	-3.31533690000000e-02	1
40	42	51	53	1.75441444793153e-02	2.26063599000000e-01	0.00000000000000e+00	0.00000000000000e+00	-1.03590235821346e+03	-8.74711368281808e-02	9.06115569159245e+01	-1.97740400000000e-02	1
40	42	53	55	1.75332729387054e-02	2.26063599000000e-01	0.00000000000000e+00	0.00000000000000e+00	-1.77569641166503e+03	-6.77017842222356e-02	1.20217815306744e+02	-1.53049090000000e-02	1
40	43	54	57	1.75341306752298e-02	1.92997386000000e-01	0.00000000000000e+00	0.00000000000000e+00	-9.60980310529463e+02	-1.21955283891773e-01	1.17196626585024e+02	-2.35370510000000e-02	1
40	43	57	60	1.75249196704281e-02	1.92997386000000e-01	0.00000000000000e+00	0.00000000000000e+00	-1.80889173976494e+03	-8.87370775063244e-02	1.60515766512071e+02	-1.71260240000000e-02	1
40	43	60	55	1.75290811916277e-02	1.92997386000000e-01	0.00000000000000e+00	0.00000000000000e+00	8.56173558933985e+02	1.60651942715950e-01	1.37545945544773e+02	3.10054050000000e-02	1
40	43	55	58	1.75334183237648e-02	1.92997386000000e-01	0.00000000000000e+00	0.00000000000000e+00	-1.19280444017101e+03	-1.00347390197295e-01	1.19694812586907e+02	-1.93667840000000e-02	1
40	43	58	61	1.75220210798184e-02	1.92997386000000e-01	0.00000000000000e+00	0.00000000000000e+00	-2.13785877017005e+03	-8.49654512937289e-02	1.81644135209755e+02	-1.63981100000000e-02	1
40	43	61	56	1.75264349985014e-02	1.92997386000000e-01	0.00000000000000e+00	0.00000000000000e+00	1.03452012128345e+03	1.46265452527943e-01	1.51314553688786e+02	2.82288500000000e-02	1
40	43	56	59	1.75293610536888e-02	1.92997386000000e-01	0.00000000000000e+00	0.00000000000000e+00	-1.47884266590725e+03	-9.21226414952584e-02	1.36234892739265e+02	-1.77794290000000e-02	1
40	43	59	62	1.75216855389699e-02	1.92997386000000e-01	0.00000000000000e+00	0.00000000000000e+00	-2.41460181551975e+03	-7.63913610726313e-02	1.84454719136001e+02	-1.47433330000000e-02	1
40	44	60	64	1.75251915347109e-02	3.06278330000000e-01	0.00000000000000e+00	0.00000000000000e+00	-1.44574814630074e+03	-1.09827910449949e-01	1.58783497945098e+02	-3.36379090000000e-02	1
40	44	64	68	1.75260192257601e-02	3.06278330000000e-01	0.00000000000000e+00	0.00000000000000e+00	-3.13496100015208e+03	-4.90380824526502e-02	1.53732476011300e+02	-1.50193020000000e-02	1
40	44	68	61	1.75265749614325e-02	3.06278330000000e-01	0.00000000000000e+00	0.00000000000000e+00	1.23602190310371e+03	1.21775853355345e-01	1.50517622016352e+02	3.72973050000000e-02	1
40	44	61	65	1.75274335019213e-02	3.06278330000000e-01	0.00000000000000e+00	0.00000000000000e+00	-1.69017941775443e+03	-8.62672458740388e-02	1.45807123402661e+02	-2.64217880000000e-02	1
40	44	65	69	1.75260593854444e-02	3.06278330000000e-01	0.00000000000000e+00	0.00000000000000e+00	-3.37080304503073e+03	-4.55367932821104e-02	1.53495561456273e+02	-1.39469330000000e-02	1
40	44	69	62	1.75287148933141e-02	3.06278330000000e-01	0.00000000000000e+00	0.00000000000000e+00	1.41107450876642e+03	9.87194751910787e-02	1.39300534960931e+02	3.02356360000000e-02	1
40	44	62	66	1.75302173979517e-02	3.06278330000000e-01	0.00000000000000e+00	0.00000000000000e+00	-2.01827769068610e+03	-6.55876404967991e-02	1.32374071599430e+02	-2.00880730000000e-02	1
40	44	66	63	1.75305872719838e-02	3.06278330000000e-01	0.00000000000000e+00	0.00000000000000e+00	3.06771773008706e+03	4.26288728947947e-02	1.30773349192989e+02	1.30563000000000e-02	1
40	44	63	67	1.75295258584310e-02	3.06278330000000e-01	0.00000000000000e+00	0.00000000000000e+00	-2.51862182412103e+03	-5.37891270335711e-02	1.35474469247170e+02	-1.64744440000000e-02	1
40	45	66	71	1.75277651635220e-02	2.85321482000000e-01	0.00000000000000e+00	0.00000000000000e+00	-2.12714990680857e+03	-6.77269719214482e-02	1.44065422011135e+02	-1.93239600000000e-02	1
40	45	71	67	1.75283429047276e-02	2.85321482000000e-01	0.00000000000000e+00	0.00000000000000e+00	2.66910116036273e+03	5.28750267741845e-02	1.41128795317186e+02	1.50863810000000e-02	1
40	45	67	72	1.75281365914214e-02	2.85321482000000e-01	0.00000000000000e+00	0.00000000000000e+00	-2.24118513178061e+03	-6.34323461140581e-02	1.42163630984789e+02	-1.80986110000000e-02	1
41	42	43	44	1.75313261267093e-02	2.25847646000000e-01	0.00000000000000e+00	0.00000000000000e+00	-1.89192544304284e+01	-6.74915299759201e+00	1.27688942751332e+02	-1.52428031700000e+00	1
41	42	44	45	1.75409354340014e-02	2.25847646000000e-01	0.00000000000000e+00	0.00000000000000e+00	-7.52410458861775e+01	-1.29869081300940e+00	9.77148550535977e+01	-2.93306263000000e-01	1
41	42	45	46	1.75425453218402e-02	2.25847646000000e-01	0.00000000000000e+00	0.00000000000000e+00	-1.88331369728629e+02	-4.99212570938198e-01	9.40173872705410e+01	-1.12745984000000e-01	1
41	42	46	47	1.75487502220766e-02	2.25847646000000e-01	0.00000000000000e+00	0.00000000000000e+00	-3.83371469509016e+02	-2.14024555296892e-01	8.20509082751833e+01	-4.83369420000000e-02	1
41	42	47	48	1.75489010470866e-02	2.25847646000000e-01	0.00000000000000e+00	0.00000000000000e+00	-6.62592095974944e+02	-1.23451275644467e-01	8.17978394800479e+01	-2.78811800000000e-02	1
41	42	48	49	1.75661701656519e-02	2.25847646000000e-01	0.00000000000000e+00	0.00000000000000e+00	-1.00767478443849e+03	-5.99897950674235e-02	6.04502038130749e+01	-1.35485540000000e-02	1
41	43	49	51	1.75562935045142e-02	2.10175430000000e-01	0.00000000000000e+00	0.00000000000000e+00	-3.66876070267613e+02	-1.93678904332443e-01	7.10561553152235e+01	-4.07065470000000e-02	1
41	43	51	53	1.75446954963654e-02	2.10175430000000e-01	0.00000000000000e+00	0.00000000000000e+00	-7.78421924687919e+02	-1.14969109376867e-01	8.94944754007965e+01	-2.41636820000000e-02	1
41	43	53	55	1.75352787934548e-02	2.10175430000000e-01	0.00000000000000e+00	0.00000000000000e+00	-1.39919705796781e+03	-8.10340200089040e-02	1.13382562391763e+02	-1.70313600000000e-02	1
41	43	55	50	1.75463640461320e-02	2.10175430000000e-01	0.00000000000000e+00	0.00000000000000e+00	3.24017950990593e+02	2.66262245782012e-01	8.62737473044411e+01	5.59617820000000e-02	1
41	43	50	52	1.75559092398960e-02	2.10175430000000e-01	0.00000000000000e+00	0.00000000000000e+00	-5.43334224608034e+02	-1.31676823499302e-01	7.15445247948425e+01	-2.76752330000000e-02	1
41	43	52	54	1.75374948799314e-02	2.10175430000000e-01	0.00000000000000e+00	0.00000000000000e+00	-1.07320106788273e+03	-9.94047020624628e-02	1.06681232406000e+02	-2.08924260000000e-02	1
41	43	54	56	1.75357092759816e-02	2.10175430000000e-01	0.00000000000000e+00	0.00000000000000e+00	-1.77658658683082e+03	-6.30510854670310e-02	1.12015712725851e+02	-1.32517890000000e-02	1
41	44	55	58	1.75331839365880e-02	2.01023997000000e-01	0.00000000000000e+00	0.00000000000000e+00	-9.67165205091009e+02	-1.24632533298997e-01	1.20540249629137e+02	-2.50541300000000e-02	1
41	44	58	61	1.75218059664498e-02	2.01023997000000e-01	0.00000000000000e+00	0.00000000000000e+00	-1.79854499812703e+03	-1.01991350813704e-01	1.83436033858207e+02	-2.05027090000000e-02	1
41	44	61	56	1.75262404240112e-02	2.01023997000000e-01	0.00000000000000e+00	0.00000000000000e+00	8.57716191992289e+02	1.77723776927985e-01	1.52436561173159e+02	3.57267440000000e-02	1
41	44	56	59	1.75292282846120e-02	2.01023997000000e-01	0.00000000000000e+00	0.00000000000000e+00	-1.21565811766721e+03	-1.12575843370580e-01	1.36853737846679e+02	-2.26304460000000e-02	1
41	44	59	62	1.75213103795548e-02	2.01023997000000e-01	0.00000000000000e+00	0.00000000000000e+00	-2.05104851981704e+03	-9.15151239381635e-02	1.87701959494243e+02	-1.83967360000000e-02	1
41	44	62	57	1.75237878176256e-02	2.01023997000000e-01	0.00000000000000e+00	0.00000000000000e+00	1.02974017370320e+03	1.63296822717141e-01	1.68153298589929e+02	3.28265800000000e-02	1
41	44	57	60	1.75247613080605e-02	2.01023997000000e-01	0.00000000000000e+00	0.00000000000000e+00	-1.50516625710699e+03	-1.07325256297635e-01	1.61542354314560e+02	-2.15749520000000e-02	1
41	44	60	63	1.75238229837051e-02	2.01023997000000e-01	0.00000000000000e+00	0.00000000000000e+00	-2.26027057031819e+03	-7.42853899179012e-02	1.67905080636044e+02	-1.49331460000000e-02	1
41	45	61	65	1.75274776984038e-02	3.04246063000000e-01	0.00000000000000e+00	0.00000000000000e+00	-1.45336291407031e+03	-1.00162594380063e-01	1.45572600049050e+02	-3.04740750000000e-02	1
41	45	65	69	1.75266687283850e-02	3.04246063000000e-01	0.00000000000000e+00	0.00000000000000e+00	-2.97374735569161e+03	-5.04375072225668e-02	1.49988403730784e+02	-1.53454130000000e-02	1
41	45	69	62	1.75289138840968e-02	3.04246063000000e-01	0.00000000000000e+00	0.00000000000000e+00	1.22962821083008e+03	1.12507049926888e-01	1.38341842507369e+02	3.42298270000000e-02	1
41	45	62	66	1.75304296148565e-02	3.04246063000000e-01	0.00000000000000e+00	0.00000000000000e+00	-1.74744671115468e+03	-7.52245494134792e-02	1.31450891470677e+02	-2.28867730000000e-02	1
41	45	66	70	1.75284575714388e-02	3.04246063000000e-01	0.00000000000000e+00	0.00000000000000e+00	-3.07273946005040e+03	-4.57442402467505e-02	1.40560132076216e+02	-1.39175050000000e-02	1
41	45	70	63	1.75296263569200e-02	3.04246063000000e-01	0.00000000000000e+00	0.00000000000000e+00	1.42801148566796e+03	9.45474978915339e-02	1.35014912930277e+02	2.87657040000000e-02	1
41	45	63	67	1.75296993256810e-02	3.04246063000000e-01	0.00000000000000e+00	0.00000000000000e+00	-2.19506480911629e+03	-6.13572738326609e-02	1.34683192573386e+02	-1.86677090000000e-02	1
41	45	67	64	1.75274821532592e-02	3.04246063000000e-01	0.00000000000000e+00	0.00000000000000e+00	3.41680414245585e+03	4.25979941111021e-02	1.45549002739124e+02	1.29602720000000e-02	1
41	45	64	68	1.75256888795990e-02	3.04246063000000e-01	0.00000000000000e+00	0.00000000000000e+00	-2.74912353011409e+03	-5.66396515704461e-02	1.55709398869777e+02	-1.72323910000000e-02	1
41	46	67	72	1.75269449761956e-02	2.02711695000000e-01	0.00000000000000e+00	0.00000000000000e+00	-1.99421145027553e+03	-7.44407913909456e-02	1.48450678559396e+02	-1.50900190000000e-02	1
42	43	44	45	1.75324430681922e-02	1.84157369000000e-01	0.00000000000000e+00	0.00000000000000e+00	-1.88553436351597e+01	-6.53888380649052e+00	1.23292901161760e+02	-1.20418363800000e+00	1
42	43	45	46	1.75409259881373e-02	1.84157369000000e-01	0.00000000000000e+00	0.00000000000000e+00	-7.54597418799830e+01	-1.29522584567333e+00	9.77374079907920e+01	-2.38525384000000e-01	1
42	43	46	47	1.75466496549197e-02	1.84157369000000e-01	0.00000000000000e+00	0.00000000000000e+00	-1.91671117978971e+02	-4.47357661804997e-01	8.57455431746220e+01	-8.23842100000000e-02	1
42	43	47	48	1.75517753937365e-02	1.84157369000000e-01	0.00000000000000e+00	0.00000000000000e+00	-3.79299445531102e+02	-2.03682807827256e-01	7.72567760730960e+01	-3.75096900000000e-02	1
42	43	48	49	1.75668919394929e-02	1.84157369000000e-01	0.00000000000000e+00	0.00000000000000e+00	-6.33129963742080e+02	-9.44481238760530e-02	5.97979372451530e+01	-1.73933180000000e-02	1
42	43	49	50	1.75504726429535e-02	1.84157369000000e-01	0.00000000000000e+00	0.00000000000000e+00	-1.02009662843834e+03	-7.76895547416297e-02	7.92508528568120e+01	-1.43071040000000e-02	1
42	44	50	52	1.75540201970475e-02	2.22526459000000e-01	0.00000000000000e+00	0.00000000000000e+00	-3.79277420838879e+02	-1.95230127667650e-01	7.40463792918312e+01	-4.34438690000000e-02	1
42	44	52	54	1.75368407618612e-02	2.22526459000000e-01	0.00000000000000e+00	0.00000000000000e+00	-8.05420725236064e+02	-1.34805803025877e-01	1.08575387639132e+02	-2.99978580000000e-02	1
42	44	54	56	1.75333969533004e-02	2.22526459000000e-01	0.00000000000000e+00	0.00000000000000e+00	-1.39713428858619e+03	-8.57264798340228e-02	1.19771404415906e+02	-1.90764100000000e-02	1
42	44	56	51	1.75394420712932e-02	2.22526459000000e-01	0.00000000000000e+00	0.00000000000000e+00	3.32369227781987e+02	3.05126178276175e-01	1.01414552249721e+02	6.78986480000000e-02	1
42	44	51	53	1.75449438477487e-02	2.22526459000000e-01	0.00000000000000e+00	0.00000000000000e+00	-5.65831147626433e+02	-1.57290643806092e-01	8.89999454957017e+01	-3.50013300000000e-02	1
42	44	53	55	1.75334794641238e-02	2.22526459000000e-01	0.00000000000000e+00	0.00000000000000e+00	-1.07728918947420e+03	-1.10904505967086e-01	1.19476225342318e+02	-2.46791870000000e-02	1
42	44	55	57	1.75333031332804e-02	2.22526459000000e-01	0.00000000000000e+00	0.00000000000000e+00	-1.77980415168023e+03	-6.74842895873340e-02	1.20108818780728e+02	-1.50170400000000e-02	1
42	45	56	59	1.75295245388536e-02	2.17641607000000e-01	0.00000000000000e+00	0.00000000000000e+00	-9.81675557627939e+02	-1.38009470771827e-01	1.35480524177870e+02	-3.00366030000000e-02	1
42	45	59	62	1.75214461136353e-02	2.17641607000000e-01	0.00000000000000e+00	0.00000000000000e+00	-1.71946588670330e+03	-1.08472044134466e-01	1.86513979550188e+02	-2.36080300000000e-02	1
42	45	62	57	1.75239529047929e-02	2.17641607000000e-01	0.00000000000000e+00	0.00000000000000e+00	8.50968719556605e+02	1.96240303445287e-01	1.66994359748236e+02	4.27100550000000e-02	1
42	45	57	60	1.75250384075424e-02	2.17641607000000e-01	0.00000000000000e+00	0.00000000000000e+00	-1.23260384102318e+03	-1.29607391660180e-01	1.59754568785333e+02	-2.82079610000000e-02	1
42	45	60	63	1.75236824660047e-02	2.17641607000000e-01	0.00000000000000e+00	0.00000000000000e+00	-1.91381984320504e+03	-8.82535157902965e-02	1.68901329752079e+02	-1.92076370000000e-02	1
42	45	63	58	1.75227281592626e-02	2.17641607000000e-01	0.00000000000000e+00	0.00000000000000e+00	1.00057941446790e+03	1.75891221020069e-01	1.75993134938304e+02	3.82812480000000e-02	1
42	45	58	61	1.75217968017525e-02	2.17641607000000e-01	0.00000000000000e+00	0.00000000000000e+00	-1.49142239604374e+03	-1.23045732703122e-01	1.83513161491048e+02	-2.67798710000000e-02	1
42	45	61	64	1.75269338255437e-02	2.17641607000000e-01	0.00000000000000e+00	0.00000000000000e+00	-2.17662605555720e+03	-6.82304326120878e-02	1.48512137405410e+02	-1.48497810000000e-02	1
42	46	62	66	1.75291660395041e-02	2.83359802000000e-01	0.00000000000000e+00	0.00000000000000e+00	-1.50021807372690e+03	-9.14172469671616e-02	1.37145806150492e+02	-2.59039730000000e-02	1
42	46	66	70	1.75282142915042e-02	2.83359802000000e-01	0.00000000000000e+00	0.00000000000000e+00	-2.70861449524980e+03	-5.23411962293791e-02	1.41772122805610e+02	-1.48313910000000e-02	1
42	46	70	63	1.75287487748110e-02	2.83359802000000e-01	0.00000000000000e+00	0.00000000000000e+00	1.24432936340129e+03	1.11816347189571e-01	1.39136364116256e+02	3.16842580000000e-02	1
42	46	63	67	1.75287819580621e-02	2.83359802000000e-01	0.00000000000000e+00	0.00000000000000e+00	-1.89827321750086e+03	-7.32117747597805e-02	1.38975951232197e+02	-2.07452740000000e-02	1
42	46	67	71	1.75283868339130e-02	2.83359802000000e-01	0.00000000000000e+00	0.00000000000000e+00	-2.80882686629034e+03	-5.01669922821304e-02	1.40910395723028e+02	-1.42153090000000e-02	1
42	46	71	64	1.75275112555953e-02	2.83359802000000e-01	0.00000000000000e+00	0.00000000000000e+00	1.44314859790863e+03	1.00748485842039e-01	1.45395036084356e+02	2.85480710000000e-02	1
42	46	64	68	1.75252522350420e-02	2.83359802000000e-01	0.00000000000000e+00	0.00000000000000e+00	-2.39357154908451e+03	-6.61780177274404e-02	1.58401820407212e+02	-1.87521900000000e-02	1
42	46	68	65	1.75240047675370e-02	2.83359802000000e-01	0.00000000000000e+00	0.00000000000000e+00	3.53610614649999e+03	4.71234624874561e-02	1.66633565346255e+02	1.33528950000000e-02	1
42	46	65	69	1.75255252578680e-02	2.83359802000000e-01	0.00000000000000e+00	0.00000000000000e+00	-2.60616638344852e+03	-6.01295168889199e-02	1.56707525568903e+02	-1.70382880000000e-02	1
43	44	45	46	1.75300777594418e-02	2.03768895000000e-01	0.00000000000000e+00	0.00000000000000e+00	-1.89719626508081e+01	-7.00974547170215e+00	1.32988629280804e+02	-1.42836808900000e+00	1
43	44	46	47	1.75436460741877e-02	2.03768895000000e-01	0.00000000000000e+00	0.00000000000000e+00	-7.67047352322130e+01	-1.19479289024952e+00	9.16462723039196e+01	-2.43461627000000e-01	1
43	44	47	48	1.75472887285683e-02	2.03768895000000e-01	0.00000000000000e+00	0.00000000000000e+00	-1.89329039083397e+02	-4.46771152191800e-01	8.45867529346555e+01	-9.10380640000000e-02	1
43	44	48	49	1.75659988762272e-02	2.03768895000000e-01	0.00000000000000e+00	0.00000000000000e+00	-3.62717425961022e+02	-1.67091758533607e-01	6.06070925546106e+01	-3.40481030000000e-02	1
43	44	49	50	1.75510853323851e-02	2.03768895000000e-01	0.00000000000000e+00	0.00000000000000e+00	-6.41584865750640e+02	-1.22042095777179e-01	7.83003616351283e+01	-2.48683830000000e-02	1
43	44	50	51	1.75518104894863e-02	2.03768895000000e-01	0.00000000000000e+00	0.00000000000000e+00	-1.05468458836667e+03	-7.32014520665679e-02	7.72044433406704e+01	-1.49161790000000e-02	1
43	45	51	53	1.75492593633989e-02	2.16680288000000e-01	0.00000000000000e+00	0.00000000000000e+00	-3.93353380121370e+02	-2.06437366374555e-01	8.12028358467847e+01	-4.47309080000000e-02	1
43	45	53	55	1.75354035114878e-02	2.16680288000000e-01	0.00000000000000e+00	0.00000000000000e+00	-8.04526311496144e+02	-1.40434366600067e-01	1.12983142968049e+02	-3.04293590000000e-02	1
43	45	55	57	1.75348564283780e-02	2.16680288000000e-01	0.00000000000000e+00	0.00000000000000e+00	-1.39276505752238e+03	-8.23946938818911e-02	1.14756450563951e+02	-1.78533060000000e-02	1
43	45	57	52	1.75367346368989e-02	2.16680288000000e-01	0.00000000000000e+00	0.00000000000000e+00	3.37348111336766e+02	3.22779509135598e-01	1.08889057785102e+02	6.99399570000000e-02	1
43	45	52	54	1.75386429074134e-02	2.16680288000000e-01	0.00000000000000e+00	0.00000000000000e+00	-5.82915765965971e+02	-1.77576051588043e-01	1.03511880128657e+02	-3.84772300000000e-02	1
43	45	54	56	1.75346083545483e-02	2.16680288000000e-01	0.00000000000000e+00	0.00000000000000e+00	-1.07028637314480e+03	-1.07988881757440e-01	1.15579028596133e+02	-2.33990620000000e-02	1
43	45	56	58	1.75329855509585e-02	2.16680288000000e-01	0.00000000000000e+00	0.00000000000000e+00	-1.78502863622238e+03	-6.79346060311679e-02	1.21265217156120e+02	-1.47200900000000e-02	1
43	46	57	60	1.75249567921534e-02	2.47966324000000e-01	0.00000000000000e+00	0.00000000000000e+00	-9.93823520647089e+02	-1.61273109004915e-01	1.60277008976966e+02	-3.99903000000000e-02	1
43	46	60	63	1.75236280495182e-02	2.47966324000000e-01	0.00000000000000e+00	0.00000000000000e+00	-1.60274525997696e+03	-1.05625217882409e-01	1.69290317295064e+02	-2.61914970000000e-02	1
43	46	63	58	1.75225653296261e-02	2.47966324000000e-01	0.00000000000000e+00	0.00000000000000e+00	8.26300819479699e+02	2.14526094277221e-01	1.77263087501047e+02	5.31952470000000e-02	1
43	46	58	61	1.75217345168376e-02	2.47966324000000e-01	0.00000000000000e+00	0.00000000000000e+00	-1.21988319156267e+03	-1.50866131321929e-01	1.84039057775708e+02	-3.74097200000000e-02	1
43	46	61	64	1.75264637957711e-02	2.47966324000000e-01	0.00000000000000e+00	0.00000000000000e+00	-1.84086360694931e+03	-8.21081454593004e-02	1.51149896810126e+02	-2.03600550000000e-02	1
43	46	64	59	1.75235123169546e-02	2.47966324000000e-01	0.00000000000000e+00	0.00000000000000e+00	9.59305818094980e+02	1.77340319002350e-01	1.70123599801774e+02	4.39744270000000e-02	1
43	46	59	62	1.75211481270497e-02	2.47966324000000e-01	0.00000000000000e+00	0.00000000000000e+00	-1.42393270862134e+03	-1.32830746807377e-01	1.89142045089624e+02	-3.29375520000000e-02	1
43	46	62	65	1.75298399930951e-02	2.47966324000000e-01	0.00000000000000e+00	0.00000000000000e+00	-2.23008274122485e+03	-6.01091098160571e-02	1.34048288391178e+02	-1.49050350000000e-02	1
43	47	63	67	1.75290515606519e-02	1.89857697000000e-01	0.00000000000000e+00	0.00000000000000e+00	-1.63756853365722e+03	-8.40796778441909e-02	1.37686234757683e+02	-1.59631740000000e-02	1
43	47	67	71	1.75286601182321e-02	1.89857697000000e-01	0.00000000000000e+00	0.00000000000000e+00	-2.48715300402371e+03	-5.61150702254647e-02	1.39566765482266e+02	-1.06538780000000e-02	1
43	47	71	64	1.75276619321271e-02	1.89857697000000e-01	0.00000000000000e+00	0.00000000000000e+00	1.26473407568547e+03	1.14334753570723e-01	1.44603058875995e+02	2.17073330000000e-02	1
43	47	64	68	1.75254570983588e-02	1.89857697000000e-01	0.00000000000000e+00	0.00000000000000e+00	-2.08017713200834e+03	-7.55354416839892e-02	1.57127098447184e+02	-1.43409850000000e-02	1
43	47	68	72	1.75300447981836e-02	1.89857697000000e-01	0.00000000000000e+00	0.00000000000000e+00	-2.60081511892147e+03	-5.11895390788397e-02	1.33134527166868e+02	-9.71872800000000e-03	1
43	47	72	65	1.75270247816680e-02	1.89857697000000e-01	0.00000000000000e+00	0.00000000000000e+00	1.41117577258830e+03	1.04885797703530e-01	1.48012296607818e+02	1.99133760000000e-02	1
43	47	65	69	1.75255399292515e-02	1.89857697000000e-01	0.00000000000000e+00	0.00000000000000e+00	-2.28109364620512e+03	-6.86589546064071e-02	1.56617505107761e+02	-1.30354310000000e-02	1
43	47	69	66	1.75251557227045e-02	1.89857697000000e-01	0.00000000000000e+00	0.00000000000000e+00	3.20377172880205e+03	4.96319830530758e-02	1.59009544149827e+02	9.42301400000000e-03	1
43	47	66	70	1.75277838126570e-02	1.89857697000000e-01	0.00000000000000e+00	0.00000000000000e+00	-2.38569742514696e+03	-6.03465973781405e-02	1.43968721981410e+02	-1.14572660000000e-02	1
44	45	46	47	1.75409022434175e-02	2.39554652000000e-01	0.00000000000000e+00	0.00000000000000e+00	-1.90796636197811e+01	-5.12556975933826e+00	9.77941468678962e+01	-1.22785408000000e+00	1
44	45	47	48	1.75525838747960e-02	2.39554652000000e-01	0.00000000000000e+00	0.00000000000000e+00	-7.50720694212085e+01	-1.01327894479795e+00	7.60689472869205e+01	-2.42735685000000e-01	1
44	45	48	49	1.75727893670902e-02	2.39554652000000e-01	0.00000000000000e+00	0.00000000000000e+00	-1.80369422133353e+02	-3.04669608336389e-01	5.49530811972296e+01	-7.29850220000000e-02	1
44	45	49	50	1.75581711292556e-02	2.39554652000000e-01	0.00000000000000e+00	0.00000000000000e+00	-3.66642139186626e+02	-1.87546998669848e-01	6.87626327903445e+01	-4.49277560000000e-02	1
44	45	50	51	1.75643978500394e-02	2.39554652000000e-01	0.00000000000000e+00	0.00000000000000e+00	-6.61228019472903e+02	-9.39371488390048e-02	6.21138748817464e+01	-2.25030810000000e-02	1
44	45	51	52	1.75595614572811e-02	2.39554652000000e-01	0.00000000000000e+00	0.00000000000000e+00	-1.08423733436474e+03	-6.19398741628278e-02	6.71575240531919e+01	-1.48379850000000e-02	1
44	46	52	54	1.75407990177141e-02	1.88150706000000e-01	0.00000000000000e+00	0.00000000000000e+00	-4.05388165956509e+02	-2.41846171972376e-01	9.80415760994841e+01	-4.55035280000000e-02	1
44	46	54	56	1.75357919635015e-02	1.88150706000000e-01	0.00000000000000e+00	0.00000000000000e+00	-7.98715344457091e+02	-1.39920851532707e-01	1.11756931128675e+02	-2.63262070000000e-02	1
44	46	56	58	1.75341751445377e-02	1.88150706000000e-01	0.00000000000000e+00	0.00000000000000e+00	-1.39565640197916e+03	-8.38631400086269e-02	1.17044128243115e+02	-1.57789090000000e-02	1
44	46	58	53	1.75363135017993e-02	1.88150706000000e-01	0.00000000000000e+00	0.00000000000000e+00	3.37029032599262e+02	3.26831981167267e-01	1.10151866435304e+02	6.14936680000000e-02	1
44	46	53	55	1.75371737864872e-02	1.88150706000000e-01	0.00000000000000e+00	0.00000000000000e+00	-5.81993281733077e+02	-1.84886507946454e-01	1.07602705507926e+02	-3.47865270000000e-02	1
44	46	55	57	1.75361793271690e-02	1.88150706000000e-01	0.00000000000000e+00	0.00000000000000e+00	-1.06622277414139e+03	-1.03693504078587e-01	1.10560375579113e+02	-1.95100060000000e-02	1
44	46	57	59	1.75280986823844e-02	1.88150706000000e-01	0.00000000000000e+00	0.00000000000000e+00	-1.82857793943903e+03	-7.78503483266228e-02	1.42355429527707e+02	-1.46475980000000e-02	1
44	47	58	61	1.75232613628072e-02	2.40629618000000e-01	0.00000000000000e+00	0.00000000000000e+00	-9.90892810651322e+02	-1.73539426888007e-01	1.71958970467877e+02	-4.17587260000000e-02	1
44	47	61	64	1.75277263212612e-02	2.40629618000000e-01	0.00000000000000e+00	0.00000000000000e+00	-1.55277531278608e+03	-9.29092860048508e-02	1.44267245636914e+02	-2.23567260000000e-02	1
44	47	64	59	1.75248870114433e-02	2.40629618000000e-01	0.00000000000000e+00	0.00000000000000e+00	7.97847942316408e+02	2.01449927082542e-01	1.60726409802597e+02	4.84748190000000e-02	1
44	47	59	62	1.75224825267902e-02	2.40629618000000e-01	0.00000000000000e+00	0.00000000000000e+00	-1.17303822495307e+03	-1.51671054890674e-01	1.77915945005717e+02	-3.64965480000000e-02	1
44	47	62	65	1.75314835614983e-02	2.40629618000000e-01	0.00000000000000e+00	0.00000000000000e+00	-1.89839815470350e+03	-6.69250698806329e-02	1.27050429164796e+02	-1.61041540000000e-02	1
44	47	65	60	1.75265410904942e-02	2.40629618000000e-01	0.00000000000000e+00	0.00000000000000e+00	9.49825561579658e+02	1.58670933018728e-01	1.50709708060881e+02	3.81809260000000e-02	1
44	47	60	63	1.75247046978263e-02	2.40629618000000e-01	0.00000000000000e+00	0.00000000000000e+00	-1.33711857475224e+03	-1.21090625676844e-01	1.61912524820878e+02	-2.91379910000000e-02	1
44	47	63	66	1.75308429999825e-02	2.40629618000000e-01	0.00000000000000e+00	0.00000000000000e+00	-2.46214449750119e+03	-5.26732166445113e-02	1.29689070526972e+02	-1.26747360000000e-02	1
44	48	64	68	1.75266426147096e-02	2.82056539000000e-01	0.00000000000000e+00	0.00000000000000e+00	-1.78440253136817e+03	-8.41376380924819e-02	1.50135414395564e+02	-2.37315710000000e-02	1
44	48	68	72	1.75310184223142e-02	2.82056539000000e-01	0.00000000000000e+00	0.00000000000000e+00	-2.28936013740325e+03	-5.63282385025649e-02	1.28955623837915e+02	-1.58877480000000e-02	1
44	48	72	65	1.75281072303049e-02	2.82056539000000e-01	0.00000000000000e+00	0.00000000000000e+00	1.23000698078941e+03	1.15700267455951e-01	1.42312136650022e+02	3.26340170000000e-02	1
44	48	65	69	1.75265103942726e-02	2.82056539000000e-01	0.00000000000000e+00	0.00000000000000e+00	-1.97234862824718e+03	-7.64997687219015e-02	1.50884213899869e+02	-2.15772600000000e-02	1
44	48	69	66	1.75261166251037e-02	2.82056539000000e-01	0.00000000000000e+00	0.00000000000000e+00	2.78069795660650e+03	5.50793895971332e-02	1.53159146103882e+02	1.55355020000000e-02	1
44	48	66	70	1.75288859521841e-02	2.82056539000000e-01	0.00000000000000e+00	0.00000000000000e+00	-2.07724870452128e+03	-6.66629926987795e-02	1.38475615223051e+02	-1.88027330000000e-02	1
44	48	70	67	1.75299519846343e-02	2.82056539000000e-01	0.00000000000000e+00	0.00000000000000e+00	2.78745329052395e+03	4.79100681299929e-02	1.33547077058175e+02	1.35133480000000e-02	1
44	48	67	71	1.75294612115973e-02	2.82056539000000e-01	0.00000000000000e+00	0.00000000000000e+00	-2.17838466187872e+03	-6.23267982452270e-02	1.35771741321412e+02	-1.75796810000000e-02	1
45	46	47	48	1.75369306050709e-02	1.77012410000000e-01	0.00000000000000e+00	0.00000000000000e+00	-1.86425195809874e+01	-5.80990405136002e+00	1.08311250041137e+02	-1.02842511800000e+00	1
45	46	48	49	1.75599161139123e-02	1.77012410000000e-01	0.00000000000000e+00	0.00000000000000e+00	-7.21939609395022e+01	-9.24731141731814e-01	6.67600039257279e+01	-1.63688888000000e-01	1
45	46	49	50	1.75529779158625e-02	1.77012410000000e-01	0.00000000000000e+00	0.00000000000000e+00	-1.84331019174596e+02	-4.09606366016936e-01	7.55031589083043e+01	-7.25054100000000e-02	1
45	46	50	51	1.75618845201426e-02	1.77012410000000e-01	0.00000000000000e+00	0.00000000000000e+00	-3.81299639614254e+02	-1.69516340690463e-01	6.46365196140007e+01	-3.00064960000000e-02	1
45	46	51	52	1.75559535869838e-02	1.77012410000000e-01	0.00000000000000e+00	0.00000000000000e+00	-6.83886860317427e+02	-1.04531648374258e-01	7.14878208104766e+01	-1.85033990000000e-02	1
45	46	52	53	1.75420151186940e-02	1.77012410000000e-01	0.00000000000000e+00	0.00000000000000e+00	-1.13855441161187e+03	-8.36181598792989e-02	9.52038248214426e+01	-1.48014520000000e-02	1
45	47	53	55	1.75401676412907e-02	1.54349040000000e-01	0.00000000000000e+00	0.00000000000000e+00	-4.10093668304281e+02	-2.42829025693973e-01	9.95826459175957e+01	-3.74804270000000e-02	1
45	47	55	57	1.75384895927314e-02	1.54349040000000e-01	0.00000000000000e+00	0.00000000000000e+00	-8.05642297132578e+02	-1.28995457308967e-01	1.03924196546063e+02	-1.99103250000000e-02	1
45	47	57	59	1.75296781217385e-02	1.54349040000000e-01	0.00000000000000e+00	0.00000000000000e+00	-1.44646719972051e+03	-9.31783443551058e-02	1.34779418833923e+02	-1.43819880000000e-02	1
45	47	59	54	1.75358715142559e-02	1.54349040000000e-01	0.00000000000000e+00	0.00000000000000e+00	3.41423152187146e+02	3.26600852198368e-01	1.11509092464575e+02	5.04105280000000e-02	1
45	47	54	56	1.75385625303059e-02	1.54349040000000e-01	0.00000000000000e+00	0.00000000000000e+00	-5.85090129294295e+02	-1.77284879776382e-01	1.03727633230287e+02	-2.73637510000000e-02	1
45	47	56	58	1.75363012101597e-02	1.54349040000000e-01	0.00000000000000e+00	0.00000000000000e+00	-1.08141407715480e+03	-1.01893591304488e-01	1.10189164008531e+02	-1.57271780000000e-02	1
45	47	58	60	1.75233955983563e-02	1.54349040000000e-01	0.00000000000000e+00	0.00000000000000e+00	-1.87120952005346e+03	-9.13699560424866e-02	1.70972331593567e+02	-1.41028650000000e-02	1
45	48	59	62	1.75235136965065e-02	2.72716451000000e-01	0.00000000000000e+00	0.00000000000000e+00	-9.46302508273252e+02	-1.79766636080197e-01	1.70113618626536e+02	-4.90253190000000e-02	1
45	48	62	65	1.75322686942144e-02	2.72716451000000e-01	0.00000000000000e+00	0.00000000000000e+00	-1.59072937361440e+03	-7.79259847437660e-02	1.23959152899736e+02	-2.12516980000000e-02	1
45	48	65	60	1.75274066695812e-02	2.72716451000000e-01	0.00000000000000e+00	0.00000000000000e+00	7.84225445338413e+02	1.86107038331912e-01	1.45949875016457e+02	5.07544510000000e-02	1
45	48	60	63	1.75256403087564e-02	2.72716451000000e-01	0.00000000000000e+00	0.00000000000000e+00	-1.09466416595400e+03	-1.42513445219335e-01	1.56004361648255e+02	-3.88657610000000e-02	1
45	48	63	66	1.75315300669009e-02	2.72716451000000e-01	0.00000000000000e+00	0.00000000000000e+00	-2.08322541173695e+03	-6.08974117223313e-02	1.26863035608968e+02	-1.66077260000000e-02	1
45	48	66	61	1.75286729848515e-02	2.72716451000000e-01	0.00000000000000e+00	0.00000000000000e+00	9.58272979965451e+02	1.45578702181043e-01	1.39504136758531e+02	3.97017070000000e-02	1
45	48	61	64	1.75286384546916e-02	2.72716451000000e-01	0.00000000000000e+00	0.00000000000000e+00	-1.28750644247163e+03	-1.08482828562476e-01	1.39672340671734e+02	-2.95850520000000e-02	1
45	48	64	67	1.75280947806244e-02	2.72716451000000e-01	0.00000000000000e+00	0.00000000000000e+00	-2.73884741409410e+03	-5.19836186926619e-02	1.42375199631651e+02	-1.41767880000000e-02	1
45	49	65	69	1.75292436167038e-02	3.26590556000000e-01	0.00000000000000e+00	0.00000000000000e+00	-1.65894577100349e+03	-8.24511502408539e-02	1.36781987006438e+02	-2.69277670000000e-02	1
45	49	69	66	1.75287539792353e-02	3.26590556000000e-01	0.00000000000000e+00	0.00000000000000e+00	2.34916099804825e+03	5.92173890049656e-02	1.39111180656716e+02	1.93398400000000e-02	1
45	49	66	70	1.75321046214216e-02	3.26590556000000e-01	0.00000000000000e+00	0.00000000000000e+00	-1.76120854144468e+03	-7.07427039010889e-02	1.24592654355490e+02	-2.31038990000000e-02	1
45	49	70	67	1.75332519657158e-02	3.26590556000000e-01	0.00000000000000e+00	0.00000000000000e+00	2.37235692547823e+03	5.07063835611952e-02	1.20293640207357e+02	1.65602260000000e-02	1
45	49	67	71	1.75328146379299e-02	3.26590556000000e-01	0.00000000000000e+00	0.00000000000000e+00	-1.85942106740506e+03	-6.55563291915888e-02	1.21896819600581e+02	-2.14100780000000e-02	1
45	49	71	68	1.75367105871534e-02	3.26590556000000e-01	0.00000000000000e+00	0.00000000000000e+00	2.42652216636861e+03	4.49039346992018e-02	1.08960392904782e+02	1.46652010000000e-02	1
45	49	68	72	1.75345895716196e-02	3.26590556000000e-01	0.00000000000000e+00	0.00000000000000e+00	-1.96529533280838e+03	-5.88419403039934e-02	1.15641790652827e+02	-1.92172220000000e-02	1
46	47	48	49	1.75530046412574e-02	1.79463145000000e-01	0.00000000000000e+00	0.00000000000000e+00	-1.87040668826760e+01	-4.03468882148477e+00	7.54650895678364e+01	-7.24077945000000e-01	1
46	47	49	50	1.75541350307401e-02	1.79463145000000e-01	0.00000000000000e+00	0.00000000000000e+00	-7.65281365213295e+01	-9.65518201522658e-01	7.38893087399545e+01	-1.73274933000000e-01	1
46	47	50	51	1.75702967062056e-02	1.79463145000000e-01	0.00000000000000e+00	0.00000000000000e+00	-1.97435769054529e+02	-2.88203452580751e-01	5.69016703044512e+01	-5.17218980000000e-02	1
46	47	51	52	1.75655608043358e-02	1.79463145000000e-01	0.00000000000000e+00	0.00000000000000e+00	-4.03841043229667e+02	-1.51079404074859e-01	6.10120641521075e+01	-2.71131850000000e-02	1
46	47	52	53	1.75505606989922e-02	1.79463145000000e-01	0.00000000000000e+00	0.00000000000000e+00	-7.33384216855202e+02	-1.07873647260556e-01	7.91128303154971e+01	-1.93593440000000e-02	1
46	47	53	54	1.75431851455346e-02	1.79463145000000e-01	0.00000000000000e+00	0.00000000000000e+00	-1.16828929672871e+03	-7.92821110986325e-02	9.26244418185890e+01	-1.42282170000000e-02	1
46	48	54	56	1.75439097969256e-02	1.62933172000000e-01	0.00000000000000e+00	0.00000000000000e+00	-4.06802928920220e+02	-2.23931140308249e-01	9.10958437538402e+01	-3.64858110000000e-02	1
46	48	56	58	1.75402731878880e-02	1.62933172000000e-01	0.00000000000000e+00	0.00000000000000e+00	-8.07122681406189e+02	-1.23056463910247e-01	9.93216631156021e+01	-2.00499800000000e-02	1
46	48	58	60	1.75256959457851e-02	1.62933172000000e-01	0.00000000000000e+00	0.00000000000000e+00	-1.46322686562313e+03	-1.06385813197082e-01	1.55666579991134e+02	-1.73337780000000e-02	1
46	48	60	55	1.75365083816953e-02	1.62933172000000e-01	0.00000000000000e+00	0.00000000000000e+00	3.42233127017502e+02	3.20143997442092e-01	1.09563881340490e+02	5.21620770000000e-02	1
46	48	55	57	1.75430338029316e-02	1.62933172000000e-01	0.00000000000000e+00	0.00000000000000e+00	-5.82782862824032e+02	-1.59493684932372e-01	9.29501863072420e+01	-2.59868120000000e-02	1
46	48	57	59	1.75328198044666e-02	1.62933172000000e-01	0.00000000000000e+00	0.00000000000000e+00	-1.10715247440417e+03	-1.10082064811210e-01	1.21877630443251e+02	-1.79360200000000e-02	1
46	48	59	61	1.75245553378936e-02	1.62933172000000e-01	0.00000000000000e+00	0.00000000000000e+00	-1.78714127096090e+03	-9.11496892726056e-02	1.62897371534336e+02	-1.48513080000000e-02	1
46	49	60	63	1.75306191165649e-02	2.91285787000000e-01	0.00000000000000e+00	0.00000000000000e+00	-8.58596573723213e+02	-1.52152181733467e-01	1.30637341920867e+02	-4.43197680000000e-02	1
46	49	63	66	1.75370295859258e-02	2.91285787000000e-01	0.00000000000000e+00	0.00000000000000e+00	-1.69895572316341e+03	-6.35812519063966e-02	1.08021731812267e+02	-1.85203150000000e-02	1
46	49	66	61	1.75338553682760e-02	2.91285787000000e-01	0.00000000000000e+00	0.00000000000000e+00	7.69032595945982e+02	1.53634128396385e-01	1.18149652586570e+02	4.47514380000000e-02	1
46	49	61	64	1.75339683071289e-02	2.91285787000000e-01	0.00000000000000e+00	0.00000000000000e+00	-1.02531010898278e+03	-1.14849960049716e-01	1.17756825055242e+02	-3.34541610000000e-02	1
46	49	64	67	1.75327007573095e-02	2.91285787000000e-01	0.00000000000000e+00	0.00000000000000e+00	-2.25649323935692e+03	-5.42085941186001e-02	1.22321326143664e+02	-1.57901930000000e-02	1
46	49	67	62	1.75360340814611e-02	2.91285787000000e-01	0.00000000000000e+00	0.00000000000000e+00	9.60371269223382e+02	1.15586569968826e-01	1.11006020906139e+02	3.36687250000000e-02	1
46	49	62	65	1.75379118019110e-02	2.91285787000000e-01	0.00000000000000e+00	0.00000000000000e+00	-1.28264341956227e+03	-8.22582805936906e-02	1.05508042308004e+02	-2.39606680000000e-02	1
46	49	65	68	1.75292784372771e-02	2.91285787000000e-01	0.00000000000000e+00	0.00000000000000e+00	-2.75589155708427e+03	-4.95735447606992e-02	1.36619313460750e+02	-1.44400690000000e-02	1
46	50	66	70	1.75332433146870e-02	2.85941915000000e-01	0.00000000000000e+00	0.00000000000000e+00	-1.48062404999588e+03	-8.12663718783586e-02	1.20324944659006e+02	-2.32374620000000e-02	1
46	50	70	67	1.75343873376969e-02	2.85941915000000e-01	0.00000000000000e+00	0.00000000000000e+00	2.00284500295080e+03	5.80783268518014e-02	1.16321886714874e+02	1.66070280000000e-02	1
46	50	67	71	1.75341127325087e-02	2.85941915000000e-01	0.00000000000000e+00	0.00000000000000e+00	-1.57480377604105e+03	-7.44589718509789e-02	1.17258270031056e+02	-2.12909410000000e-02	1
46	50	71	68	1.75381700790082e-02	2.85941915000000e-01	0.00000000000000e+00	0.00000000000000e+00	2.06240923772473e+03	5.08115083442733e-02	1.04794124191957e+02	1.45291400000000e-02	1
46	50	68	72	1.75360916866922e-02	2.85941915000000e-01	0.00000000000000e+00	0.00000000000000e+00	-1.67489144049303e+03	-6.61707640868251e-02	1.10828846379907e+02	-1.89209950000000e-02	1
47	48	49	50	1.75351235648175e-02	1.80728495000000e-01	0.00000000000000e+00	0.00000000000000e+00	-1.95921304418690e+01	-5.81272450700151e+00	1.13883656763822e+02	-1.05052495200000e+00	1
47	48	50	51	1.75645798981882e-02	1.80728495000000e-01	0.00000000000000e+00	0.00000000000000e+00	-7.98777827851964e+01	-7.75419349339461e-01	6.19387783539758e+01	-1.40140372000000e-01	1
47	48	51	52	1.75679412097849e-02	1.80728495000000e-01	0.00000000000000e+00	0.00000000000000e+00	-2.02368444356104e+02	-2.90926928816621e-01	5.88744300059187e+01	-5.25787860000000e-02	1
47	48	52	53	1.75540326839337e-02	1.80728495000000e-01	0.00000000000000e+00	0.00000000000000e+00	-4.18067682804291e+02	-1.77074838143260e-01	7.40292672654976e+01	-3.20024690000000e-02	1
47	48	53	54	1.75474667752087e-02	1.80728495000000e-01	0.00000000000000e+00	0.00000000000000e+00	-7.25728019258993e+02	-1.16117151310312e-01	8.42694702224296e+01	-2.09856780000000e-02	1
47	48	54	55	1.75447997495951e-02	1.80728495000000e-01	0.00000000000000e+00	0.00000000000000e+00	-1.13848844695993e+03	-7.84252256402622e-02	8.92862133416644e+01	-1.41736730000000e-02	1
47	49	55	57	1.75550590810850e-02	1.76058685000000e-01	0.00000000000000e+00	0.00000000000000e+00	-3.85767859096142e+02	-1.88323705814343e-01	7.26492328090506e+01	-3.31560240000000e-02	1
47	49	57	59	1.75419532364329e-02	1.76058685000000e-01	0.00000000000000e+00	0.00000000000000e+00	-7.87751931590373e+02	-1.21033347488651e-01	9.53442532710339e+01	-2.13089720000000e-02	1
47	49	59	61	1.75303936875006e-02	1.76058685000000e-01	0.00000000000000e+00	0.00000000000000e+00	-1.33468091608765e+03	-9.86050475158326e-02	1.31606275149297e+02	-1.73602750000000e-02	1
47	49	61	56	1.75410037537422e-02	1.76058685000000e-01	0.00000000000000e+00	0.00000000000000e+00	3.25413155881809e+02	2.99779042425541e-01	9.75520442629221e+01	5.27787040000000e-02	1
47	49	56	58	1.75514431830194e-02	1.76058685000000e-01	0.00000000000000e+00	0.00000000000000e+00	-5.56341823298341e+02	-1.39762432054971e-01	7.77556862780729e+01	-2.46063900000000e-02	1
47	49	58	60	1.75322168856169e-02	1.76058685000000e-01	0.00000000000000e+00	0.00000000000000e+00	-1.06886674940602e+03	-1.16159001187587e-01	1.24158494013626e+02	-2.04508010000000e-02	1
47	49	60	62	1.75306154664626e-02	1.76058685000000e-01	0.00000000000000e+00	0.00000000000000e+00	-1.60966575375266e+03	-8.11677310892104e-02	1.30652917044107e+02	-1.42902840000000e-02	1
47	50	61	64	1.75349599694977e-02	2.65360270000000e-01	0.00000000000000e+00	0.00000000000000e+00	-8.00836070808663e+02	-1.42871406484475e-01	1.14416575799934e+02	-3.79123950000000e-02	1
47	50	64	67	1.75338310210596e-02	2.65360270000000e-01	0.00000000000000e+00	0.00000000000000e+00	-1.83136955723008e+03	-6.45607987962930e-02	1.18234681505987e+02	-1.71318710000000e-02	1
47	50	67	62	1.75370232519060e-02	2.65360270000000e-01	0.00000000000000e+00	0.00000000000000e+00	7.66516013513803e+02	1.40949713383997e-01	1.08040212409014e+02	3.74024540000000e-02	1
47	50	62	65	1.75390054235875e-02	2.65360270000000e-01	0.00000000000000e+00	0.00000000000000e+00	-1.01614852381443e+03	-1.00920130206379e-01	1.02549841332373e+02	-2.67801930000000e-02	1
47	50	65	68	1.75299666125251e-02	2.65360270000000e-01	0.00000000000000e+00	0.00000000000000e+00	-2.25770508762817e+03	-5.91228181973134e-02	1.33481887438990e+02	-1.56888470000000e-02	1
47	50	68	63	1.75346747986262e-02	2.65360270000000e-01	0.00000000000000e+00	0.00000000000000e+00	1.00002257453858e+03	1.15354951214061e-01	1.15357555298857e+02	3.06106210000000e-02	1
47	50	63	66	1.75377102573268e-02	2.65360270000000e-01	0.00000000000000e+00	0.00000000000000e+00	-1.36332229674863e+03	-7.78040058521195e-02	1.06071935954555e+02	-2.06460920000000e-02	1
47	50	66	69	1.75315515874261e-02	2.65360270000000e-01	0.00000000000000e+00	0.00000000000000e+00	-2.41242432226511e+03	-5.25514953689186e-02	1.26776505599382e+02	-1.39450790000000e-02	1
47	51	67	71	1.75356071461753e-02	2.44554835000000e-01	0.00000000000000e+00	0.00000000000000e+00	-1.32699003717381e+03	-8.46554965883214e-02	1.12337000564704e+02	-2.07029110000000e-02	1
47	51	71	68	1.75395353746261e-02	2.44554835000000e-01	0.00000000000000e+00	0.00000000000000e+00	1.74468480333666e+03	5.79905402401879e-02	1.01175214294339e+02	1.41818670000000e-02	1
47	51	68	72	1.75387525161216e-02	2.44554835000000e-01	0.00000000000000e+00	0.00000000000000e+00	-1.42096426195467e+03	-7.26401831311166e-02	1.03219104211159e+02	-1.77645080000000e-02	1
48	49	50	51	1.75655763953832e-02	2.59980042000000e-01	0.00000000000000e+00	0.00000000000000e+00	-1.90538897432454e+01	-3.20131789962554e+00	6.09975582925429e+01	-8.32278762000000e-01	1
48	49	51	52	1.75851765059567e-02	2.59980042000000e-01	0.00000000000000e+00	0.00000000000000e+00	-7.66300462755508e+01	-6.12831503427482e-01	4.69613064667633e+01	-1.59323960000000e-01	1
48	49	52	53	1.75777825259739e-02	2.59980042000000e-01	0.00000000000000e+00	0.00000000000000e+00	-1.96532532078463e+02	-2.61663712632218e-01	5.14254319966611e+01	-6.80273430000000e-02	1
48	49	53	54	1.75715315870373e-02	2.59980042000000e-01	0.00000000000000e+00	0.00000000000000e+00	-3.88828170007751e+02	-1.43815074081725e-01	5.59193520747264e+01	-3.73890490000000e-02	1
48	49	54	55	1.75663454440479e-02	2.59980042000000e-01	0.00000000000000e+00	0.00000000000000e+00	-6.66378651646793e+02	-9.04748372953952e-02	6.02905000848684e+01	-2.35216520000000e-02	1
48	49	55	56	1.75671568258335e-02	2.59980042000000e-01	0.00000000000000e+00	0.00000000000000e+00	-1.05582485502232e+03	-5.64128380285437e-02	5.95620765328850e+01	-1.46662120000000e-02	1
48	50	56	58	1.75551708388834e-02	1.84787608000000e-01	0.00000000000000e+00	0.00000000000000e+00	-3.70540492881517e+02	-1.95665712605577e-01	7.25020695888837e+01	-3.61565990000000e-02	1
48	50	58	60	1.75342715907922e-02	1.84787608000000e-01	0.00000000000000e+00	0.00000000000000e+00	-7.65168984929903e+02	-1.52534600696817e-01	1.16714745581872e+02	-2.81865040000000e-02	1
48	50	60	62	1.75320584757954e-02	1.84787608000000e-01	0.00000000000000e+00	0.00000000000000e+00	-1.20992251886324e+03	-1.03123955151798e-01	1.24771995572403e+02	-1.90560290000000e-02	1
48	50	62	57	1.75379974347457e-02	1.84787608000000e-01	0.00000000000000e+00	0.00000000000000e+00	3.10512208900927e+02	3.39021337404833e-01	1.05270264342121e+02	6.26469420000000e-02	1
48	50	57	59	1.75444611806002e-02	1.84787608000000e-01	0.00000000000000e+00	0.00000000000000e+00	-5.46074450405533e+02	-1.64750652543757e-01	8.99661220417852e+01	-3.04438790000000e-02	1
48	50	59	61	1.75320818729524e-02	1.84787608000000e-01	0.00000000000000e+00	0.00000000000000e+00	-9.81074718282962e+02	-1.27086140971098e-01	1.24680999950889e+02	-2.34839440000000e-02	1
48	50	61	63	1.75349912548466e-02	1.84787608000000e-01	0.00000000000000e+00	0.00000000000000e+00	-1.44918107162181e+03	-7.88819832550676e-02	1.14314277025233e+02	-1.45764130000000e-02	1
48	51	62	65	1.75421938856274e-02	2.89419800000000e-01	0.00000000000000e+00	0.00000000000000e+00	-8.02125333188584e+02	-1.18186599534655e-01	9.48004655301610e+01	-3.42055420000000e-02	1
48	51	65	68	1.75331558120677e-02	2.89419800000000e-01	0.00000000000000e+00	0.00000000000000e+00	-1.85157580373765e+03	-6.51566617073192e-02	1.20642498269592e+02	-1.88576280000000e-02	1
48	51	68	63	1.75378359541543e-02	2.89419800000000e-01	0.00000000000000e+00	0.00000000000000e+00	8.07281284990555e+02	1.30957512236550e-01	1.05719548757489e+02	3.79016970000000e-02	1
48	51	63	66	1.75408837400554e-02	2.89419800000000e-01	0.00000000000000e+00	0.00000000000000e+00	-1.09218518874897e+03	-8.95804191696629e-02	9.78384070190306e+01	-2.59263470000000e-02	1
48	51	66	69	1.75342420683401e-02	2.89419800000000e-01	0.00000000000000e+00	0.00000000000000e+00	-1.99951054223653e+03	-5.84219842595427e-02	1.16815373425332e+02	-1.69084790000000e-02	1
48	51	69	64	1.75356049070976e-02	2.89419800000000e-01	0.00000000000000e+00	0.00000000000000e+00	1.00241945855303e+03	1.12072909317193e-01	1.12344065076203e+02	3.24361190000000e-02	1
48	51	64	67	1.75361902256181e-02	2.89419800000000e-01	0.00000000000000e+00	0.00000000000000e+00	-1.48620431023119e+03	-7.43686990316488e-02	1.10527081047122e+02	-2.15237740000000e-02	1
48	51	67	70	1.75387816950097e-02	2.89419800000000e-01	0.00000000000000e+00	0.00000000000000e+00	-2.06113036737093e+03	-5.00412031243198e-02	1.03141443379312e+02	-1.44829150000000e-02	1
48	52	68	72	1.75397420583820e-02	1.79440821000000e-01	0.00000000000000e+00	0.00000000000000e+00	-1.21026281631166e+03	-8.31629610076294e-02	1.00649039401910e+02	-1.49228300000000e-02	1
49	50	51	52	1.75412466741893e-02	2.00693858000000e-01	0.00000000000000e+00	0.00000000000000e+00	-1.90328238600729e+01	-5.09527732532801e+00	9.69775158511915e+01	-1.02259086400000e+00	1
49	50	52	53	1.75516722655772e-02	2.00693858000000e-01	0.00000000000000e+00	0.00000000000000e+00	-7.73672201149053e+01	-1.00056543334774e+00	7.74109661211803e+01	-2.00807337000000e-01	1
49	50	53	54	1.75579535930128e-02	2.00693858000000e-01	0.00000000000000e+00	0.00000000000000e+00	-1.90321330584971e+02	-3.62653739009791e-01	6.90207421499581e+01	-7.27823780000000e-02	1
49	50	54	55	1.75563970230160e-02	2.00693858000000e-01	0.00000000000000e+00	0.00000000000000e+00	-3.72913728401134e+02	-1.90193398942981e-01	7.09257295171113e+01	-3.81706470000000e-02	1
49	50	55	56	1.75574515109439e-02	2.00693858000000e-01	0.00000000000000e+00	0.00000000000000e+00	-6.47094317321968e+02	-1.07594717721755e-01	6.96239304116090e+01	-2.15935990000000e-02	1
49	50	56	57	1.75541155712968e-02	2.00693858000000e-01	0.00000000000000e+00	0.00000000000000e+00	-1.02632494976277e+03	-7.20199568837827e-02	7.39158786306652e+01	-1.44539630000000e-02	1
49	51	57	59	1.75467520602045e-02	2.13002843000000e-01	0.00000000000000e+00	0.00000000000000e+00	-3.73693446023577e+02	-2.28951638922491e-01	8.55577269216914e+01	-4.87673500000000e-02	1
49	51	59	61	1.75330489494380e-02	2.13002843000000e-01	0.00000000000000e+00	0.00000000000000e+00	-7.23711272208063e+02	-1.67238781878606e-01	1.21032591595893e+02	-3.56223360000000e-02	1
49	51	61	63	1.75352075227134e-02	2.13002843000000e-01	0.00000000000000e+00	0.00000000000000e+00	-1.12592596228030e+03	-1.00905465379164e-01	1.13612083206377e+02	-2.14931510000000e-02	1
49	51	63	58	1.75351606053466e-02	2.13002843000000e-01	0.00000000000000e+00	0.00000000000000e+00	3.00411606339541e+02	3.78692705993600e-01	1.13763684116605e+02	8.06626230000000e-02	1
49	51	58	60	1.75358024165296e-02	2.13002843000000e-01	0.00000000000000e+00	0.00000000000000e+00	-5.45935316915732e+02	-2.04647507920822e-01	1.11724302092769e+02	-4.35905010000000e-02	1
49	51	60	62	1.75325433797618e-02	2.13002843000000e-01	0.00000000000000e+00	0.00000000000000e+00	-9.17475638840381e+02	-1.33968531114864e-01	1.22912863669117e+02	-2.85356780000000e-02	1
49	51	62	64	1.75424570924443e-02	2.13002843000000e-01	0.00000000000000e+00	0.00000000000000e+00	-1.39771749905260e+03	-6.74047247341201e-02	9.42127632797033e+01	-1.43573980000000e-02	1
49	52	63	66	1.75410990449142e-02	2.78700043000000e-01	0.00000000000000e+00	0.00000000000000e+00	-8.84008550155898e+02	-1.10096064821920e-01	9.73258626410956e+01	-3.06837780000000e-02	1
49	52	66	69	1.75337234838679e-02	2.78700043000000e-01	0.00000000000000e+00	0.00000000000000e+00	-1.68320219615855e+03	-7.04678900964504e-02	1.18611707369004e+02	-1.96394040000000e-02	1
49	52	69	64	1.75353626617040e-02	2.78700043000000e-01	0.00000000000000e+00	0.00000000000000e+00	8.31619596156017e+02	1.36016103879826e-01	1.13113657379256e+02	3.79076940000000e-02	1
49	52	64	67	1.75360612968527e-02	2.78700043000000e-01	0.00000000000000e+00	0.00000000000000e+00	-1.22116738938839e+03	-9.08329569220770e-02	1.10922244874961e+02	-2.53151490000000e-02	1
49	52	67	70	1.75384431862715e-02	2.78700043000000e-01	0.00000000000000e+00	0.00000000000000e+00	-1.75339514774317e+03	-5.93418135927593e-02	1.04049648011824e+02	-1.65385660000000e-02	1
49	52	70	65	1.75364270098964e-02	2.78700043000000e-01	0.00000000000000e+00	0.00000000000000e+00	9.57697547657071e+02	1.14658984821183e-01	1.09808628580096e+02	3.19554640000000e-02	1
49	52	65	68	1.75329009548692e-02	2.78700043000000e-01	0.00000000000000e+00	0.00000000000000e+00	-1.53995869875740e+03	-7.89482332444419e-02	1.21577018536307e+02	-2.20028760000000e-02	1
49	52	68	71	1.75413853801314e-02	2.78700043000000e-01	0.00000000000000e+00	0.00000000000000e+00	-1.83985090348337e+03	-5.25327834269477e-02	9.66524890505660e+01	-1.46408890000000e-02	1
50	51	52	53	1.75412713517272e-02	2.21123367000000e-01	0.00000000000000e+00	0.00000000000000e+00	-1.90397124974903e+01	-5.09038829894445e+00	9.69195297124910e+01	-1.12560380000000e+00	1
50	51	53	54	1.75608424866454e-02	2.21123367000000e-01	0.00000000000000e+00	0.00000000000000e+00	-7.48192444538917e+01	-8.78698161284782e-01	6.57435325303512e+01	-1.94300696000000e-01	1
50	51	54	55	1.75676584685964e-02	2.21123367000000e-01	0.00000000000000e+00	0.00000000000000e+00	-1.83472606992318e+02	-3.22230463323218e-01	5.91204631582533e+01	-7.12526850000000e-02	1
50	51	55	56	1.75732182410225e-02	2.21123367000000e-01	0.00000000000000e+00	0.00000000000000e+00	-3.65556841021905e+02	-1.49446512362486e-01	5.46311949609713e+01	-3.30461160000000e-02	1
50	51	56	57	1.75681636063791e-02	2.21123367000000e-01	0.00000000000000e+00	0.00000000000000e+00	-6.36513628494951e+02	-9.21933772833696e-02	5.86823410978415e+01	-2.03861100000000e-02	1
50	51	57	58	1.75592079838315e-02	2.21123367000000e-01	0.00000000000000e+00	0.00000000000000e+00	-1.02814229810322e+03	-6.57092472728131e-02	6.75584564977025e+01	-1.45298500000000e-02	1
50	52	58	60	1.75412872021007e-02	2.56996389000000e-01	0.00000000000000e+00	0.00000000000000e+00	-3.78898957825095e+02	-2.55694347518634e-01	9.68823217965781e+01	-6.57125240000000e-02	1
50	52	60	62	1.75366185218793e-02	2.56996389000000e-01	0.00000000000000e+00	0.00000000000000e+00	-6.87109708013286e+02	-1.58976560561713e-01	1.09234338108515e+02	-4.08564020000000e-02	1
50	52	62	64	1.75466069940443e-02	2.56996389000000e-01	0.00000000000000e+00	0.00000000000000e+00	-1.10379671311120e+03	-7.77534738046455e-02	8.58240288185453e+01	-1.99823620000000e-02	1
50	52	64	59	1.75391329892057e-02	2.56996389000000e-01	0.00000000000000e+00	0.00000000000000e+00	2.90188203932880e+02	3.52238816865244e-01	1.02215549621568e+02	9.05241040000000e-02	1
50	52	59	61	1.75376146987210e-02	2.56996389000000e-01	0.00000000000000e+00	0.00000000000000e+00	-5.23913176607640e+02	-2.02975248807873e-01	1.06341407375659e+02	-5.21639060000000e-02	1
50	52	61	63	1.75390879270914e-02	2.56996389000000e-01	0.00000000000000e+00	0.00000000000000e+00	-8.68282290585513e+02	-1.17857278531645e-01	1.02333387765632e+02	-3.02888950000000e-02	1
50	52	63	65	1.75454489032456e-02	2.56996389000000e-01	0.00000000000000e+00	0.00000000000000e+00	-1.56655240183004e+03	-5.61812835432485e-02	8.80109246725706e+01	-1.44383870000000e-02	1
50	53	64	67	1.75348320751930e-02	2.78561818000000e-01	0.00000000000000e+00	0.00000000000000e+00	-1.00856501166658e+03	-1.13861458931173e-01	1.14836683655292e+02	-3.17174550000000e-02	1
50	53	67	70	1.75374573716488e-02	2.78561818000000e-01	0.00000000000000e+00	0.00000000000000e+00	-1.50602213692947e+03	-7.09073631907442e-02	1.06788058636559e+02	-1.97520840000000e-02	1
50	53	70	65	1.75352281820626e-02	2.78561818000000e-01	0.00000000000000e+00	0.00000000000000e+00	8.11234580471193e+02	1.39966242609746e-01	1.13545456103647e+02	3.89892510000000e-02	1
50	53	65	68	1.75316941941423e-02	2.78561818000000e-01	0.00000000000000e+00	0.00000000000000e+00	-1.28957192599793e+03	-9.78666466055301e-02	1.26206079954052e+02	-2.72619110000000e-02	1
50	53	68	71	1.75405096901908e-02	2.78561818000000e-01	0.00000000000000e+00	0.00000000000000e+00	-1.59545576057408e+03	-6.18894043834823e-02	9.87418067421256e+01	-1.72400250000000e-02	1
50	53	71	66	1.75355178435951e-02	2.78561818000000e-01	0.00000000000000e+00	0.00000000000000e+00	9.22148948723238e+02	1.22127178966071e-01	1.12619449694097e+02	3.40199690000000e-02	1
50	53	66	69	1.75328176165421e-02	2.78561818000000e-01	0.00000000000000e+00	0.00000000000000e+00	-1.42883760044876e+03	-8.53041352566129e-02	1.21885755928415e+02	-2.37624750000000e-02	1
50	53	69	72	1.75380728967852e-02	2.78561818000000e-01	0.00000000000000e+00	0.00000000000000e+00	-1.91869337453306e+03	-5.47568547244332e-02	1.05061614370039e+02	-1.52531690000000e-02	1
51	52	53	54	1.75468616572909e-02	1.80272003000000e-01	0.00000000000000e+00	0.00000000000000e+00	-1.86314760314804e+01	-4.58136702458451e+00	8.53576299099609e+01	-8.25892210000000e-01	1
51	52	54	55	1.75616310447331e-02	1.80272003000000e-01	0.00000000000000e+00	0.00000000000000e+00	-7.31235181342189e+01	-8.87571571499097e-01	6.49023559039314e+01	-1.60004305000000e-01	1
51	52	55	56	1.75770787755052e-02	1.80272003000000e-01	0.00000000000000e+00	0.00000000000000e+00	-1.82639923291913e+02	-2.84138097694516e-01	5.18949603672363e+01	-5.12221440000000e-02	1
51	52	56	57	1.75762735040613e-02	1.80272003000000e-01	0.00000000000000e+00	0.00000000000000e+00	-3.65112826352463e+02	-1.43634644143827e-01	5.24428508854831e+01	-2.58933050000000e-02	1
51	52	57	58	1.75665841896603e-02	1.80272003000000e-01	0.00000000000000e+00	0.00000000000000e+00	-6.46840435010921e+02	-9.28734785289982e-02	6.00743212526747e+01	-1.67424880000000e-02	1
51	52	58	59	1.75459414286147e-02	1.80272003000000e-01	0.00000000000000e+00	0.00000000000000e+00	-1.07509064564953e+03	-8.09860863419818e-02	8.70673838540298e+01	-1.45995240000000e-02	1
51	53	59	61	1.75364630476089e-02	2.33125081000000e-01	0.00000000000000e+00	0.00000000000000e+00	-3.71602369574077e+02	-2.95208292067038e-01	1.09700100850028e+02	-6.88204570000000e-02	1
51	53	61	63	1.75367187279215e-02	2.33125081000000e-01	0.00000000000000e+00	0.00000000000000e+00	-6.65644987579833e+02	-1.63655158150916e-01	1.08936235714742e+02	-3.81521220000000e-02	1
51	53	63	65	1.75413959756553e-02	2.33125081000000e-01	0.00000000000000e+00	0.00000000000000e+00	-1.26358388212117e+03	-7.64711798641691e-02	9.66277503231533e+01	-1.78273500000000e-02	1
51	53	65	60	1.75374996930606e-02	2.33125081000000e-01	0.00000000000000e+00	0.00000000000000e+00	2.91939031151319e+02	3.65376083236621e-01	1.06667539745963e+02	8.51783290000000e-02	1
51	53	60	62	1.75349832566122e-02	2.33125081000000e-01	0.00000000000000e+00	0.00000000000000e+00	-5.08399574861100e+02	-2.24902652151786e-01	1.14340412739102e+02	-5.24304490000000e-02	1
51	53	62	64	1.75430220163626e-02	2.33125081000000e-01	0.00000000000000e+00	0.00000000000000e+00	-8.70395824136927e+02	-1.06819965029846e-01	9.29756514964304e+01	-2.49024130000000e-02	1
51	53	64	66	1.75350129215303e-02	2.33125081000000e-01	0.00000000000000e+00	0.00000000000000e+00	-1.84966922203961e+03	-6.17643066899353e-02	1.14243537104988e+02	-1.43988090000000e-02	1
51	54	65	68	1.75305118199725e-02	2.14651245000000e-01	0.00000000000000e+00	0.00000000000000e+00	-1.06312253956710e+03	-1.23312911602260e-01	1.31096735744008e+02	-2.64692700000000e-02	1
51	54	68	71	1.75371310297962e-02	2.14651245000000e-01	0.00000000000000e+00	0.00000000000000e+00	-1.36881236475164e+03	-7.87007874098285e-02	1.07726610922263e+02	-1.68932220000000e-02	1
51	54	71	66	1.75333685818805e-02	2.14651245000000e-01	0.00000000000000e+00	0.00000000000000e+00	7.80654955966538e+02	1.53554702186796e-01	1.19873239274088e+02	3.29607080000000e-02	1
51	54	66	69	1.75309491680912e-02	2.14651245000000e-01	0.00000000000000e+00	0.00000000000000e+00	-1.19651668867682e+03	-1.08017034795209e-01	1.29244184793853e+02	-2.31859910000000e-02	1
51	54	69	72	1.75359304459102e-02	2.14651245000000e-01	0.00000000000000e+00	0.00000000000000e+00	-1.66401560226905e+03	-6.69021369990190e-02	1.11326199791509e+02	-1.43606270000000e-02	1
51	54	72	67	1.75334195719667e-02	2.14651245000000e-01	0.00000000000000e+00	0.00000000000000e+00	8.82482974119868e+02	1.35629066581934e-01	1.19690342054327e+02	2.91129480000000e-02	1
51	54	67	70	1.75349296318017e-02	2.14651245000000e-01	0.00000000000000e+00	0.00000000000000e+00	-1.27818146090114e+03	-8.95928742458494e-02	1.14515950889892e+02	-1.92312220000000e-02	1
52	53	54	55	1.75365595987674e-02	1.39092641000000e-01	0.00000000000000e+00	0.00000000000000e+00	-1.87747463072756e+01	-5.82752966779889e+00	1.09410391111046e+02	-8.10566492000000e-01	1
52	53	55	56	1.75602888511753e-02	1.39092641000000e-01	0.00000000000000e+00	0.00000000000000e+00	-7.51455280375292e+01	-8.82916925849442e-01	6.63472586062283e+01	-1.22807247000000e-01	1
52	53	56	57	1.75687398422748e-02	1.39092641000000e-01	0.00000000000000e+00	0.00000000000000e+00	-1.88048585838281e+02	-3.09443516857229e-01	5.81904157418261e+01	-4.30413160000000e-02	1
52	53	57	58	1.75608880128063e-02	1.39092641000000e-01	0.00000000000000e+00	0.00000000000000e+00	-3.81760908148153e+02	-1.72082511539917e-01	6.56943758818936e+01	-2.39354110000000e-02	1
52	53	58	59	1.75419588939383e-02	1.39092641000000e-01	0.00000000000000e+00	0.00000000000000e+00	-6.94369714950320e+02	-1.37291986568865e-01	9.53313975787862e+01	-1.90963050000000e-02	1
52	53	59	60	1.75352425912894e-02	1.39092641000000e-01	0.00000000000000e+00	0.00000000000000e+00	-1.08321623907328e+03	-1.04779662642253e-01	1.13499032098709e+02	-1.45740800000000e-02	1
52	54	60	62	1.75350659117732e-02	2.17087530000000e-01	0.00000000000000e+00	0.00000000000000e+00	-3.58207848356089e+02	-3.18448903997388e-01	1.14070896712259e+02	-6.91312860000000e-02	1
52	54	62	64	1.75415417524901e-02	2.17087530000000e-01	0.00000000000000e+00	0.00000000000000e+00	-6.63991091746433e+02	-1.45014999249381e-01	9.62886676712047e+01	-3.14809480000000e-02	1
52	54	64	66	1.75329481818408e-02	2.17087530000000e-01	0.00000000000000e+00	0.00000000000000e+00	-1.48320401174431e+03	-8.18516890399002e-02	1.21402753552028e+02	-1.77689810000000e-02	1
52	54	66	61	1.75364349808057e-02	2.17087530000000e-01	0.00000000000000e+00	0.00000000000000e+00	2.99992565596887e+02	3.65957754459687e-01	1.09784605660437e+02	7.94448650000000e-02	1
52	54	61	63	1.75360311728435e-02	2.17087530000000e-01	0.00000000000000e+00	0.00000000000000e+00	-4.90488952948355e+02	-2.26335335797501e-01	1.11014981870530e+02	-4.91345790000000e-02	1
52	54	63	65	1.75393631937764e-02	2.17087530000000e-01	0.00000000000000e+00	0.00000000000000e+00	-9.90583457193707e+02	-1.02583755041112e-01	1.01617770720537e+02	-2.22696540000000e-02	1
52	54	65	67	1.75302494559722e-02	2.17087530000000e-01	0.00000000000000e+00	0.00000000000000e+00	-1.97806493313926e+03	-6.68500719502405e-02	1.32233783102607e+02	-1.45123170000000e-02	1
52	55	66	69	1.75308121114814e-02	2.38315720000000e-01	0.00000000000000e+00	0.00000000000000e+00	-9.78533471890027e+02	-1.32666980591964e-01	1.29819081123822e+02	-3.16166270000000e-02	1
52	55	69	72	1.75355189200794e-02	2.38315720000000e-01	0.00000000000000e+00	0.00000000000000e+00	-1.41631640200990e+03	-7.95133321461127e-02	1.12616036497001e+02	-1.89492770000000e-02	1
52	55	72	67	1.75330748994480e-02	2.38315720000000e-01	0.00000000000000e+00	0.00000000000000e+00	7.40068006993193e+02	1.63414213716158e-01	1.20937631459277e+02	3.89441760000000e-02	1
52	55	67	70	1.75348440009531e-02	2.38315720000000e-01	0.00000000000000e+00	0.00000000000000e+00	-1.06154912818741e+03	-1.08141372293863e-01	1.14797379479540e+02	-2.57717890000000e-02	1
52	55	70	68	1.75409542954583e-02	2.38315720000000e-01	0.00000000000000e+00	0.00000000000000e+00	1.56181278025070e+03	6.25362103683299e-02	9.76698525817037e+01	1.49033620000000e-02	1
52	55	68	71	1.75379467876822e-02	2.38315720000000e-01	0.00000000000000e+00	0.00000000000000e+00	-1.15091111844949e+03	-9.15889728130398e-02	1.05410767137895e+02	-2.18270920000000e-02	1
53	54	55	56	1.75413359298211e-02	1.41580887000000e-01	0.00000000000000e+00	0.00000000000000e+00	-1.88876983407599e+01	-5.12334075855875e+00	9.67681147445776e+01	-7.25367129000000e-01	1
53	54	56	57	1.75652405585922e-02	1.41580887000000e-01	0.00000000000000e+00	0.00000000000000e+00	-7.55304708987216e+01	-8.11745945623296e-01	6.13115535230556e+01	-1.14927711000000e-01	1
53	54	57	58	1.75664591044838e-02	1.41580887000000e-01	0.00000000000000e+00	0.00000000000000e+00	-1.91245029971716e+02	-3.14713482477335e-01	6.01873893888811e+01	-4.45574140000000e-02	1
53	54	58	59	1.75475647463804e-02	1.41580887000000e-01	0.00000000000000e+00	0.00000000000000e+00	-3.97092028801148e+02	-2.11779362563253e-01	8.40958967384562e+01	-2.99839100000000e-02	1
53	54	59	60	1.75398273341777e-02	1.41580887000000e-01	0.00000000000000e+00	0.00000000000000e+00	-6.77645882216604e+02	-1.48209468415041e-01	1.00433535976964e+02	-2.09836280000000e-02	1
53	54	60	61	1.75381364530398e-02	1.41580887000000e-01	0.00000000000000e+00	0.00000000000000e+00	-1.01805720915141e+03	-1.03026159173590e-01	1.04886524077854e+02	-1.45865350000000e-02	1
53	55	61	63	1.75412283386618e-02	2.14641144000000e-01	0.00000000000000e+00	0.00000000000000e+00	-3.39663445831116e+02	-2.85637580276780e-01	9.70206447756733e+01	-6.13095770000000e-02	1
53	55	63	65	1.75434481541650e-02	2.14641144000000e-01	0.00000000000000e+00	0.00000000000000e+00	-7.40436888174653e+02	-1.24337065590742e-01	9.20637499307770e+01	-2.66878500000000e-02	1
53	55	65	67	1.75328208483915e-02	2.14641144000000e-01	0.00000000000000e+00	0.00000000000000e+00	-1.55010506301941e+03	-7.86228990654280e-02	1.21873753910584e+02	-1.68757090000000e-02	1
53	55	67	62	1.75415795291217e-02	2.14641144000000e-01	0.00000000000000e+00	0.00000000000000e+00	3.08715263953378e+02	3.11617846203801e-01	9.62011856433898e+01	6.68860110000000e-02	1
53	55	62	64	1.75465182823517e-02	2.14641144000000e-01	0.00000000000000e+00	0.00000000000000e+00	-4.80160591447835e+02	-1.79081122489731e-01	8.59876976918115e+01	-3.84381770000000e-02	1
53	55	64	66	1.75360237241259e-02	2.14641144000000e-01	0.00000000000000e+00	0.00000000000000e+00	-1.13876789741192e+03	-9.75070837304147e-02	1.11037936722452e+02	-2.09290320000000e-02	1
53	55	66	68	1.75295520718240e-02	2.14641144000000e-01	0.00000000000000e+00	0.00000000000000e+00	-1.99979458899957e+03	-6.76841016091491e-02	1.35354300159273e+02	-1.45277930000000e-02	1
53	56	67	70	1.75386641934312e-02	2.47233114000000e-01	0.00000000000000e+00	0.00000000000000e+00	-8.59734876735838e+02	-1.20333484130285e-01	1.03454893145945e+02	-2.97504220000000e-02	1
53	56	70	68	1.75458024788700e-02	2.47233114000000e-01	0.00000000000000e+00	0.00000000000000e+00	1.27507998779283e+03	6.84910112809565e-02	8.73315178280406e+01	1.69332460000000e-02	1
53	56	68	71	1.75417073176588e-02	2.47233114000000e-01	0.00000000000000e+00	0.00000000000000e+00	-9.45152116178482e+02	-1.01471953308002e-01	9.59064314018225e+01	-2.50872270000000e-02	1
53	56	71	69	1.75424907182585e-02	2.47233114000000e-01	0.00000000000000e+00	0.00000000000000e+00	1.57661391904187e+03	5.97091051484309e-02	9.41382062705506e+01	1.47620680000000e-02	1
53	56	69	72	1.75384252750290e-02	2.47233114000000e-01	0.00000000000000e+00	0.00000000000000e+00	-1.17911556741913e+03	-8.82849414743043e-02	1.04098148861039e+02	-2.18269610000000e-02	1
54	55	56	57	1.75398261260937e-02	1.49704686000000e-01	0.00000000000000e+00	0.00000000000000e+00	-1.88606393650176e+01	-5.32519500424990e+00	1.00436582523551e+02	-7.97206646000000e-01	1
54	55	57	58	1.75577945853810e-02	1.49704686000000e-01	0.00000000000000e+00	0.00000000000000e+00	-7.59736479785061e+01	-9.10982131848565e-01	6.92106357997719e+01	-1.36378294000000e-01	1
54	55	58	59	1.75552969725557e-02	1.49704686000000e-01	0.00000000000000e+00	0.00000000000000e+00	-1.95951607776978e+02	-3.69155892688623e-01	7.23366906926811e+01	-5.52643670000000e-02	1
54	55	59	60	1.75489286703449e-02	1.49704686000000e-01	0.00000000000000e+00	0.00000000000000e+00	-3.81955697959393e+02	-2.14034402370010e-01	8.17516595445588e+01	-3.20419530000000e-02	1
54	55	60	61	1.75462376474445e-02	1.49704686000000e-01	0.00000000000000e+00	0.00000000000000e+00	-6.29116116072621e+02	-1.37509737003156e-01	8.65095916655929e+01	-2.05858520000000e-02	1
54	55	61	62	1.75417115121178e-02	1.49704686000000e-01	0.00000000000000e+00	0.00000000000000e+00	-9.77054802469836e+02	-9.81488314934911e-02	9.58967871675182e+01	-1.46933400000000e-02	1
54	56	62	64	1.75549029520171e-02	2.22447744000000e-01	0.00000000000000e+00	0.00000000000000e+00	-3.33042679549532e+02	-2.18758231146637e-01	7.28558274745921e+01	-4.86622750000000e-02	1
54	56	64	66	1.75416240641255e-02	2.22447744000000e-01	0.00000000000000e+00	0.00000000000000e+00	-8.50790566504755e+02	-1.12951718674207e-01	9.60982567185142e+01	-2.51258550000000e-02	1
54	56	66	68	1.75338005702485e-02	2.22447744000000e-01	0.00000000000000e+00	0.00000000000000e+00	-1.56199146787486e+03	-7.57630250455586e-02	1.18341198701552e+02	-1.68533140000000e-02	1
54	56	68	63	1.75436570836595e-02	2.22447744000000e-01	0.00000000000000e+00	0.00000000000000e+00	3.34314965430253e+02	2.74062397324200e-01	9.16231608871723e+01	6.09645620000000e-02	1
54	56	63	65	1.75504305754752e-02	2.22447744000000e-01	0.00000000000000e+00	0.00000000000000e+00	-5.35416024729749e+02	-1.48140805599719e-01	7.93169612344640e+01	-3.29535880000000e-02	1
54	56	65	67	1.75373968937668e-02	2.22447744000000e-01	0.00000000000000e+00	0.00000000000000e+00	-1.18667930164980e+03	-9.01345081746480e-02	1.06960755215239e+02	-2.00502180000000e-02	1
54	56	67	69	1.75361634962696e-02	2.22447744000000e-01	0.00000000000000e+00	0.00000000000000e+00	-1.68749566748512e+03	-6.55461086627159e-02	1.10608774388842e+02	-1.45805840000000e-02	1
54	57	68	71	1.75442356266277e-02	2.18177907000000e-01	0.00000000000000e+00	0.00000000000000e+00	-7.63744499695388e+02	-1.18396731159402e-01	9.04248522049068e+01	-2.58315510000000e-02	1
54	57	71	69	1.75459260561353e-02	2.18177907000000e-01	0.00000000000000e+00	0.00000000000000e+00	1.28699187704561e+03	6.76744964832759e-02	8.70965272571278e+01	1.47650800000000e-02	1
54	57	69	72	1.75422358168812e-02	2.18177907000000e-01	0.00000000000000e+00	0.00000000000000e+00	-9.67833636229985e+02	-9.78539545711198e-02	9.47063486720506e+01	-2.13495710000000e-02	1
55	56	57	58	1.75342841229603e-02	1.92872167000000e-01	0.00000000000000e+00	0.00000000000000e+00	-1.90470815364408e+01	-6.12545715318271e+00	1.16672081844646e+02	-1.18143019500000e+00	1
55	56	58	59	1.75523451869384e-02	1.92872167000000e-01	0.00000000000000e+00	0.00000000000000e+00	-7.77195908144694e+01	-9.83224588335755e-01	7.64158126841801e+01	-1.89636657000000e-01	1
55	56	59	60	1.75568999756291e-02	1.92872167000000e-01	0.00000000000000e+00	0.00000000000000e+00	-1.88581890308778e+02	-3.72775984831445e-01	7.02987998812302e+01	-7.18981120000000e-02	1
55	56	60	61	1.75554203337640e-02	1.92872167000000e-01	0.00000000000000e+00	0.00000000000000e+00	-3.56378565673670e+02	-2.02525297494065e-01	7.21756750335681e+01	-3.90614930000000e-02	1
55	56	61	62	1.75494937574268e-02	1.92872167000000e-01	0.00000000000000e+00	0.00000000000000e+00	-6.09187878432891e+02	-1.32665596068094e-01	8.08182730097572e+01	-2.55875010000000e-02	1
55	56	62	63	1.75589510603206e-02	1.92872167000000e-01	0.00000000000000e+00	0.00000000000000e+00	-9.13692877071765e+02	-7.42622547503187e-02	6.78528932006550e+01	-1.43231220000000e-02	1
55	57	63	65	1.75548240312024e-02	2.47697123000000e-01	0.00000000000000e+00	0.00000000000000e+00	-3.72700311738394e+02	-1.95762394866411e-01	7.29607055933660e+01	-4.84897820000000e-02	1
55	57	65	67	1.75413207448161e-02	2.47697123000000e-01	0.00000000000000e+00	0.00000000000000e+00	-8.86974786182866e+02	-1.09139152173358e-01	9.68036761631435e+01	-2.70334540000000e-02	1
55	57	67	69	1.75394791343063e-02	2.47697123000000e-01	0.00000000000000e+00	0.00000000000000e+00	-1.32289200148980e+03	-7.65892787539563e-02	1.01319344263482e+02	-1.89709440000000e-02	1
55	57	69	64	1.75425752045734e-02	2.47697123000000e-01	0.00000000000000e+00	0.00000000000000e+00	3.50868080452075e+02	2.67768439119093e-01	9.39513982393645e+01	6.63254720000000e-02	1
55	57	64	66	1.75451522750602e-02	2.47697123000000e-01	0.00000000000000e+00	0.00000000000000e+00	-6.17190036539699e+02	-1.43536200862535e-01	8.85891130551175e+01	-3.55535040000000e-02	1
55	57	66	68	1.75384541159409e-02	2.47697123000000e-01	0.00000000000000e+00	0.00000000000000e+00	-1.19597678086713e+03	-8.69749948609617e-02	1.04020074369748e+02	-2.15434560000000e-02	1
55	57	68	70	1.75490405904439e-02	2.47697123000000e-01	0.00000000000000e+00	0.00000000000000e+00	-1.38881468853124e+03	-5.87299998635834e-02	8.15650864679825e+01	-1.45472520000000e-02	1
55	58	69	72	1.75460477696312e-02	1.33009196000000e-01	0.00000000000000e+00	0.00000000000000e+00	-7.90738487860261e+02	-1.09854667492314e-01	8.68663136572641e+01	-1.46116810000000e-02	1
56	57	58	59	1.75407491385162e-02	2.14674881000000e-01	0.00000000000000e+00	0.00000000000000e+00	-1.90739866379831e+01	-5.14635908427498e+00	9.81615844077238e+01	-1.10479402400000e+00	1
56	57	59	60	1.75581125239363e-02	2.14674881000000e-01	0.00000000000000e+00	0.00000000000000e+00	-7.38233253104811e+01	-9.32387944353862e-01	6.88319785316059e+01	-2.00160271000000e-01	1
56	57	60	61	1.75594974535114e-02	2.14674881000000e-01	0.00000000000000e+00	0.00000000000000e+00	-1.75175146519670e+02	-3.83785995903265e-01	6.72297680645519e+01	-8.23892130000000e-02	1
56	57	61	62	1.75534724704604e-02	2.14674881000000e-01	0.00000000000000e+00	0.00000000000000e+00	-3.45599031212080e+02	-2.16449818365102e-01	7.48048475330101e+01	-4.64663390000000e-02	1
56	57	62	63	1.75608200597647e-02	2.14674881000000e-01	0.00000000000000e+00	0.00000000000000e+00	-5.72634603841823e+02	-1.14851206089640e-01	6.57677748998967e+01	-2.46556690000000e-02	1
56	57	63	64	1.75610241685490e-02	2.14674881000000e-01	0.00000000000000e+00	0.00000000000000e+00	-9.73858814987411e+02	-6.73072924633413e-02	6.55478000783607e+01	-1.44491850000000e-02	1
56	58	64	66	1.75464535623994e-02	2.52846176000000e-01	0.00000000000000e+00	0.00000000000000e+00	-4.35541284849106e+02	-1.97702262263994e-01	8.61074973240349e+01	-4.99882610000000e-02	1
56	58	66	68	1.75389144888973e-02	2.52846176000000e-01	0.00000000000000e+00	0.00000000000000e+00	-9.01802407378896e+02	-1.13982261689415e-01	1.02789477990006e+02	-2.88199790000000e-02	1
56	58	68	70	1.75526917659154e-02	2.52846176000000e-01	0.00000000000000e+00	0.00000000000000e+00	-1.10092606027680e+03	-6.89539398056785e-02	7.59131892908295e+01	-1.74347400000000e-02	1
56	58	70	65	1.75438085220475e-02	2.52846176000000e-01	0.00000000000000e+00	0.00000000000000e+00	3.42348450588149e+02	2.66706145478744e-01	9.13064356669853e+01	6.74356290000000e-02	1
56	58	65	67	1.75426698585888e-02	2.52846176000000e-01	0.00000000000000e+00	0.00000000000000e+00	-6.49616852231234e+02	-1.44305041813249e-01	9.37429870238191e+01	-3.64869780000000e-02	1
56	58	67	69	1.75422434531374e-02	2.52846176000000e-01	0.00000000000000e+00	0.00000000000000e+00	-1.02568044679762e+03	-9.23184497755663e-02	9.46892288134669e+01	-2.33423670000000e-02	1
56	58	69	71	1.75488366755535e-02	2.52846176000000e-01	0.00000000000000e+00	0.00000000000000e+00	-1.42270916194943e+03	-5.75702042652209e-02	8.19056570634302e+01	-1.45564060000000e-02	1
57	58	59	60	1.75582481496112e-02	2.21522832000000e-01	0.00000000000000e+00	0.00000000000000e+00	-1.82521566079132e+01	-3.76238878618164e+00	6.86717093452437e+01	-8.33455019000000e-01	1
57	58	60	61	1.75678594817947e-02	2.21522832000000e-01	0.00000000000000e+00	0.00000000000000e+00	-7.01243417943900e+01	-8.40583100707199e-01	5.89453366605798e+01	-1.86208349000000e-01	1
57	58	61	62	1.75612229948186e-02	2.21522832000000e-01	0.00000000000000e+00	0.00000000000000e+00	-1.74954005838662e+02	-3.73440598664791e-01	6.53349286791934e+01	-8.27256190000000e-02	1
57	58	62	63	1.75675265348456e-02	2.21522832000000e-01	0.00000000000000e+00	0.00000000000000e+00	-3.35688284798213e+02	-1.76461246215921e-01	5.92359730755774e+01	-3.90901950000000e-02	1
57	58	63	64	1.75646587395271e-02	2.21522832000000e-01	0.00000000000000e+00	0.00000000000000e+00	-6.28254652437410e+02	-9.84684368787773e-02	6.18632535873313e+01	-2.18130070000000e-02	1
57	58	64	65	1.75498641685144e-02	2.21522832000000e-01	0.00000000000000e+00	0.00000000000000e+00	-1.21198419405008e+03	-6.61872677756305e-02	8.02179223914244e+01	-1.46619910000000e-02	1
57	59	65	67	1.75378828224490e-02	2.00746012000000e-01	0.00000000000000e+00	0.00000000000000e+00	-4.72700377225575e+02	-2.23373533318311e-01	1.05588753461775e+02	-4.48413460000000e-02	1
57	59	67	69	1.75386715352940e-02	2.00746012000000e-01	0.00000000000000e+00	0.00000000000000e+00	-7.99509392913865e+02	-1.29373404439038e-01	1.03435252042255e+02	-2.59711950000000e-02	1
57	59	69	71	1.75444546502839e-02	2.00746012000000e-01	0.00000000000000e+00	0.00000000000000e+00	-1.16511348780965e+03	-7.72279600752417e-02	8.99793379196890e+01	-1.55032050000000e-02	1
57	59	71	66	1.75399471122617e-02	2.00746012000000e-01	0.00000000000000e+00	0.00000000000000e+00	3.37476776489704e+02	2.96708992654858e-01	1.00132394396669e+02	5.95631470000000e-02	1
57	59	66	68	1.75350661608834e-02	2.00746012000000e-01	0.00000000000000e+00	0.00000000000000e+00	-6.80018981983075e+02	-1.67745444427559e-01	1.14070086351927e+02	-3.36742290000000e-02	1
57	59	68	70	1.75503342374895e-02	2.00746012000000e-01	0.00000000000000e+00	0.00000000000000e+00	-8.80705804326659e+02	-9.02330503083668e-02	7.94687711486780e+01	-1.81139250000000e-02	1
57	59	70	72	1.75346345254753e-02	2.00746012000000e-01	0.00000000000000e+00	0.00000000000000e+00	-1.60723501503143e+03	-7.18573776698488e-02	1.15491693479318e+02	-1.44250820000000e-02	1
58	59	60	61	1.75492266521712e-02	1.70363073000000e-01	0.00000000000000e+00	0.00000000000000e+00	-1.86659740243769e+01	-4.35320413596907e+00	8.12567953248087e+01	-7.41625234000000e-01	1
58	59	61	62	1.75508860971512e-02	1.70363073000000e-01	0.00000000000000e+00	0.00000000000000e+00	-7.49933449375062e+01	-1.04818544215858e+00	7.86069324222711e+01	-1.78572093000000e-01	1
58	59	62	63	1.75554821809292e-02	1.70363073000000e-01	0.00000000000000e+00	0.00000000000000e+00	-1.81397953566914e+02	-3.97442296664841e-01	7.20952192759364e+01	-6.77094910000000e-02	1
58	59	63	64	1.75522370832088e-02	1.70363073000000e-01	0.00000000000000e+00	0.00000000000000e+00	-3.89443912527853e+02	-1.96623830564503e-01	7.65739538712536e+01	-3.34974400000000e-02	1
58	59	64	65	1.75393860081952e-02	1.70363073000000e-01	0.00000000000000e+00	0.00000000000000e+00	-8.18712056215692e+02	-1.24047163671437e-01	1.01558908437167e+02	-2.11330560000000e-02	1
58	59	65	66	1.75347835221230e-02	1.70363073000000e-01	0.00000000000000e+00	0.00000000000000e+00	-1.35974983495331e+03	-8.45721596017465e-02	1.14996980060120e+02	-1.44079730000000e-02	1
58	60	66	68	1.75318422822403e-02	1.42520035000000e-01	0.00000000000000e+00	0.00000000000000e+00	-4.81635556830884e+02	-2.60817821157566e-01	1.25619136524642e+02	-3.71717650000000e-02	1
58	60	68	70	1.75437531747944e-02	1.42520035000000e-01	0.00000000000000e+00	0.00000000000000e+00	-6.71882906967409e+02	-1.36068258753936e-01	9.14219372375880e+01	-1.93924530000000e-02	1
58	60	70	72	1.75299244172083e-02	1.42520035000000e-01	0.00000000000000e+00	0.00000000000000e+00	-1.29211805036409e+03	-1.03450381555127e-01	1.33670105324432e+02	-1.47437520000000e-02	1
58	60	72	67	1.75354043170865e-02	1.42520035000000e-01	0.00000000000000e+00	0.00000000000000e+00	3.21303884626453e+02	3.51631516228578e-01	1.12980572121332e+02	5.01145360000000e-02	1
58	60	67	69	1.75344404374691e-02	1.42520035000000e-01	0.00000000000000e+00	0.00000000000000e+00	-5.90646638742884e+02	-1.96636255386830e-01	1.16142543299219e+02	-2.80246060000000e-02	1
58	60	69	71	1.75429506433522e-02	1.42520035000000e-01	0.00000000000000e+00	0.00000000000000e+00	-9.14518562292875e+02	-1.01835170051705e-01	9.31301533065360e+01	-1.45135520000000e-02	1
59	60	61	62	1.75424834883477e-02	1.57919764000000e-01	0.00000000000000e+00	0.00000000000000e+00	-1.91782082505693e+01	-4.90943813087259e+00	9.41542268671603e+01	-7.75297311000000e-01	1
59	60	62	63	1.75496462078610e-02	1.57919764000000e-01	0.00000000000000e+00	0.00000000000000e+00	-7.45892997268899e+01	-1.08018310488357e+00	8.05701013700829e+01	-1.70582261000000e-01	1
59	60	63	64	1.75468237279617e-02	1.57919764000000e-01	0.00000000000000e+00	0.00000000000000e+00	-1.99574527937011e+02	-4.28044472001617e-01	8.54267734357699e+01	-6.75966820000000e-02	1
59	60	64	65	1.75358126685864e-02	1.57919764000000e-01	0.00000000000000e+00	0.00000000000000e+00	-4.75745959269982e+02	-2.34773026889782e-01	1.11692318888397e+02	-3.70753010000000e-02	1
59	60	65	66	1.75319970393615e-02	1.57919764000000e-01	0.00000000000000e+00	0.00000000000000e+00	-8.55138884835127e+02	-1.46188611325432e-01	1.25011566064426e+02	-2.30860710000000e-02	1
59	60	66	67	1.75324852697292e-02	1.57919764000000e-01	0.00000000000000e+00	0.00000000000000e+00	-1.35714422763965e+03	-9.07292895903771e-02	1.23132731645426e+02	-1.43279480000000e-02	1
59	61	67	69	1.75373776761194e-02	1.19102613000000e-01	0.00000000000000e+00	0.00000000000000e+00	-3.94868868328094e+02	-2.71015918013486e-01	1.07015748844885e+02	-3.22787040000000e-02	1
59	61	69	71	1.75478332119020e-02	1.19102613000000e-01	0.00000000000000e+00	0.00000000000000e+00	-6.59390012158596e+02	-1.26820097557389e-01	8.36239056703214e+01	-1.51046050000000e-02	1
59	61	71	68	1.75460410944366e-02	1.19102613000000e-01	0.00000000000000e+00	0.00000000000000e+00	3.63914502633186e+02	2.38734392838216e-01	8.68789078311549e+01	2.84338900000000e-02	1
59	61	68	70	1.75496499740059e-02	1.19102613000000e-01	0.00000000000000e+00	0.00000000000000e+00	-4.67755053729099e+02	-1.72235423583864e-01	8.05639898125244e+01	-2.05136890000000e-02	1
59	61	70	72	1.75342222871836e-02	1.19102613000000e-01	0.00000000000000e+00	0.00000000000000e+00	-9.58872339648866e+02	-1.21896200547674e-01	1.16882895013455e+02	-1.45181560000000e-02	1
60	61	62	63	1.75642991021746e-02	1.57078629000000e-01	0.00000000000000e+00	0.00000000000000e+00	-1.87721137758167e+01	-3.31391912008603e+00	6.22092667661093e+01	-5.20545872000000e-01	1
60	61	63	64	1.75564968734557e-02	1.57078629000000e-01	0.00000000000000e+00	0.00000000000000e+00	-7.94184377687468e+01	-8.91485403784623e-01	7.08003780622152e+01	-1.40033305000000e-01	1
60	61	64	65	1.75423142390603e-02	1.57078629000000e-01	0.00000000000000e+00	0.00000000000000e+00	-2.32415531616977e+02	-4.06731968611720e-01	9.45308267105125e+01	-6.38889000000000e-02	1
60	61	65	66	1.75376126726402e-02	1.57078629000000e-01	0.00000000000000e+00	0.00000000000000e+00	-4.69661349258562e+02	-2.26433654447035e-01	1.06347135665141e+02	-3.55678880000000e-02	1
60	61	66	67	1.75403474966730e-02	1.57078629000000e-01	0.00000000000000e+00	0.00000000000000e+00	-8.04772343650953e+02	-1.23188552912567e-01	9.91387404384161e+01	-1.93502890000000e-02	1
60	61	67	68	1.75349120277641e-02	1.57078629000000e-01	0.00000000000000e+00	0.00000000000000e+00	-1.25129643784025e+03	-9.15639899046993e-02	1.14573694402191e+02	-1.43827460000000e-02	1
60	62	68	70	1.75603132540018e-02	1.00484014000000e-01	0.00000000000000e+00	0.00000000000000e+00	-3.06766203237248e+02	-2.16192050210096e-01	6.63204144130276e+01	-2.17238450000000e-02	1
60	62	70	72	1.75410333862266e-02	1.00484014000000e-01	0.00000000000000e+00	0.00000000000000e+00	-6.82100810315728e+02	-1.42913767358060e-01	9.74815965202059e+01	-1.43605490000000e-02	1
60	62	72	69	1.75515818606723e-02	1.00484014000000e-01	0.00000000000000e+00	0.00000000000000e+00	3.56123860969059e+02	2.17751880413535e-01	7.75466403861410e+01	2.18805830000000e-02	1
60	62	69	71	1.75559023112747e-02	1.00484014000000e-01	0.00000000000000e+00	0.00000000000000e+00	-4.52483483642580e+02	-1.58134815354809e-01	7.15533921369199e+01	-1.58900210000000e-02	1
61	62	63	64	1.75483294484867e-02	1.86906087000000e-01	0.00000000000000e+00	0.00000000000000e+00	-2.02171559149323e+01	-4.09381385743740e+00	8.27652730425224e+01	-7.65158729000000e-01	1
61	62	64	65	1.75400944992984e-02	1.86906087000000e-01	0.00000000000000e+00	0.00000000000000e+00	-9.18560035696164e+01	-1.08609459038110e+00	9.97643085709877e+01	-2.02997690000000e-01	1
61	62	65	66	1.75374795149112e-02	1.86906087000000e-01	0.00000000000000e+00	0.00000000000000e+00	-2.25811265717778e+02	-4.72629064242300e-01	1.06724967211563e+02	-8.83372490000000e-02	1
61	62	66	67	1.75419867965240e-02	1.86906087000000e-01	0.00000000000000e+00	0.00000000000000e+00	-4.35328356090183e+02	-2.18841807971722e-01	9.52680445081333e+01	-4.09028660000000e-02	1
61	62	67	68	1.75409683143122e-02	1.86906087000000e-01	0.00000000000000e+00	0.00000000000000e+00	-7.35837251046346e+02	-1.32687535211199e-01	9.76364311579242e+01	-2.48001080000000e-02	1
61	62	68	69	1.75585778648674e-02	1.86906087000000e-01	0.00000000000000e+00	0.00000000000000e+00	-8.50108923336388e+02	-8.03252116663274e-02	6.82851792064290e+01	-1.50132710000000e-02	1
61	63	69	71	1.75806346821331e-02	1.67798564000000e-01	0.00000000000000e+00	0.00000000000000e+00	-2.84465491517150e+02	-1.74384758143699e-01	4.96064459384466e+01	-2.92615120000000e-02	1
61	63	71	70	1.75622140665458e-02	1.67798564000000e-01	0.00000000000000e+00	0.00000000000000e+00	7.48938416024718e+02	8.58470338280130e-02	6.42941415355724e+01	1.44050090000000e-02	1
61	63	70	72	1.75575779411008e-02	1.67798564000000e-01	0.00000000000000e+00	0.00000000000000e+00	-4.50580042010127e+02	-1.54181373089701e-01	6.94710495639363e+01	-2.58714130000000e-02	1
62	63	64	65	1.75404056228416e-02	3.04799520000000e-01	0.00000000000000e+00	0.00000000000000e+00	-2.04076822761636e+01	-4.85092434528768e+00	9.89961227843379e+01	-1.47855941200000e+00	1
62	63	65	66	1.75397294867583e-02	3.04799520000000e-01	0.00000000000000e+00	0.00000000000000e+00	-7.78582727496409e+01	-1.29313025164869e+00	1.00680887833675e+02	-3.94145480000000e-01	1
62	63	66	67	1.75516822779972e-02	3.04799520000000e-01	0.00000000000000e+00	0.00000000000000e+00	-1.85006782831800e+02	-4.18341252637143e-01	7.73959692762232e+01	-1.27510213000000e-01	1
62	63	67	68	1.75558925884341e-02	3.04799520000000e-01	0.00000000000000e+00	0.00000000000000e+00	-3.57582143983145e+02	-2.00138179351464e-01	7.15658392653795e+01	-6.10020210000000e-02	1
62	63	68	69	1.76004497715131e-02	3.04799520000000e-01	0.00000000000000e+00	0.00000000000000e+00	-4.58860502541714e+02	-8.67821412579652e-02	3.98208969492760e+01	-2.64511550000000e-02	1
62	63	69	70	1.76184239228900e-02	3.04799520000000e-01	0.00000000000000e+00	0.00000000000000e+00	-7.27275412513498e+02	-4.64431472857963e-02	3.37769591007026e+01	-1.41558490000000e-02	1
62	64	70	72	1.75896083228490e-02	9.77751160000000e-02	0.00000000000000e+00	0.00000000000000e+00	-3.00423135036892e+02	-1.48586129010576e-01	4.46387107003532e+01	-1.45280260000000e-02	1
63	64	65	66	1.75259952364040e-02	3.58166595000000e-01	0.00000000000000e+00	0.00000000000000e+00	-1.81102379847139e+01	-8.49653914542198e+00	1.53874345970030e+02	-3.04317649500000e+00	1
63	64	66	67	1.75349000495753e-02	3.58166595000000e-01	0.00000000000000e+00	0.00000000000000e+00	-6.88477551678793e+01	-1.66473136893182e+00	1.14613017708507e+02	-5.96251166000000e-01	1
63	64	67	68	1.75416579427456e-02	3.58166595000000e-01	0.00000000000000e+00	0.00000000000000e+00	-1.67782205168916e+02	-5.72290154529905e-01	9.60201041234872e+01	-2.04975216000000e-01	1
63	64	68	69	1.76083095486101e-02	3.58166595000000e-01	0.00000000000000e+00	0.00000000000000e+00	-2.53292765503937e+02	-1.45804342808687e-01	3.69311852124962e+01	-5.22222450000000e-02	1
63	64	69	70	1.76951770878845e-02	3.58166595000000e-01	0.00000000000000e+00	0.00000000000000e+00	-4.52746026745799e+02	-4.52664576382395e-02	2.04942088405700e+01	-1.62129330000000e-02	1
63	64	70	71	1.76241232492836e-02	3.58166595000000e-01	0.00000000000000e+00	0.00000000000000e+00	-8.20657638703063e+02	-3.92685476433111e-02	3.22260335842584e+01	-1.40646820000000e-02	1
64	65	66	67	1.75143231345107e-02	3.70904938000000e-01	0.00000000000000e+00	0.00000000000000e+00	-1.86006372842049e+01	-1.50139199791403e+01	2.79268479746066e+02	-5.56873705900000e+00	1
64	65	67	68	1.75142310606968e-02	3.70904938000000e-01	0.00000000000000e+00	0.00000000000000e+00	-7.33872258751759e+01	-3.83003064790688e+00	2.81075324266788e+02	-1.42057728000000e+00	1
64	65	68	69	1.75500055643199e-02	3.70904938000000e-01	0.00000000000000e+00	0.00000000000000e+00	-1.43586203302245e+02	-5.57094597106712e-01	7.99910980787468e+01	-2.06629137000000e-01	1
64	65	69	70	1.76528980888807e-02	3.70904938000000e-01	0.00000000000000e+00	0.00000000000000e+00	-3.04969222026469e+02	-8.57831367022674e-02	2.61612164630807e+01	-3.18173890000000e-02	1
64	65	70	71	1.75936986485258e-02	3.70904938000000e-01	0.00000000000000e+00	0.00000000000000e+00	-6.16736498099830e+02	-6.92192698712466e-02	4.26900501014197e+01	-2.56737690000000e-02	1
64	65	71	72	1.75969373312810e-02	3.70904938000000e-01	0.00000000000000e+00	0.00000000000000e+00	-1.07490613331552e+03	-3.83882567775358e-02	4.12637726574642e+01	-1.42383940000000e-02	1
65	66	68	69	1.75249637633855e-02	1.96240128000000e-01	0.00000000000000e+00	0.00000000000000e+00	-6.03087084208087e+01	-2.65686755972764e+00	1.60232250972320e+02	-5.21384030000000e-01	1
65	66	69	70	1.76316899970651e-02	1.96240128000000e-01	0.00000000000000e+00	0.00000000000000e+00	-1.66711609028068e+02	-1.82197058085898e-01	3.03743647136805e+01	-3.57543740000000e-02	1
65	66	70	71	1.75936960391449e-02	1.96240128000000e-01	0.00000000000000e+00	0.00000000000000e+00	-3.91011883620053e+02	-1.09181436122993e-01	4.26912389947941e+01	-2.14257790000000e-02	1
65	66	71	72	1.75698823354579e-02	1.96240128000000e-01	0.00000000000000e+00	0.00000000000000e+00	-7.45721425811795e+02	-7.67566407213106e-02	5.72390715592194e+01	-1.50627330000000e-02	1
66	67	69	70	1.75963249384647e-02	1.34996460000000e-01	0.00000000000000e+00	0.00000000000000e+00	-7.71178569213020e+01	-5.38475934850440e-01	4.15261100993605e+01	-7.26923450000000e-02	1
66	67	70	71	1.75769403337970e-02	1.34996460000000e-01	0.00000000000000e+00	0.00000000000000e+00	-2.25019717474305e+02	-2.31039028727124e-01	5.19883369697153e+01	-3.11894510000000e-02	1
66	67	71	72	1.75758610271047e-02	1.34996460000000e-01	0.00000000000000e+00	0.00000000000000e+00	-4.83972967818811e+02	-1.08948227234996e-01	5.27279968735190e+01	-1.47076250000000e-02	1
67	68	69	70	1.75348444857628e-02	5.36062550000000e-02	0.00000000000000e+00	0.00000000000000e+00	-2.39463721469866e+01	-4.79386946541966e+00	1.14795782243015e+02	-2.56981389000000e-01	1
67	68	70	71	1.75496235563731e-02	5.36062550000000e-02	0.00000000000000e+00	0.00000000000000e+00	-1.05462627316444e+02	-7.64316999947114e-01	8.06068789170450e+01	-4.09721720000000e-02	1
67	68	71	72	1.75508027763313e-02	5.36062550000000e-02	0.00000000000000e+00	0.00000000000000e+00	-2.72555168823361e+02	-2.88880430091600e-01	7.87358543933814e+01	-1.54857980000000e-02	1
68	69	70	71	1.75414468796999e-02	1.93473450000000e-02	0.00000000000000e+00	0.00000000000000e+00	-2.00147493416033e+01	-4.82189773325487e+00	9.65090744819414e+01	-9.32909190000000e-02	1
68	69	71	72	1.75630441041279e-02	1.93473450000000e-02	0.00000000000000e+00	0.00000000000000e+00	-8.04334996613335e+01	-7.88821153496772e-01	6.34476459826353e+01	-1.52615950000000e-02	1
69	70	71	72	1.75461833493242e-02	1.02155460000000e-02	0.00000000000000e+00	0.00000000000000e+00	-1.89632258688404e+01	-4.56732953872461e+00	8.66113016602613e+01	-4.66577650000000e-02	1
0
