# vtk DataFile Version 3.0
d-2__ created by libgimli-v1.5.3-50-g9b352bc4
ASCII
DATASET UNSTRUCTURED_GRID
POINTS 2446 double
23.33	297.5272	0
23.409885210771	296.93678256732	0
23.67	297.4728	0
24.33	297.4233	0
24.505632174327	296.86178256732	0
24.67	297.4267	0
27.811438937666	296.98496339523	0
28	297.31	0
27.67	297.3331	0
5.3974123396759	297.91723099769	0
5.4510643982922	298.3004599878	0
5.0884686900299	298.15024778593	0
21	297.84	0
21.129293197162	297.46643197162	0
21.33	297.807	0
23.107869115459	297.19653197162	0
33.104298435175	296.34488197162	0
32.745702257753	295.8824125756	0
33.404253036444	296.08178256732	0
33.774298435175	296.23098197162	0
33.67	296.6161	0
20.67	297.8697	0
20.808886177094	297.56469641216	0
23.777869115459	297.08933197162	0
24	297.42	0
15.67	298.1833	0
15.496504599878	297.8354599878	0
15.829533477859	297.63499778593	0
26.33	297.4202	0
26.482527021678	297.11878369464	0
26.67	297.3998	0
3.67	298.8929	0
3.33	298.9371	0
3.4545597984142	298.5654599878	0
24.838570680284	297.07128197162	0
43.129293197162	295.48643197162	0
43	295.86	0
42.808886177094	295.58469641216	0
26	297.44	0
25.67	297.4367	0
25.840466522141	296.89169778593	0
24.168548183882	297.06683161183	0
11.67	298.21	0
11.33	298.21	0
11.5	297.8604599878	0
25	297.43	0
35.441378479815	295.71723099769	0
35.792830008298	295.40924745585	0
35.791267822874	295.87654778593	0
39.115801300734	295.64849778593	0
38.803677225664	295.87681917404	0
38.498717480364	295.37220879038	0
12.581274767727	297.3357229646	0
13.159533477859	297.66169778593	0
12.835	297.86463180114	0
16.466206954039	297.58678256732	0
16.144924588754	297.83550981257	0
18.466206954039	297.45678256732	0
18.67	298.0098	0
18.33	298.0302	0
19.67	297.9498	0
19.33	297.9702	0
19.466206954039	297.39678256732	0
19.143575918297	297.62303197162	0
18.81742582139	297.70699702316	0
18.874879918501	297.25474519032	0
42.67	295.8897	0
42.474020191305	295.61633545895	0
22.453809372464	297.3713085779	0
22.567157557378	297.03118949082	0
22.788135523706	297.31349702316	0
48.813575918297	294.88283197162	0
48.67	295.2498	0
48.466206954039	294.69678256732	0
18	298.05	0
18.143943801695	297.68916336159	0
17.796734345015	297.51489778593	0
17.67	298.0731	0
27.140837957307	297.02327796153	0
27.33	297.3569	0
27	297.38	0
32.33	296.8372	0
32.444073598048	296.4604599878	0
32.67	296.7828	0
23	297.58	0
21.443678256732	297.22678256732	0
21.67	297.773	0
60.622943200466	293.78234519603	0
60.44756899817	294.2354599878	0
60.083002167889	294.08859778593	0
61.790546243728	294.08839162485	0
61.67	294.4095	0
61.44756899817	294.0854599878	0
27.479554908335	297.05292726192	0
19	297.99	0
54.209288094948	294.19233984473	0
54.711746268878	293.95248563872	0
54.813133911437	294.49994778593	0
19.814549687243	297.59906145406	0
20.115801300734	297.36849778593	0
20	297.93	0
36.21802056965	295.60311603364	0
36.807667389296	295.82159778593	0
36.48252299939	296.0354599878	0
57.489513799634	294.6154599878	0
57.33	294.9701	0
57.156109248746	294.67869162485	0
21.801486908919	297.42136908919	0
22.077535645748	297.16694778593	0
22	297.74	0
34.33	296.5369	0
34.144591280895	296.25689686993	0
34.479465521199	296.23165030284	0
65.33	294.5601	0
65.148600433578	294.01839778593	0
65.489513799634	294.2054599878	0
17.33	298.0969	0
17.475532199146	297.7354599878	0
31.808327746237	296.60849162485	0
31.67	296.9197	0
31.468541398902	296.5854599878	0
31.33	296.9503	0
31.115801300734	296.41849778593	0
8.33	298.387	0
8	298.42	0
8.1103347785928	297.85684778593	0
58.33	294.9038	0
58.459392465426	294.58994618161	0
58.67	294.8562	0
70.414507254404	292.85395492472	0
70.511630578966	293.35923552586	0
70.178027134399	293.31092164003	0
34.287863666714	295.92374893755	0
34.810808702958	296.15596004226	0
50.67	295.17	0
50.835	294.87364162485	0
51	295.17	0
33.33	296.6739	0
33	296.73	0
26.802200867156	296.84324778593	0
62.876763699115	294.11216917404	0
62.92284526398	293.74153915152	0
63.230598265689	293.95314778593	0
32.077535645748	296.31694778593	0
32	296.89	0
34.67	296.5131	0
38	296.3	0
37.67	296.3198	0
37.802200867156	295.76324778593	0
6.5074756059108	297.65798419648	0
6.3439791097285	297.94433705698	0
6.032625179252	297.90325858937	0
31	296.98	0
30.807350132421	296.64757665526	0
15.33	298.1867	0
15	298.19	0
15.162036416249	297.89199162485	0
4.1270980681337	298.53699667795	0
4.33	298.8071	0
4	298.85	0
1.33	299.167	0
1.4706724545133	298.85672454513	0
1.67	299.133	0
35	296.49	0
35.121267822874	295.93014778593	0
30.33	297.0336	0
30.476531620388	296.72664525485	0
30.67	297.0064	0
61.036452507506	293.3202466018	0
61.083002167889	293.93859778593	0
28.099401734311	296.74354778593	0
20.474020191305	297.59633545895	0
32.253291332897	295.85622642567	0
32.620825587774	296.18497071057	0
26.145217265969	297.10038776616	0
49	295.23	0
17.182951574436	297.22500774106	0
25.33	297.4333	0
25.503495400122	297.0854599878	0
29	297.19	0
28.799436994982	296.91344162485	0
29.128265408553	296.88597621964	0
10.165	297.66334778593	0
10	298.21	0
9.795722516878	297.87108197162	0
39.785801300734	295.58819778593	0
39.67	296.1497	0
39.468541398902	295.8154599878	0
59.238550609846	294.14791366765	0
59.782795376106	294.33671917404	0
59.455941304498	294.44127536332	0
28.33	297.2704	0
68.728831330607	292.81196220404	0
68.601778285206	293.1371168173	0
68.380371275328	292.83302375058	0
28.458055198536	296.9004599878	0
52.486018399512	294.7904599878	0
52.67	295.1332	0
52.33	295.1468	0
45.434050789792	294.89223099769	0
45.860415722152	294.41913070069	0
45.785801300734	295.04819778593	0
28.67	297.2296	0
15.254343712175	297.4204230712	0
32.788544149391	296.46605093369	0
31.664934568567	296.20602066822	0
17.14425491374	297.81209162485	0
16.818025963696	297.84699939493	0
16.94633024913	297.50422849378	0
4.7900466119848	298.39565470758	0
5	298.72	0
4.67	298.7629	0
5.33	298.6738	0
22.754247154745	296.72536881301	0
22.67	297.6328	0
22.33	297.6872	0
3.0939352121707	298.41189778593	0
23.846578586191	296.40348388692	0
4.4618604987805	298.49161922139	0
69	293.7	0
68.805461284946	293.42111284946	0
69.14425491374	293.39209162485	0
62	294.36	0
62.207848163406	294.02273197162	0
62.33	294.3996	0
7.4720367990241	298.1104599878	0
7.33	298.4736	0
7.1212678228743	297.94014778593	0
7	298.5	0
26.340014680299	296.63023332361	0
54.153145664994	294.77704162485	0
53.823560924831	294.80062312076	0
53.965107544535	294.46394015109	0
9.67	298.2463	0
9.4380460824051	297.70178256732	0
6.33	298.5536	0
6.4765020290654	298.24627536332	0
6.67	298.5264	0
59.67	294.7095	0
7.67	298.4464	0
6.8071575339234	298.16516917404	0
70.33	293.6432	0
6.135650477206	298.19993096507	0
6	298.58	0
5.7584686900299	298.05644778593	0
5.67	298.6262	0
-1.0040418317979	299.29	0
-0.43819749618069	298.90693618747	0
0	299.29	0
1.1358447315332	298.89194731533	0
50.73658395784	294.41187943592	0
51.121488285659	294.16719119745	0
51.159533477859	294.62169778593	0
27.586350451545	296.73011877672	0
27.359311147087	296.47701057771	0
30.141675747118	296.75524683897	0
0.67	299.2297	0
0.33	299.2603	0
0.47401509883462	298.95627887594	0
37.356188386921	295.56538472886	0
37.144288103631	296.00490172719	0
0.13875947131962	298.98358857022	0
2.3022428638397	298.44881554343	0
2.1199643045734	298.14398270409	0
2.4749285987302	298.15618446569	0
3.7639352121707	298.32479778593	0
2.1239432414224	298.73806034519	0
2	299.1	0
1.8065047661034	298.83154766103	0
35.472036799024	296.1004599878	0
68.67	293.733	0
0.80954668944021	298.93203543822	0
1	299.2	0
60.67	294.5595	0
60.790546243728	294.23839162485	0
61	294.51	0
4.2510551560791	298.19395578516	0
57.313003372647	293.64505242904	0
56.848420239954	293.98122438634	0
56.83897204519	293.32233990582	0
38.984906519066	295.11358334614	0
2.33	299.0604	0
3	298.98	0
42.33	295.9203	0
42	295.95	0
42.115801300734	295.38849778593	0
58.844811211955	293.6538110608	0
59.446168727082	293.84755635376	0
14	298.2	0
14.159533477859	297.65169778593	0
14.33	298.1967	0
14.829533477859	297.64499778593	0
14.67	298.1933	0
14.496504599878	297.8454599878	0
14.492672309977	297.46223099769	0
14.859590744648	297.18777741535	0
25.167929029768	297.13874702316	0
13.33	298.2067	0
13.496504599878	297.8554599878	0
13.67	298.2033	0
13	298.21	0
2.7935087629666	298.65403969139	0
2.67	299.0196	0
13.832036416249	297.90529162485	0
16	298.18	0
38.275301929604	295.6577394022	0
38.473564782699	295.96127536332	0
61.623913941813	293.5187765013	0
62.172557249711	293.47334300832	0
20.274162640308	296.84030865775	0
16.33	298.1602	0
12.67	298.21	0
8.7976528321167	297.46589360714	0
9.2803133942696	297.14277968163	0
11.165	297.66334778593	0
11	298.21	0
39	296.21	0
38.67	296.2397	0
9	298.32	0
8.805981966549	298.04631966549	0
9.125722516878	297.94478197162	0
9.33	298.2837	0
7.8112913299883	298.13684162485	0
8.67	298.353	0
35.33	296.4636	0
20.779595535196	296.03103794367	0
20.806312493229	296.98480295879	0
10.67	298.21	0
10.5	297.91627536332	0
10.835	297.86196917404	0
57.67	294.9599	0
57.818600433578	294.40829778593	0
43.67	295.793	0
43.33	295.827	0
43.443678256732	295.24678256732	0
12.33	298.21	0
12.5	297.91668377481	0
69.684989388041	292.87352724865	0
69.962849617757	292.07421211668	0
59.33	294.7605	0
10.33	298.21	0
18.116310184033	297.31119545134	0
12.33081188646	297.59684937841	0
17	298.12	0
29.33	297.1471	0
13.730317151906	297.43566333681	0
60.33	294.6105	0
60	294.66	0
2.9476879980822	297.88884622188	0
58.120417309554	294.6084522111	0
9.7879109537433	297.42510669899	0
59	294.81	0
58.75846869003	294.28644778593	0
39.434050789792	295.43223099769	0
61.33	294.4605	0
62.567586091922	293.85678256732	0
62.67	294.4404	0
26.801910937851	296.23595749441	0
25.29176549422	296.83535623548	0
63	294.48	0
70.856866088563	293.11674778593	0
53.33	295.1068	0
53	295.12	0
53.151078766962	294.76536917404	0
36.67	296.3765	0
55.67	295.0132	0
55.33	295.0268	0
55.477471302693	294.45678256732	0
56	295	0
55.820866387494	294.65325968735	0
16.67	298.1398	0
55	295.04	0
54.67	295.0532	0
55.151078766962	294.68536917404	0
-0.24566992601794	297.92976068102	0
-0.94359071633413	298.00556030548	0
-0.72019405612734	296.81153944697	0
35.67	296.4364	0
54.486018399512	294.7104599878	0
54.33	295.0668	0
57.240662551073	294.21392489066	0
58	294.95	0
71.071008790945	292.25257427621	0
17.676773323726	296.97416602038	0
56.33	294.9934	0
56.154066955719	294.45004778593	0
56.493009199756	294.6404599878	0
56.67	294.9866	0
66.33	294.4608	0
66.093873989965	294.20404162485	0
66.416110397072	294.0704599878	0
34.519754540773	295.64492794853	0
54	295.08	0
69.475532199146	293.3154599878	0
69.67	293.6531	0
69.33	293.6769	0
55.134662802278	294.31461249835	0
53.67	295.0932	0
67.355471292591	293.76094258518	0
67.33	294.135	0
67.028040788294	293.94358157659	0
11.5	297.47723099769	0
11.835	297.66334778593	0
68.135843872876	293.49193872876	0
68.33	293.767	0
68	293.8	0
-0.32028309721731	298.32855662833	0
68.519712390702	292.24526127812	0
69.28915529512	292.58631264108	0
68.947248595122	293.08428902503	0
58.262476376738	294.09679084817	0
46.458188651675	294.6241693951	0
47.083002167889	294.86859778593	0
46.786583726027	295.11726947162	0
69.81425491374	293.34519162485	0
70	293.63	0
21.357990199979	296.49209260283	0
52.813133911437	294.57994778593	0
2.2718371914133	296.83131656877	0
2.9136862720826	297.18365289584	0
2.3176589364893	297.56207747181	0
68.471126271337	293.46126271337	0
63.33	294.5196	0
64	294.6	0
64.154287959149	294.23798197162	0
64.33	294.5901	0
64.824559075221	294.22691917404	0
65	294.57	0
63.541944801464	294.1904599878	0
34	296.56	0
63.67	294.5604	0
64.48310347702	294.02178256732	0
64.67	294.5799	0
66.67	294.3792	0
66.703803468623	293.79294778593	0
59.121266650596	294.49369433731	0
37.33	296.3402	0
37.482402561354	296.0367093559	0
66	294.54	0
67	294.3	0
50.5	294.8204599878	0
50.165	294.62334778593	0
49.291244165399	294.60070472143	0
49.813128044185	294.81536740309	0
49.482206610653	294.90344351089	0
20.612645310099	297.27561493068	0
25.115007187753	296.55942519142	0
41.33	296.0103	0
41.115801300734	295.47849778593	0
41.468541398902	295.6454599878	0
47	295.44	0
40.136921011645	295.75581264556	0
40	296.12	0
40.33	296.0936	0
40.476531620388	295.78664525485	0
40.67	296.0664	0
40.807350132421	295.70757665526	0
41	296.04	0
65.67	294.5499	0
67.853244860716	292.39765958601	0
67.900097902741	293.19694719335	0
41.67	295.9797	0
44	295.76	0
44.115801300734	295.19849778593	0
44.33	295.7303	0
43.799955155359	295.42605155359	0
29.67	297.1029	0
29.795779298462	296.77975229586	0
30	297.06	0
4.9373876429609	297.6286242921	0
41.808327746237	295.66849162485	0
38.33	296.2703	0
38.138759990358	295.99359433731	0
0.28245679338778	298.6761614118	0
0.62163851157456	298.66538457792	0
8.4711335320467	298.08133532047	0
37	296.36	0
36.33	296.3935	0
30.281728608048	296.42044964219	0
44.109465998652	294.7350165105	0
43.767162118751	295.0475594396	0
12.165	297.91844707304	0
12	298.21	0
39.33	296.1803	0
36.150182081243	296.10539162485	0
36	296.41	0
56.824066955719	294.43664778593	0
57	294.98	0
24.154356928638	296.66390845371	0
44.803677225664	295.33681917404	0
45.115801300734	295.10849778593	0
45	295.67	0
50	295.17	0
50.33	295.17	0
49.67	295.1898	0
4.4669862403868	297.89998949354	0
42.806312493229	295.00480295879	0
49.33	295.2102	0
52.153145664994	294.85704162485	0
52	295.16	0
20.33	297.9003	0
51.829533477859	294.61499778593	0
51.67	295.1633	0
51.496504599878	294.8154599878	0
51.33	295.1667	0
46.67	295.4862	0
46.33	295.5338	0
46.458925943086	295.21661387919	0
45.468541398902	295.2754599878	0
45.67	295.6097	0
45.33	295.6403	0
44.67	295.6997	0
46	295.58	0
48.33	295.2702	0
48	295.29	0
48.143575918297	294.92303197162	0
44.473564782699	295.42127536332	0
47.44756899817	295.0154599878	0
47.67	295.3395	0
47.33	295.3905	0
-0.114217530014	298.67804527609	0
47.753002167889	294.76809778593	0
3.4047400296991	298.18223099769	0
2.4648591666163	298.7471597218	0
8.2635137024504	297.32649663541	0
7.6752427840716	297.69184542843	0
8.6066717070133	297.75890698389	0
0.92895871657713	298.55599327934	0
1.8413849084177	298.36430531561	0
3.872059109819	297.68927807776	0
13.526945363747	296.66933736774	0
40.574588685264	295.46531322788	0
42.612645310099	295.29561493068	0
41.668960608226	295.20662439922	0
40.357801207323	295.20865655266	0
10.595032477694	297.442089982	0
63.779384383821	293.55605154406	0
64.112815927439	293.81676174909	0
64.477415248823	293.59515797712	0
66.033711291538	293.6034591536	0
53.477471302693	294.53678256732	0
51.492672309977	294.43223099769	0
53.134662802278	294.39461249835	0
60.007479947267	293.3263478092	0
56.485344619954	294.25723099769	0
55.813914415009	294.26708521428	0
65.541886474253	293.70583131285	0
49.501767329425	294.31122686813	0
47.390084649653	294.63223099769	0
46.926563231719	294.3476950302	0
46.124182530248	295.26534664463	0
44.525920576074	294.93853705901	0
46.244920865707	294.92065750561	0
49.147504606281	294.92851010468	0
50.523704705649	293.65193288333	0
52.236477236853	294.40827107766	0
25.609915311283	296.4369728523	0
28.650250462325	296.34144439763	0
29.426781733751	296.56178256732	0
30.510962012679	296.13910285791	0
30.527171766894	295.2749663146	0
31.145671996331	295.67985851642	0
33.786186189477	295.66800359474	0
37.914022004566	295.14488135241	0
15.442349843159	296.65018332294	0
23.643397194215	295.44923721001	0
24.431866745402	296.02385461777	0
33.213969530035	295.52298528504	0
28.936499319733	296.57223966016	0
32.542874725148	295.0536300391	0
7.1061644745314	297.16432737914	0
25.238283647273	291.44559937735	0
24.308552055506	291.81214838343	0
24.242479021044	290.28217645197	0
0.44317566436508	298.39154291614	0
11.062118457859	297.08361746139	0
16.60873587432	296.97826841694	0
36.326572826208	294.80184428485	0
36.870354833755	295.24053907699	0
12.023481714178	297.05138893336	0
64.815017639745	293.85605167683	0
52.679098043374	293.97584587049	0
57.795634476847	293.27669842557	0
57.781671351218	293.88367658477	0
55.455682661767	294.02493592508	0
70.67	293.6568	0
63.318092517911	293.49630593195	0
40.856513344034	295.00729877956	0
44.960744029384	294.53802680018	0
48.086162281225	294.49800008887	0
48.849564358611	294.39833132695	0
47.698678946519	294.36056915712	0
53.63728597484	293.92364957816	0
51.856314331654	294.16381623848	0
24.512432629888	296.4389730259	0
24.883195885255	296.15163826906	0
25.4583615704	295.75485635424	0
22.179505138147	296.58390077829	0
27.855345398406	296.26044719282	0
28.350807557398	295.33908113552	0
37.17087774157	294.73929570217	0
12.67441752208	296.46370688464	0
19.174301929322	296.43432725472	0
30.035569410336	295.9858262478	0
29.94819033691	296.47761557576	0
5.6417856817008	297.52570696997	0
4.3788061322748	297.20373838404	0
0.082688075530787	298.37566890736	0
0.40462827457491	297.58126260272	0
1.0160427977056	297.65330574544	0
0.594089536587	298.10160629077	0
39.82464986642	295.0259496669	0
42.274162640308	294.86030865775	0
10.196471529049	297.19598486183	0
59.334400049197	293.16433399854	0
67.67	293.965	0
67.617403523551	293.4473070471	0
68.27771143334	293.19490026832	0
48.120077956669	293.78741000835	0
44.496688504566	294.47050724545	0
29.169345071898	295.99053681313	0
1.2449113041898	298.31968648751	0
7.7874913926721	296.51281590539	0
10.607952453288	296.97538421973	0
67.080081135396	293.40729014102	0
66.503629935187	293.22125114302	0
41.488064002134	294.18853310968	0
18.4709710618	296.95207702093	0
22.701221038564	295.70256208082	0
34.150362130612	295.5735507246	0
33.814908139606	295.02945352123	0
34.453296267488	294.99733273391	0
0.032965738430865	296.91765363875	0
39.309136428171	294.15328626489	0
10.618753161874	296.51430304467	0
10.203682876994	296.71537309195	0
10.204764274161	296.18865417856	0
71	293.67	0
67.344024142339	292.85383770117	0
35.002290088638	295.40417593893	0
17.141044503861	296.53100290455	0
38.435983255627	294.66796971663	0
8.6904340074431	296.78368156259	0
56.482302349404	293.87642000397	0
56.146607365781	294.05623976461	0
65.142508995385	293.60702438659	0
65.505873568164	292.99485032525	0
62.618643332276	293.40897816293	0
54.186325898147	293.49802359907	0
43.303190597827	294.65643282421	0
14.12033872886	297.19516993551	0
46.400922888637	293.99218227174	0
18.046576608666	295.981723916	0
21.677381981662	295.49808812444	0
40.329817104291	294.42107639906	0
62.288978517548	292.70220923805	0
63.647708363422	292.76203867791	0
61.859787277489	293.03176764038	0
58.199634071893	293.58964185118	0
55.222763613553	292.51185984282	0
54.226894463499	292.50294114079	0
48.445166438066	294.27432140181	0
47.314601129742	294.2353807026	0
47.643389296695	293.87842859967	0
27.340057821941	295.75655107863	0
35.335751396251	294.38037611408	0
16.251121575126	296.01226360914	0
52.463318794876	293.26698086721	0
52.246136751635	293.97541734075	0
9.754779777933	296.88720348664	0
11.014326186443	296.27716492555	0
64.820649982104	293.00205329534	0
56.140335455115	293.64127656559	0
55.40799769211	293.3737933488	0
56.09739805686	292.62256496089	0
55.807976129561	293.88981443417	0
44.840563885414	293.73554890132	0
48.852790550296	293.66643236853	0
43.864911871663	293.96131933193	0
42.703824089705	294.33009229589	0
46.934531041786	293.6487446055	0
14.479966028809	296.19160288091	0
51.739138649012	293.42386742908	0
66.169298894302	292.38288568902	0
53.373847894974	293.01689294709	0
48.670492832024	292.67325212267	0
49.689641043476	293.48076713107	0
47.730959340416	293.04327411796	0
29.59794139437	295.15776392884	0
38.39073154762	293.59321312662	0
67.934027497132	291.21744239911	0
71.502020915899	293.24497886891	0
61.528462199634	292.15602376758	0
61.753748488663	291.11930033767	0
62.246272195801	291.76916847982	0
9.2529248723561	296.52373257792	0
34.080893417164	293.95588923804	0
34.829163697244	293.810904535	0
12.61915776208	295.59895660626	0
10.62641738997	296.07858865532	0
10.233264886682	295.43514381292	0
11.149317720884	295.53529738907	0
66.842965481338	291.78221339161	0
24.869207727151	295.34010985682	0
26.136345694299	295.92393911811	0
57.610568058401	292.69845291078	0
45.662093823778	293.61245040163	0
31.46411780688	294.51856442574	0
69.19415629215	291.76214675456	0
70.095446049308	290.64482213749	0
72.004041831798	293.67	0
11.880209396869	296.05150715435	0
49.679311471891	292.62938401681	0
46.977549675169	292.87878962723	0
46.308803416835	293.26279446228	0
50.392347820107	292.29835562199	0
51.950122776955	292.6479270268	0
58.516031900089	292.76393597742	0
64.346780691761	292.22446176961	0
62.996698434634	292.08818049266	0
64.014720024435	291.40749985752	0
30.345969929464	293.08651351597	0
31.323807857513	293.475567309	0
30.22350201131	293.94032128068	0
9.6945905223073	296.05767049231	0
41.709115168223	293.20909865686	0
42.383888649934	293.61216346529	0
52.713457114962	292.39510594669	0
8.5410682640982	295.72192865601	0
23.738763617392	294.20654036906	0
23.389785528222	293.36852013701	0
24.441000299262	292.89295671913	0
10.003242979375	294.47099759047	0
9.3213901644325	295.19041732529	0
24.209385649483	294.86766431287	0
22.07378160636	294.65420755988	0
22.981605743664	294.86662791065	0
33.138169433431	294.26137216528	0
17.140550747653	295.50912691102	0
19.788235535547	295.48150948419	0
6.2123932151848	296.69025675257	0
37.791180022051	294.48634660658	0
40.745813076075	293.49230272579	0
1.6157053840673	297.79267115014	0
72.230589600779	292.89341343696	0
71.882757915099	292.15327094329	0
73.008083663596	292.67	0
73.008083663596	293.67	0
60.728068638158	292.50384616959	0
28.943041769406	294.73610483318	0
20.477675190901	294.41950319823	0
20.88035526752	295.17811095466	0
67.17657278254	291.09041964017	0
57.131850285938	290.54066707999	0
57.128946820517	291.67330735607	0
55.843466283388	291.11836132629	0
59.939319417346	292.13036933864	0
5.1681032072499	296.74569522621	0
0.27456025812067	298.11953338457	0
-2.0080836635957	297.29	0
0.79353653069143	296.91117538312	0
0.40731849122376	296.21790058728	0
1.5467359304136	296.72963426437	0
3.321125504091	296.60707071029	0
-2.0080836635957	298.29	0
-1.0279499780639	298.64523239374	0
39.32585516378	293.09283674462	0
40.263076977586	292.59640147906	0
39.940097984865	293.63287726796	0
26.843027803458	295.07344575992	0
26.077442926985	294.71630221364	0
27.380205477243	294.42143973041	0
65.151329897712	291.86336396044	0
37.062013175284	293.58527686644	0
36.142229892407	293.85982692557	0
15.321309379284	295.66507386504	0
25.49702522479	295.07410968995	0
21.327046013536	294.1878700692	0
22.752670929989	294.01516424683	0
13.416108584751	295.25878595605	0
14.429716038494	295.17585028597	0
50.993815768482	292.8045541395	0
56.865915125757	292.42258911364	0
44.067222044002	292.61459628333	0
44.817190013812	292.92443505027	0
70.637236692396	291.41592609449	0
8.4923761369322	294.8809308604	0
7.37718283462	295.36740685827	0
8.0507690756582	294.16355270427	0
9.8187044658545	293.18168539926	0
9.0391597888407	294.24009090108	0
59.054470959295	291.68293650786	0
-1.261870974844	294.79	0
-0.67161051013416	294.09706546991	0
-0.43040248239983	295.12984338	0
0.86940939869627	295.57271355254	0
-2.0080836635957	299.29	0
4.2853513015727	296.13362016561	0
3.2974032351033	295.34016536218	0
2.8051269866554	295.98305779638	0
49.145911028709	291.98461990831	0
50.373034864846	291.51246272737	0
42.991009410714	286.78707121278	0
43.411296794572	287.55845035946	0
42.472321159541	287.56986624582	0
66.823510145106	290.40834984903	0
65.981376342582	291.49402484754	0
45.406235913	292.36633385345	0
46.26212995035	292.40719757449	0
73.008083663596	290.67	0
72.268708207102	289.88364407614	0
73.008083663596	289.67	0
36.258681689666	292.57197764971	0
35.073396976059	293.08890794105	0
58.171774110642	291.23127379616	0
47.626726662453	291.71299229196	0
54.734215876642	291.45925890554	0
25.449068295444	294.34665004325	0
26.264670630064	293.67911679458	0
5.6537947398034	296.03130492053	0
4.9362563901955	295.63686008815	0
6.9614329368072	296.2596982746	0
24.74248138456	294.16711636394	0
11.912135661331	294.92298650293	0
2.0681464264753	295.64763829687	0
44.61629860717	291.84091878972	0
45.473845499227	290.16175558758	0
44.589278358835	290.02899677801	0
45.563896030116	289.25253812951	0
-1.0930988571993	295.88146349043	0
25.393176304542	293.08640653914	0
46.923630504662	290.97160980363	0
45.901874578889	290.96895853055	0
59.504020017776	290.7991613239	0
2.8442707884436	293.54492740621	0
3.1784426168838	294.53447465741	0
2.3908931349503	294.32697778047	0
10.857197892116	293.96775905547	0
27.586492013237	292.232448141	0
28.936058172385	292.43843175084	0
28.433794490374	293.21739171371	0
4.1318130067736	288.57478240263	0
4.1585682634361	287.50231511772	0
4.9442253788535	287.59962039593	0
3.6789543139881	293.89199727921	0
3.6178138689557	292.80664072545	0
26.275116706821	292.72669932821	0
28.190008420759	294.53703025531	0
60.745109972162	291.4482345639	0
69.648787161835	287.23187976583	0
70.13538500486	287.97899004231	0
68.794860378597	288.37694260523	0
71.809880524518	291.33872402725	0
69.646737302468	289.78967462575	0
68.993215688222	290.67788310124	0
68.043871773939	290.12366795855	0
68.799835362341	289.32559067846	0
7.1575142096488	292.89656517104	0
8.6717516284476	292.56453097925	0
8.6025825106726	293.45775967421	0
6.4602469355224	295.55595563724	0
55.032212830655	290.45376461454	0
55.938149037191	290.17535005829	0
14.753489471635	293.28050372196	0
13.919982359208	293.05517253299	0
14.567734242925	292.4372936377	0
23.562736003803	292.47736821446	0
22.486141589603	293.11537789944	0
22.23564744335	292.21099631905	0
47.025009360213	289.85631753154	0
51.912986299883	291.25703646872	0
52.697458149594	291.55581524882	0
17.949335468343	295.06336767905	0
18.919657169285	295.04871564518	0
13.189844759313	294.4706837279	0
23.434865464278	291.58330676822	0
44.895791705715	290.86931427489	0
27.076136012316	293.66903056033	0
34.961375645008	292.05914407261	0
33.858808223229	292.70006020112	0
33.84795056086	291.41255085352	0
6.7690350257287	292.06384310084	0
6.1521220435848	292.74484273006	0
12.45413305493	294.1087048214	0
42.463149116606	288.50886647972	0
44.039032678682	288.17295416967	0
42.912166760417	289.32465694535	0
51.916365025831	288.19771373993	0
52.743069671946	287.40186039706	0
52.985172787195	288.52355964234	0
51.213987425314	291.81266523887	0
21.455128143221	293.31684787151	0
67.925579784534	285.80948974357	0
68.521446086303	284.96535680519	0
68.954093513278	285.71061316886	0
16.403534169486	293.94993936569	0
17.539402429002	293.09672852993	0
17.646246787452	293.89792620951	0
6.711320683064	294.4530977389	0
3.034740918177	288.85905398103	0
3.5319848757019	289.46422500006	0
2.3377242697521	289.21633721235	0
17.116011983061	294.50799546042	0
25.950042018943	291.92967193403	0
25.192926320943	292.27759565779	0
8.6970686895482	291.7322336073	0
7.8442974626447	290.73808604337	0
9.2833672075132	291.14095201891	0
9.6855238867724	292.12603900782	0
4.1534887302969	295.28601980031	0
4.8455117148243	294.79067716224	0
6.6932123076438	293.60568791523	0
16.165436901213	294.82307219095	0
38.481609205534	292.639062364	0
37.458931267212	292.64275903678	0
38.029408940273	291.79397222288	0
41.322137663713	291.6428676863	0
41.146787117533	292.52350009613	0
40.092261137089	291.78869018005	0
64.791127437306	291.11656822213	0
71.562621029404	290.18984785539	0
71.573277354761	289.24722188754	0
65.878456150079	290.54474228475	0
70.374444348739	286.59348055903	0
34.334901545088	293.26341787414	0
35.077303939668	291.02981271981	0
39.26918975281	291.85294817801	0
13.818777139946	293.94461861662	0
14.426684380003	294.41016439106	0
15.348631754278	294.84833501678	0
15.110910278327	294.06647994178	0
19.445722269036	294.10778492067	0
27.613984043424	293.06133220247	0
27.835924699964	293.79962487464	0
42.919763394549	293.03716890054	0
41.988525027185	292.24468920227	0
72.318577405133	288.67	0
72.211860768015	290.65116490687	0
73.008083663596	291.67	0
2.5773211078397	295.07230469916	0
1.7765740007937	294.87661588291	0
5.6079994161548	295.1686621428	0
68.089392633689	282.84335286638	0
68.740224522003	282.23676610435	0
69.0469604061	283.07189647987	0
69.346553395571	283.90640650253	0
68.486918152931	283.74398691169	0
8.1814358480348	286.03435353401	0
9.5491314365497	285.69242940613	0
9.1761509251683	286.76086530046	0
35.900734223997	291.62260328021	0
26.810760962571	291.93911226505	0
5.8528959488542	293.71659210666	0
5.3427046839245	291.39166851546	0
6.0714694935844	290.92324816409	0
4.6869610237871	292.82562708159	0
4.8656709536459	293.80012921084	0
26.396039605466	290.5085923534	0
28.788887562612	293.97260866931	0
29.488774659749	293.18244244607	0
29.512213120504	294.22387552212	0
25.488991890881	290.57161281472	0
21.553404084936	292.55783754516	0
20.885896224526	292.85727675783	0
7.8650153847756	291.76459356645	0
20.060805884705	291.23987880719	0
20.928119029973	292.11650610931	0
19.794579231204	292.44396804298	0
36.914626452822	291.66082146924	0
21.606831975741	291.81851772054	0
16.81408470054	289.41623646219	0
15.877815355093	289.83415481515	0
15.803189826048	288.40924105028	0
10.977329049546	290.30040909693	0
11.425353302702	291.30844364158	0
10.226020626633	291.33075131438	0
20.268130939489	293.249190828	0
20.944821229863	291.23261874346	0
6.1889309407486	288.1264440248	0
7.1802636735385	287.83716443951	0
7.0348023597061	288.71883309303	0
24.733627085949	289.34829737017	0
42.35778885722	291.16595844816	0
73.008083663596	287.67	0
71.993092569687	287.4793935891	0
71.513798778578	288.39416961983	0
70.720187062508	288.70065205082	0
70.608972166667	289.70769369846	0
69.671204724637	288.74023106427	0
5.3917399408848	292.28100593956	0
18.376430948263	294.24457376827	0
16.118792950182	293.09088542225	0
43.179864334579	291.9742523914	0
38.673723648917	291.31001736803	0
67.602854756264	288.05411734407	0
67.506981096442	288.85803369689	0
70.989746704699	287.72400511745	0
31.188001950616	287.06644402473	0
32.418703583212	286.74757305087	0
32.3292057626	287.59460854763	0
18.841280115242	291.42281162655	0
10.837529791031	293.18883317796	0
10.353869192287	292.57794465942	0
11.884961058616	293.22851716105	0
18.157013797352	292.60504395854	0
18.737201978849	293.54786917537	0
19.490070367556	293.32709278269	0
37.572253799374	290.88818678538	0
38.895578234355	290.53533402096	0
42.834848558837	290.25264014777	0
43.934200341796	291.18152217712	0
40.586771022036	291.12760352339	0
41.189554912866	290.6373876302	0
41.808000692843	290.16708468719	0
36.447072473058	290.59667648446	0
71.307275682779	286.84637896233	0
73.008083663596	286.67	0
6.9061496668758	291.15524984876	0
1.3444036581896	292.59581527667	0
1.1732460356347	293.58416375644	0
0.37440993132889	292.34039441013	0
9.8975751338699	290.52622064717	0
10.069100599192	289.67432567069	0
16.830797831909	292.68045873385	0
14.131435806366	291.33876926416	0
15.246156098257	291.73184787697	0
8.6489336193488	288.9988445024	0
7.7641431846643	289.59833388717	0
7.9365324679618	288.31314355565	0
43.737550996282	289.75578545456	0
44.428117012333	289.06719024754	0
31.411039268572	290.64095219679	0
31.669612854674	291.72431503425	0
30.664389359299	291.46742013325	0
40.468919259077	290.36698117334	0
39.619900973177	291.04172733414	0
39.756985013183	290.07443198612	0
35.677080194888	286.85587155023	0
36.500633584378	287.78958843068	0
35.271754270997	288.01320489564	0
41.163606101208	288.27720676774	0
42.01146814718	289.28894202067	0
67.2999196552	289.69256404377	0
11.913294970021	290.48799617499	0
72.097047372695	286.17351714149	0
69.531027799236	286.36640425775	0
70.05204981917	285.52818770388	0
71.086215293072	285.93963499396	0
70.878870741963	284.9553899065	0
13.420288719304	292.28289952295	0
4.9311385366496	289.95024350117	0
4.7922069842848	289.1109934979	0
5.8557166607405	289.82249830636	0
37.692584830735	289.88073528553	0
68.265859046137	287.58946847387	0
66.239536220661	289.70433782112	0
68.826070618743	286.90307209547	0
73.008083663596	285.67	0
68.007008261073	286.83953171867	0
71.770984532231	285.28141657225	0
67.608390419169	285.10336021611	0
67.118590083843	283.95127176906	0
70.601360934312	283.32689314487	0
71.081192425593	282.39137644239	0
71.838181026745	283.12103253835	0
13.026751885458	293.11430080765	0
6.2008397682585	289.00954319731	0
6.6632437733884	290.29054051031	0
18.925376244687	292.78619767665	0
16.743287061169	290.38389544757	0
16.148937123046	291.15078811853	0
10.085366123444	288.37437480811	0
10.994531440874	289.30365153653	0
20.490787103004	289.77185803077	0
17.219687715894	291.22912833494	0
17.98393146697	291.71572531892	0
33.612346242127	293.39119707805	0
34.319016565735	290.75990483329	0
33.474311774054	290.64654061304	0
41.217114698638	289.0934986032	0
41.080417259244	289.86813538708	0
72.227184793114	284.545	0
72.347512823428	283.795	0
73.008083663596	284.17	0
69.365741480957	284.79285715239	0
11.154310586262	292.47696079851	0
8.8563850642962	287.95041446956	0
7.9993291636995	287.12468939699	0
16.092765815022	292.22293027597	0
9.510897400513	289.01726400901	0
47.944686726751	289.66982544989	0
49.39558608409	289.72510826192	0
48.733588752497	290.33257733687	0
40.455071896003	289.39096506785	0
38.788398075331	289.29960097	0
44.630781345702	287.36167746197	0
43.897614162725	286.82690221314	0
44.674855826367	286.35848564505	0
67.887722558227	284.38141731037	0
32.018828728549	288.86355703489	0
33.208802837661	288.59850701519	0
39.558412982765	288.50221787843	0
53.78479573865	290.28855855221	0
32.30312003736	293.57921721184	0
70.200698976682	284.1443103981	0
53.536222833734	291.52207140395	0
6.8136338264567	287.02225268745	0
7.0761114533606	286.01844375322	0
22.451846795728	291.16463692592	0
14.999857199095	289.5379098404	0
13.837498802503	290.08720773622	0
14.432418505973	288.80539025822	0
11.560335706628	288.48286710117	0
12.39715919261	289.66513742025	0
3.1753824927953	291.94750714585	0
4.1710745527624	291.76383790306	0
8.8114019314053	290.05518047326	0
6.0840450769162	287.33829384211	0
3.6848687736543	286.2575859047	0
3.1027925471012	285.18589832367	0
4.2912396848661	284.91218240234	0
12.340857762555	286.86588701664	0
12.19462914412	287.79217237365	0
10.909639980202	287.24871012726	0
5.1818148908711	288.35478702917	0
18.001208127448	290.84513597764	0
19.309183390027	290.38563492508	0
65.206464836574	284.74215275485	0
65.154612815779	285.6324094703	0
63.980205839935	285.11736904128	0
61.398121221931	289.02870415506	0
60.785247853855	289.86040929067	0
60.309454787511	288.86814116259	0
10.324876789748	283.8859288748	0
10.325679539856	285.02691519417	0
9.4111068182959	284.56921129421	0
32.590693887211	292.63735898003	0
33.25478144317	292.06135354847	0
32.665142865937	290.91416592885	0
73.008083663596	284.92	0
12.063065559258	292.32442571721	0
10.849292595276	288.06914220292	0
12.781329348001	291.06172252177	0
13.534693454207	290.81862068446	0
12.728323173154	291.86720769255	0
12.585304843648	288.64467449639	0
63.521643277458	290.74607727416	0
64.954534805579	290.30370432256	0
22.699454414793	288.50294077855	0
22.030027340948	289.68157241265	0
21.778477037782	288.63835997501	0
6.140889500144	285.21334256429	0
7.576170143788	285.1093407958	0
57.367419471215	285.13588529165	0
57.887360135679	286.2786820293	0
56.91996251791	286.42396360512	0
61.033128016142	287.73244226526	0
58.217811279376	287.97574773707	0
57.019115595031	288.65629155333	0
57.324480606736	287.42046780618	0
56.297598486809	291.81523264081	0
66.65387282074	288.52015428631	0
66.908071538888	287.63848584644	0
59.428304848241	288.40706570556	0
57.931819094786	288.78028117424	0
-2.0080836635957	295.29	0
-2.0080836635957	296.29	0
61.04647524673	290.66143268383	0
61.571045676272	290.04725426722	0
15.067255241711	290.46204679594	0
17.612740086822	289.50060281281	0
17.51604112673	290.25692694606	0
62.321261796678	290.34652844864	0
62.813488530482	291.16930459668	0
15.369078774671	292.70282673912	0
72.109511821245	282.0820373143	0
62.153382171322	288.47980131889	0
62.478826078725	287.60470150265	0
63.573012662459	288.50968748844	0
62.366451657751	289.38881992111	0
22.862206723712	289.84661920103	0
23.359553878497	289.15929920636	0
59.467389449764	286.73800016383	0
58.949402914365	287.53547593377	0
58.16201490839	287.12371936539	0
59.345008346186	289.39806393225	0
60.779423597122	286.32727937626	0
59.457655482972	285.7871148372	0
60.252648676687	290.47720601884	0
60.001592831061	287.52470493813	0
71.066609165048	284.109354041	0
69.367925900381	281.80362737305	0
69.871229462135	282.91247437348	0
-0.4173512160018	293.06742294186	0
0.35170427524816	293.81842883515	0
12.940706222001	290.26675044003	0
13.243011537671	289.44727356792	0
73.008083663596	283.42	0
66.83456408534	285.1238738245	0
66.856463509247	286.41224677501	0
70.071781182634	282.09723582425	0
73.008083663596	279.67	0
73.008083663596	280.42	0
72.199212616439	279.57500493744	0
66.378026617783	283.22863690271	0
67.131402965409	283.07012150949	0
66.238018316104	283.9856710674	0
65.440889548819	283.98025468879	0
69.713677778152	279.7512148509	0
70.707691559818	279.87683031974	0
70.265333502755	280.58758713981	0
67.409984346069	281.46194223465	0
64.465110116142	283.83030493832	0
65.132966968077	283.24498107097	0
69.953315445602	281.31481528101	0
71.908448811752	280.33576300852	0
72.12219756938	281.19586452233	0
70.900249242595	281.13324079483	0
54.724136787681	289.45131256801	0
58.516461216082	289.3681411165	0
63.179019824038	289.23648953488	0
65.833277122234	287.80608484785	0
65.815780131488	288.89372739881	0
64.76856830941	288.26854842074	0
58.571979601213	290.19536746438	0
53.82650677634	287.77999682229	0
54.944930565471	287.87927812239	0
54.730991797044	288.6507527868	0
63.631447104242	289.92842965336	0
23.279182697342	290.58546560244	0
58.452990718944	285.33165825445	0
58.057583298306	284.4165519809	0
58.891542169545	284.59918621555	0
4.9343469876267	285.4723467953	0
6.1313473006795	286.44733485463	0
5.3920215242384	286.94677735786	0
54.460457794295	286.98768623386	0
55.289248772239	287.1147604261	0
52.674742645414	290.43621516371	0
56.265427126352	288.12680614584	0
56.538758538668	289.44220389129	0
55.63076593846	289.31094569263	0
53.406418408518	286.38476687364	0
53.757744023749	285.56229572197	0
54.550180314893	285.97694401598	0
9.8748289676201	287.43008596759	0
66.236171892026	287.02937264923	0
65.695754464959	286.34121929456	0
18.236297018104	290.00671037114	0
3.8213052374765	284.20047124944	0
2.7732189084093	284.1909324151	0
63.98513734407	289.20328757016	0
64.952779389717	287.23580211691	0
64.01178129565	287.60075820362	0
46.747463425214	289.00548797001	0
48.28152112071	288.79396681627	0
19.25366301414	288.83448857797	0
18.975881738178	289.62099803549	0
18.116551663	288.87518934728	0
12.920754512264	287.35400981046	0
13.117092490916	288.09396374747	0
52.148086575035	289.2907968596	0
53.129832071356	289.52165438028	0
55.514552438882	288.4865100548	0
57.724537001605	289.83676643941	0
61.391237368857	286.94230023091	0
64.948384429986	289.3319251554	0
0.80132732236798	294.5448241178	0
28.282405258854	291.78132803098	0
27.488560397278	291.31904570314	0
30.965267977584	292.48613362153	0
29.955454861361	292.25844288373	0
31.759729036343	292.75792440902	0
29.697738392391	291.02708955026	0
29.664835391444	290.14787799119	0
28.57686042169	290.62881505763	0
28.367762500919	289.6669085943	0
30.910481112567	289.64597638328	0
30.476354176184	290.4877792049	0
32.497819409101	291.72529472095	0
37.191583411638	288.64602849262	0
36.328384794736	288.63549221938	0
31.909779593219	289.76664330011	0
27.980109508801	288.61572149214	0
29.166275223965	287.68394606059	0
29.483711090323	288.49581801963	0
32.808959376639	289.314278762	0
29.298952867862	289.3477370336	0
30.197319332286	288.99648246228	0
27.5095814648	290.14910284344	0
31.140872166303	288.79610749455	0
31.610017738493	288.05095006301	0
37.510405163994	287.35225263235	0
36.919263530098	286.7719194216	0
32.852853427994	290.12463200682	0
34.079754892124	289.99139727951	0
30.444187382115	287.8372159445	0
38.718912351081	288.46201559004	0
33.160524446702	287.78004920698	0
36.159867599559	279.99556532106	0
35.945995143331	278.76103064314	0
36.860052415035	279.37349626913	0
29.943283908734	286.6095453341	0
31.381157800013	286.0128595324	0
25.571377821265	287.67748780351	0
26.252285845595	288.19248987166	0
25.560875110952	288.69330327385	0
26.777596915652	289.78611215215	0
27.350566735124	289.17185400911	0
27.103518222697	288.25780685236	0
27.971640636027	287.38404835825	0
35.241084477938	280.1774066162	0
34.809892507898	279.07920824252	0
41.409889333355	282.0609173628	0
39.948035993639	281.37595325801	0
41.544733228652	281.13773287394	0
38.107601868274	281.53705728443	0
37.722675404422	282.32560692056	0
37.489188215647	280.96254157455	0
38.152655673477	285.34221497451	0
38.590668634033	284.34274633786	0
39.159920592141	284.92244087705	0
38.502429271666	282.72805296381	0
39.039876510747	281.59424969517	0
21.291319201032	290.253720109	0
21.236607011726	289.32095578788	0
20.532944718288	288.31013868335	0
21.2851004886	287.68539128414	0
19.757405611163	289.45471003712	0
19.628100335417	287.92528379752	0
20.527100590502	287.06774755987	0
45.149101668827	288.22172421884	0
46.034753616529	288.46420484869	0
47.87767111442	290.60582473555	0
45.951861073928	287.02832037178	0
46.88661854634	288.12141866216	0
48.613146925706	285.45966299182	0
49.400244680314	285.08167218699	0
49.477527377718	286.52990800616	0
48.556675523132	286.92549544511	0
47.661125353257	287.43894104545	0
48.591984011239	287.88519058341	0
53.901123223785	288.90033647366	0
42.052510431456	285.09640352089	0
42.756685998271	285.87302922343	0
41.434948200368	286.31925030228	0
43.510292709543	285.30517612213	0
44.42597107104	285.46321974727	0
47.092649740242	283.55228481984	0
47.701196302283	282.88085888131	0
47.708028043729	284.19871979236	0
40.38988667405	287.76914608583	0
41.362562414092	287.30699888128	0
39.543775798727	287.39382782739	0
41.449841095032	279.26256335208	0
41.780285166005	280.18582712277	0
40.61908152107	280.40358068574	0
48.431359995094	291.59689574176	0
50.112123874719	290.49420140424	0
49.109557378203	291.14860842484	0
51.067876660354	290.93177114692	0
51.10776487158	289.74587600377	0
71.060286135385	277.23588395753	0
72.228997018328	277.42	0
71.090824382242	278.05127376815	0
51.771819208133	290.36214607566	0
49.361237567866	288.63417187036	0
50.257477747052	289.25712898944	0
51.101257529055	288.7572314823	0
49.485064467466	287.53210596676	0
50.206352925268	288.37449858163	0
51.686678206615	287.01897925994	0
50.874077172584	287.79502078762	0
50.61676638876	286.67568697165	0
53.046856904056	283.03130931697	0
52.427719944634	282.43970710763	0
53.679583621489	282.33785360153	0
46.881789730811	286.92019873723	0
46.312369725421	286.07586093366	0
47.258366576888	285.69871981142	0
55.427163424703	285.91171686267	0
47.722377759313	286.50804662807	0
53.457370043671	284.71988017407	0
52.780295779535	285.6310417634	0
52.488093083977	286.51069968523	0
54.903213209769	284.79533347067	0
56.476255637937	287.29579448999	0
46.501455703975	285.17514241178	0
45.353319891623	285.40432310793	0
50.025733585419	285.6909041243	0
55.959847706614	286.61143209919	0
47.843569754511	285.05675020176	0
46.160625637541	284.32022590781	0
51.021743159594	285.76288363221	0
44.836868121583	284.60277287041	0
50.63752243805	284.15241772576	0
51.084326948868	284.89688641834	0
50.252111636173	284.89004073507	0
49.625336641508	284.09304763575	0
52.037769006124	283.81835058124	0
51.877979107703	285.24900025772	0
45.313074220686	283.59160655631	0
52.585908178029	284.74037254332	0
52.950986946961	283.94880244981	0
51.263168813383	283.67321326953	0
48.63213400336	284.49071012035	0
48.903041406578	283.72818529033	0
49.747242703059	282.95434521456	0
50.404960835307	283.39541597188	0
53.332461373511	280.85871889849	0
54.511891624337	281.90370234145	0
48.602256422629	282.97694409675	0
46.212849085305	283.40222004156	0
51.03700534172	282.9182825562	0
50.00530607316	282.1434375403	0
44.229934610308	283.8673567114	0
43.557891012298	283.09676084479	0
43.080781167421	284.1911982107	0
42.571730251884	282.82667281863	0
44.560512591421	282.90071110407	0
48.397326172986	280.24024631552	0
49.214193959113	281.11813235513	0
48.310893622344	281.43627570176	0
46.790899878068	282.66730307923	0
47.445909498849	281.92215785815	0
49.15715332347	282.07412035364	0
45.49978597829	282.24656631727	0
44.453460590165	281.74558297384	0
43.33466214416	281.976419645	0
46.40310112201	281.66595274248	0
45.514356711402	281.27624242778	0
46.118019414131	280.31142929343	0
49.133238844934	279.81313661018	0
44.375191422783	280.95829365626	0
42.313124232881	281.8272098686	0
47.234395911258	280.53273577672	0
50.712149391985	281.66958051354	0
42.819959579551	284.93155342775	0
41.018534857528	283.95015422095	0
41.673922932541	282.92459103905	0
42.216698353143	283.73633746131	0
44.989644470823	280.45989824709	0
44.162356010642	279.482053044	0
45.442064273886	279.53622128681	0
48.137328190831	278.18876761198	0
47.776366216471	279.45605843342	0
46.990345455621	278.83742019862	0
43.644977535566	280.653764165	0
46.813788073273	279.72806067656	0
49.790627082561	280.35335033285	0
49.97608333616	279.45471870357	0
51.769565104892	283.11016359524	0
50.666083032896	280.72112828356	0
46.100682719106	278.93086698534	0
42.566358868219	280.77208424127	0
44.550171183611	278.77984560696	0
51.644411603817	282.0936553892	0
42.990690684459	279.66477666519	0
43.438968709807	278.69138330085	0
46.390717442347	277.41039782018	0
45.307889875091	278.51648600946	0
40.786795016572	282.75532786744	0
44.318033602318	278.01198622116	0
47.419703956834	277.45024445071	0
48.398915736679	278.94832723891	0
49.20208397098	278.96505022912	0
49.159541114318	277.90504706041	0
51.497524750611	281.17980944956	0
52.378042283863	281.07192739332	0
37.569379767034	283.58879974974	0
36.84669720916	282.2742151641	0
37.937965223209	280.2476269334	0
37.527710462908	278.79562242071	0
38.672802334517	279.77816538608	0
48.178445356524	276.35358928202	0
46.944552073713	276.41438219909	0
47.534513974364	275.83628558135	0
50.067970830568	278.45292666667	0
50.826246254359	279.11402346631	0
39.727093613234	282.45500235083	0
40.097257002362	279.72252740394	0
41.710761992777	284.36520400385	0
40.201942695099	284.47992059718	0
41.077973030589	284.93601205615	0
39.831302988203	285.37997691808	0
39.995195809992	283.52874716471	0
39.418368253158	284.15218224705	0
42.51312585179	276.60226321579	0
42.38298437232	277.87630650825	0
41.939434409168	277.18733007276	0
42.393544475357	278.79985250484	0
39.551555111288	280.38460281282	0
41.573363310556	278.32078649649	0
45.260201093113	277.38672795642	0
38.655651646607	280.74291061195	0
43.273837674567	277.6325256282	0
39.942181821196	278.87867546838	0
40.657161485226	278.30555966762	0
36.272298766917	281.17966923881	0
44.169780146957	275.34423403364	0
43.448733477016	276.27206192548	0
43.390691843207	275.47783683428	0
45.14045547368	276.54714266455	0
45.8529176673	276.08709908143	0
44.08159418693	277.03618354037	0
37.066105433776	280.23212750956	0
34.927998363668	280.98093256761	0
35.545568610747	281.58283277482	0
38.836923963802	283.51953130937	0
35.161211889169	282.3196824659	0
39.084546958289	276.56343956867	0
39.877418314033	277.12655687156	0
38.872960162469	277.51263770995	0
35.845720537164	283.59190713258	0
36.00340084518	282.27642285677	0
36.435291518295	283.00073223672	0
36.707909862809	283.78988427373	0
40.484738174949	286.84840149517	0
39.829515874856	278.00558371218	0
44.424520406002	276.09252254338	0
51.542229843184	277.52737525046	0
50.94478328313	278.21264410029	0
50.255561153919	277.11482077262	0
40.425915607268	276.4476786993	0
41.216358492817	277.57964207742	0
38.780531606584	278.5847624947	0
41.241883024215	276.75739151458	0
38.737693336097	286.26336851361	0
41.78573171433	275.92776976094	0
41.108105412896	275.37163800174	0
41.852492391971	274.77110372186	0
42.602427034353	275.3646956929	0
43.704893301412	273.67	0
43.640417324263	274.59570004754	0
42.77228607363	274.50893396939	0
44.877020915899	273.67	0
44.554096882371	274.52008396792	0
40.675297014243	285.77761327796	0
37.223107726669	284.5090063376	0
39.638827771683	286.4734290885	0
37.751728629788	286.24320904329	0
36.566475548836	285.98464063793	0
35.41050677383	285.69415558381	0
37.273922358516	285.49089348156	0
38.230610144615	286.94293630881	0
38.213277092304	287.79066581558	0
38.002130631904	288.94315443729	0
36.459675780232	285.12856759644	0
34.648872007767	285.08313750833	0
35.507429777382	284.61804702071	0
36.748951380887	289.54463124197	0
34.968162794634	290.13630547486	0
35.81594739807	290.01848918669	0
35.656514101927	289.17753708599	0
33.251292023847	286.56014218577	0
32.860283480469	285.73714220618	0
33.685524011184	285.82544740435	0
34.92452071084	286.52999664193	0
34.527108735695	287.40528418589	0
32.02903166402	285.38312202656	0
34.944033899232	283.102162433	0
32.583470463597	284.66974450558	0
31.831915984484	284.26374408545	0
32.317268831615	283.56081941665	0
34.132782628552	281.31456230871	0
35.068739131113	283.90458986483	0
33.964442525325	282.46884033145	0
32.567334389075	282.57776731662	0
33.225073639024	281.77159626126	0
33.352849625443	280.89545914283	0
34.101640023376	280.0227889763	0
37.197017524869	277.79254577276	0
36.742977303154	278.4982826542	0
35.973479612897	277.50429827458	0
33.92782641866	287.89900934814	0
34.133179422944	288.64783107258	0
34.64187879666	289.34090387168	0
34.104521162253	286.54186985582	0
65.950386458376	285.23212003908	0
18.657463307741	288.08251102438	0
17.29081976842	288.72564150591	0
17.951414984176	287.43257249204	0
16.745959123317	287.63201148532	0
13.861747068986	288.28884201273	0
18.79371392494	287.22602743758	0
18.933768097475	285.79003020654	0
18.030418056596	285.93401335609	0
28.802710950139	286.60284821857	0
19.381076532959	286.58795727543	0
32.506617630501	280.82588710249	0
31.91018826924	279.95558146714	0
32.954669764011	280.10463947253	0
27.757200073445	278.50469187137	0
28.469986121194	277.73440112817	0
28.492727387049	279.00608932762	0
8.5813548388619	284.21340015613	0
9.5856397571368	283.01680343217	0
10.572591735273	285.80067450311	0
11.322855214323	286.11175939895	0
10.181441752616	286.51248261734	0
15.759199796812	285.88172260546	0
14.768779698507	285.86438565341	0
15.457782143792	284.9112552408	0
12.901182268272	286.26541208718	0
12.148191699215	284.81710534672	0
12.545896287301	285.52493550798	0
11.7297170038	285.51285774942	0
15.222767969482	286.74479873308	0
15.686626337043	287.51646581417	0
14.961130131563	288.0651858993	0
4.5179036238446	286.65306374962	0
6.9119876941411	283.37731208192	0
8.0870281181173	283.45793274683	0
7.7080020691072	284.24540240235	0
6.2842543718233	283.91600902638	0
5.3297840761077	284.70278211534	0
8.5751540822485	285.1162021632	0
6.8143080657266	284.55105753123	0
4.6990675106501	281.84347798677	0
4.9909317011925	282.99977708586	0
4.1313011851397	282.55317192888	0
5.9432614317762	283.0264216701	0
6.9063803181114	281.90523488688	0
5.4871546526205	282.29618401557	0
11.162316265535	284.06467451824	0
11.864484790394	283.57455795725	0
5.5112339027493	281.43554436055	0
2.7362136168486	283.14345613807	0
2.6118101273036	282.10024342247	0
3.4484919321477	282.06860075231	0
4.2249113582211	283.42360575106	0
3.8525544088411	273.67	0
3.5398322527843	274.62228012692	0
2.6804267943537	273.67	0
10.609537313218	282.89486731898	0
12.089318130637	286.14127379881	0
5.4599138543926	283.8474070348	0
9.8955986980441	281.25972669068	0
10.499341179436	281.96955037135	0
9.6091135571291	282.11506666754	0
4.6670340868585	284.14657825042	0
11.340754484286	284.9021795527	0
7.5529422066198	282.63882130708	0
4.1231457480284	281.16729025707	0
4.453927546878	280.34297288858	0
1.3315104050933	283.71747336058	0
1.7116712864323	282.64201742089	0
10.019592545148	274.51031015059	0
8.919898343579	274.57820076572	0
9.7131924812779	273.67	0
11.39498356895	282.22680384864	0
8.6260030295642	282.52282852843	0
8.3387948352877	281.29446979197	0
11.174835191416	278.91877149433	0
12.013313592484	279.71295358883	0
11.124001896999	279.759600477	0
6.4095522632973	281.0741057629	0
7.3764906157922	281.02268631868	0
10.413318038846	280.43065748814	0
4.2792106395419	290.74309114169	0
2.5557424911991	287.45532508361	0
1.9485348132974	286.9905694924	0
3.0160858392632	286.81786210193	0
13.950154918659	285.30663480325	0
13.140657035161	284.72511749017	0
13.983173151313	284.40648482995	0
13.840888975346	277.98035366628	0
12.99309454994	277.8687626309	0
13.699474847021	276.81718066859	0
9.1111545162097	281.00635099935	0
11.373308383093	280.61452591228	0
10.397833180752	279.24411020605	0
9.559142037314	278.26018231697	0
10.247403497946	277.79432003362	0
22.370551742379	279.11824084068	0
21.050426417967	278.73426406933	0
21.986120066252	278.3970440462	0
9.0927621383795	280.18220681547	0
8.0637616440163	280.29635705384	0
8.0990831397556	279.32168043776	0
17.201335824153	286.64166673833	0
16.970616312624	285.5318567718	0
14.213783756454	286.70782827801	0
13.694490329589	286.08013413573	0
63.837480505409	286.76541031506	0
64.534841697503	286.27360321044	0
63.804700872388	285.91270148078	0
63.244589215496	287.32497939635	0
63.070352222954	286.26496238415	0
55.783837526259	282.85705199081	0
56.70530440178	283.08960901021	0
55.640651141152	283.7053069347	0
56.032968194782	277.77670172929	0
55.414801597061	278.53718213662	0
54.719548634987	277.87857184607	0
63.774967830524	284.30516872654	0
-0.9597683202756	292.1393928317	0
-0.12851220305446	290.03208351705	0
0.64609067025366	289.63809024966	0
0.57382803587839	290.54390232762	0
33.63196230003	289.30074633071	0
26.512947069778	274.4779202459	0
27.295106698588	273.67	0
27.295543380297	274.91650110315	0
73.008083663596	282.67	0
69.437824270871	280.71441134522	0
73.008083663596	281.17	0
54.197978037475	284.41869815605	0
54.252750411943	283.62106992469	0
54.925298728915	284.01581155236	0
52.445768379424	279.66893765979	0
52.943079598169	281.75580055252	0
54.075516104051	280.38023184056	0
51.880769800064	280.33730521745	0
51.091016646666	279.95194364432	0
51.644844023668	279.316150524	0
52.314413660903	278.80367207932	0
61.937352309659	275.14013540948	0
61.67117593916	276.4996239152	0
61.076946338283	275.13942471052	0
53.346323735737	279.88087356519	0
54.959214725748	280.39275953791	0
54.53811781943	278.92262960402	0
53.683131054928	277.65763669156	0
54.288453628758	276.91051666254	0
56.129359453614	284.92724667835	0
61.458084019158	282.30881453477	0
62.154611961236	281.92365235448	0
62.791698475951	282.9577801862	0
48.434849362183	277.27738379308	0
53.431437362292	278.76647635506	0
52.496807376681	276.69646783726	0
51.246986860228	276.4975355035	0
46.664631615514	275.36385702254	0
50.875071893735	275.4928377474	0
50.431633357234	276.29280130423	0
49.286928841257	276.54340427723	0
52.588793427195	277.76592575938	0
48.832381998698	275.86629751858	0
49.906297361212	275.63649381648	0
49.565531373848	273.67	0
49.155859331393	274.75376236649	0
48.490456462713	274.41180589175	0
47.054308092215	274.49086703925	0
46.049148530386	273.67	0
47.221276144874	273.67	0
48.477509511319	275.15982165677	0
47.698204218862	275.02668305694	0
47.807339952117	274.12392829136	0
48.393403759361	273.67	0
50.219465513588	274.60990830626	0
46.127064574176	274.60043833834	0
50.737658988336	273.67	0
45.136224182783	275.43273190818	0
52.449246541185	274.6584823734	0
51.847375844028	275.61025235166	0
51.323722795579	274.62227842758	0
52.864805172557	275.5874565974	0
51.909786602823	273.67	0
54.254041831798	273.67	0
53.667978024554	274.74181124415	0
53.08191421731	273.67	0
54.614079492834	274.56300248736	0
54.169741260188	275.41719455873	0
53.327250994654	276.8841869771	0
53.724938968071	276.13137932976	0
55.341675813345	275.34953189955	0
39.467387705884	275.83006654148	0
38.077920009944	277.20985254925	0
38.233118329889	277.99752309533	0
38.226737383917	276.37222429826	0
37.406386089099	276.68754048657	0
36.562964934969	276.7142367036	0
36.07853606558	276.02329488135	0
36.940489001939	275.95955298833	0
38.939863056081	275.19279047974	0
37.844255228975	273.67	0
39.016382843462	273.67	0
38.430319036218	274.40386824942	0
39.533552877093	274.45930543533	0
38.112852428624	275.49805870508	0
35.529218506623	275.38679340839	0
35.161457859985	276.25946905349	0
34.689847130567	275.33842400988	0
40.259363694081	275.59094927078	0
36.118392514837	274.78699519758	0
40.462510956751	274.62515114729	0
41.360638072437	273.67	0
42.532765686924	273.67	0
33.676370916222	284.99554622806	0
34.470066460458	285.84734624297	0
34.293340851171	283.58800164038	0
33.579337759484	284.11402291098	0
33.309502913439	283.26922237362	0
29.37652965492	286.00463019937	0
30.380537904809	285.59605096136	0
31.218788735291	283.53936570989	0
31.718934102343	282.81437015143	0
32.219436616681	281.62493398682	0
31.001305578432	284.46313523264	0
30.079931476269	284.5030984273	0
29.69059611312	283.66706896127	0
30.459659899775	283.66266186369	0
31.414987081318	281.98645112911	0
32.342763565123	278.76715475239	0
31.304580848687	278.42090527297	0
32.042613290246	277.93756448088	0
30.108800011922	282.9782819476	0
30.851003162586	282.6645041053	0
28.115714828975	284.49686435612	0
28.822626346257	283.92912920955	0
29.381396836446	285.17570980814	0
33.642921164606	287.20261178497	0
22.780225568276	277.79818145838	0
24.279337515482	277.99977521854	0
23.917454736791	278.79552116613	0
30.080169496211	281.44976916522	0
31.40106302142	280.87967635617	0
26.954011480908	280.86088031874	0
27.580266145101	279.37709901439	0
28.296613007236	279.97137314897	0
30.959965517344	280.03435860114	0
29.22212524557	280.07007305079	0
30.124842260184	279.57425180874	0
30.151849827907	280.51318580568	0
34.517087652908	276.95344146721	0
35.179782434096	278.21255335527	0
34.2476535875	278.3505572119	0
29.556114415995	282.39188559425	0
34.055623848205	279.25065137767	0
33.436996250601	278.78630898776	0
29.24336776172	281.36018475428	0
31.375773339326	279.2796408087	0
32.91324924227	278.08005393712	0
33.720516075306	277.52436055127	0
31.210697246785	277.47241457142	0
31.933443701443	276.97155552598	0
36.672127614487	273.67	0
37.258191421731	274.30649140313	0
30.628391130359	278.90928284472	0
29.141310884433	283.0803140029	0
28.597155833169	281.89932541583	0
30.294278995212	277.73438084753	0
29.275081069606	278.40762761529	0
25.349253647668	278.03036673686	0
24.791266237071	278.82050557353	0
28.564538852495	280.862737449	0
31.545041705901	276.18265368736	0
32.713968165456	276.56658172165	0
33.652399589845	276.58815591107	0
28.356248084222	282.90805825304	0
27.25922634408	283.9818949348	0
27.421911109366	277.68008217657	0
26.223571605316	278.64780052266	0
29.38212430981	276.99242807315	0
27.758782764573	281.2888263755	0
24.968388502715	285.03019980861	0
25.630101471739	286.15325227363	0
24.744762047563	285.9920599088	0
19.817764413247	285.55482187886	0
20.885826122765	285.89732623954	0
20.167778508876	286.31743395312	0
26.572729950993	279.62483114748	0
25.578888162285	279.32687327928	0
23.674580909037	286.63143020352	0
23.447597456559	287.57865677928	0
22.777055698327	286.72290749297	0
26.508765210686	275.37502261778	0
25.574012866407	274.92210431981	0
28.02140659752	276.25129260896	0
29.077596255675	275.93183853825	0
28.549799670039	276.90086808449	0
30.555279484389	276.91351656659	0
30.318535257835	276.08533084209	0
27.200076635793	276.74684047977	0
31.024043655848	274.97135089893	0
31.800235337701	275.10568407283	0
32.42952332277	274.45651001943	0
32.366385074137	275.65340060948	0
27.27805477329	275.79077039428	0
29.006556637997	275.11729807277	0
28.205412175703	274.95392626455	0
28.736895475537	274.39364903638	0
27.881170505832	274.21914700558	0
29.562103700044	274.49821067097	0
30.399709116182	274.40529155818	0
29.809002294668	275.40282159462	0
28.467234313076	273.67	0
20.748871656531	284.9294385133	0
21.674262609471	285.31945853594	0
26.526582992943	289.00858039539	0
2.18899378156	284.93651893797	0
2.9807122475338	285.94612318487	0
2.4122443899977	290.43377448051	0
1.4529991886942	290.05596110504	0
1.4292763569259	285.69338349259	0
2.3041064606358	286.31361474703	0
1.2085665922173	286.74281272751	0
0.5631331034009	283.5765281566	0
-0.53046010529986	283.21561454804	0
0.58138045425661	282.79554399385	0
3.0387236116444	288.0758122216	0
56.29877852653	285.79492186839	0
56.280701350362	280.88937380296	0
55.716978218223	279.59509065868	0
56.919619427684	284.01548861342	0
58.234507287712	283.4354992697	0
62.221425516346	286.69059726568	0
61.911203369335	285.79304290795	0
2.0037609263374	293.35170921245	0
2.0281735251601	291.61722920269	0
3.2821674570698	290.98706297694	0
25.730212012175	289.69496009662	0
24.476881791793	288.17413362979	0
23.87738343709	285.75234503531	0
27.202165395577	287.48767712198	0
26.694430082834	286.90027954067	0
25.881910536551	286.92620260397	0
21.767568505733	286.31933755041	0
22.262866545298	287.68079193561	0
27.491135501578	286.72475967974	0
23.668719060003	288.38374678086	0
70.800099571992	279.10798587385	0
71.42182602521	279.5696321021	0
54.977443648533	283.15666458181	0
56.934969990698	274.6212551743	0
56.004478209441	275.01166536037	0
56.012233253529	274.21285343305	0
63.075840193542	285.33483430419	0
67.752217999576	280.51935214457	0
66.900380254835	280.21006866425	0
67.515794174169	279.54482470715	0
68.488335136105	281.20033049431	0
68.586427917534	279.94947709081	0
40.188510457949	273.67	0
37.294233577486	275.17095253899	0
18.302924076297	282.93319159075	0
19.216645808274	282.56299386524	0
19.203544937724	283.54877382378	0
33.215538205873	275.17002424695	0
34.336530061733	276.10060003118	0
35.157254430233	274.53447860911	0
34.269438675607	274.55615586619	0
34.327872385513	273.67	0
33.155744771025	273.67	0
33.477628145515	274.40837305484	0
31.532691228679	274.34195647404	0
30.811489542051	273.67	0
26.257422256092	277.46389860044	0
23.87643546891	276.12865934439	0
24.259697131286	274.89348263576	0
25.142992107815	275.86715354362	0
26.122979084101	273.67	0
26.552965687282	276.21284635799	0
25.706343333876	276.6176874074	0
24.843686863028	276.98713225832	0
24.926536318019	274.46322459414	0
24.950851469614	273.67	0
23.778723855126	273.67	0
24.763620062712	279.78741043991	0
23.445362542993	274.50733138395	0
25.740687360505	280.56518377591	0
23.930071271018	279.64162807898	0
23.175744101387	279.25816151453	0
22.21982112123	277.12974184672	0
23.529705983662	277.09564373446	0
21.802015782474	283.72350547895	0
21.474588060753	284.50038521289	0
20.46218899645	283.61625475347	0
17.845623461551	278.79922911459	0
17.008360422907	278.3627092004	0
17.778296435482	277.90715277947	0
22.940834534251	284.84888491894	0
23.005084037134	284.05330700026	0
23.765693907338	284.51511584271	0
24.867623380255	280.65935816746	0
24.105353999048	281.09531105495	0
23.025101084064	280.48815705275	0
22.09566572503	279.88788374972	0
22.334697088317	280.92677251281	0
22.606596240639	273.67	0
26.175102510394	281.41980842335	0
27.17099366749	281.9854601558	0
26.328430622241	282.32301573788	0
23.129397395348	283.26487918983	0
19.982158978079	284.40893555091	0
17.847071266848	276.98235662607	0
17.028794500326	277.41870629795	0
17.335462520841	276.2089004904	0
22.576120207914	285.76117892938	0
24.544790270415	286.86945386981	0
22.277428118092	284.38131475442	0
26.927117476817	286.06054513978	0
27.775011275639	285.85961382498	0
23.90330281443	283.24998864031	0
18.243581842224	284.36560269062	0
19.145738268957	284.80789928674	0
21.921776169956	281.9199187833	0
22.891352701403	281.52608522548	0
22.595264913248	282.52983596311	0
16.217040538083	286.78893887685	0
15.26005691217	282.979444891	0
15.68463547433	282.04780121467	0
16.390360696064	282.93199038312	0
20.213486369997	282.64726566892	0
21.192742214029	282.91233874859	0
24.840299485819	281.49597746092	0
24.372425832978	282.6342980365	0
24.373288619913	283.86502089052	0
27.116689740662	284.97106092003	0
16.270182378868	283.76338147799	0
15.448123450686	283.93621983928	0
23.500946164454	282.45684606801	0
13.446103090217	286.80760979782	0
13.367999943378	282.50900547505	0
12.411586635399	282.62831617365	0
13.20634136507	281.60217753741	0
12.558235001061	284.06981881414	0
13.138035738612	283.44499581848	0
14.508702118487	283.67492520641	0
14.973183745139	281.18566030954	0
15.977930678381	281.08114874898	0
14.25551248209	282.78166374151	0
0.22025041054948	291.48518412151	0
1.0683205446181	291.67472789827	0
59.644166481598	284.19619824118	0
60.668234647622	284.02938067118	0
60.352621637268	285.48440450406	0
59.142975167337	283.43848453099	0
56.349060574487	282.20854470752	0
55.359902274614	281.33307299653	0
57.818981463706	279.48472017744	0
58.604533859275	279.48057190174	0
58.328034500392	280.24207736602	0
62.98920534235	284.52382909608	0
63.16778705475	283.72800020931	0
63.648392446431	282.98529280232	0
62.275655217135	285.01018334817	0
61.135619317296	284.95571499575	0
61.703856459424	283.96588915014	0
59.498812053838	281.659023383	0
59.91674728392	282.64282150255	0
58.692278708768	282.36047370901	0
2.5550467383837	292.68847919795	0
1.5049619238033	290.92339967333	0
-1.0838779363046	290.04750217928	0
-0.83649901956292	290.97041338354	0
1.2102862587568	284.7138451478	0
1.8247993832882	287.74514782963	0
0.67336996250317	287.79065960434	0
0.20512831027461	288.84356548228	0
1.3201440472412	288.74435993253	0
-2.0080836635957	288.29	0
-0.71643144648493	287.8031655734	0
-0.97855810639578	288.87991260115	0
-2.0080836635957	290.29	0
2.3922423419828	288.46415594484	0
-0.030767573200568	286.77041388479	0
0.57619999809734	286.18638582555	0
0.13595322863915	285.4682763711	0
0.40684314160513	284.71187477147	0
-0.99179703110587	286.87635640658	0
-0.98017096596355	285.90957500859	0
-0.054887133011952	284.05435680336	0
-0.45851005445923	284.82867371863	0
-1.3008631165677	284.8323849301	0
-1.0488050721483	284.02861929475	0
28.585874208099	285.82053923476	0
26.023490989364	284.30868083268	0
26.167865956947	285.3037060807	0
25.169930550611	284.19270564804	0
25.956684959719	283.11482454217	0
25.460157308721	282.05852054087	0
26.830685310371	283.07905573977	0
27.56130970477	282.70666675225	0
69.663453792923	278.69176511663	0
73.008083663596	278.92	0
54.851985164253	275.90958893482	0
55.517333116225	276.94328655171	0
55.426169446285	273.67	0
56.598297060773	273.67	0
55.367779774862	274.60604054267	0
57.685903656715	275.99050773125	0
56.881286607582	275.54123857767	0
58.149700088189	274.84560768023	0
56.126257594745	276.06961586511	0
57.255268673309	277.86597803017	0
56.358337727205	278.70114483724	0
56.448610109885	276.94332388058	0
57.33600710308	276.81590539102	0
56.710621833828	279.63093422428	0
64.978507914363	275.03566642109	0
65.389254169428	274.28885041891	0
65.844581190412	275.02564124915	0
58.047254724657	278.29660773413	0
57.343199840181	278.85962688753	0
57.77042467526	273.67	0
60.700743711478	274.25757618931	0
59.590989745563	274.77840796863	0
60.114679904235	273.67	0
58.942552289747	273.67	0
58.806898303722	274.43367351906	0
64.044372149096	276.44494476337	0
63.50741147984	277.59448571837	0
62.800167242641	276.69339056891	0
57.518498768318	280.21054379524	0
57.184736041126	281.06988363743	0
58.188573968383	277.09310321786	0
66.197483770463	279.234695758	0
66.796473596668	278.19228175096	0
66.953956911757	278.97607665874	0
64.47056480903	281.57212809991	0
63.794029791899	282.11271868024	0
63.362398254783	281.09544011339	0
58.945235310944	278.21714255868	0
58.888667112937	275.20497962527	0
58.46799885448	276.29983340144	0
62.048753589139	281.13479553332	0
62.928041075186	282.11155787573	0
61.137337573277	283.20315013656	0
66.01968008281	280.42372966107	0
66.637128812336	281.04689110377	0
65.551483067359	281.50510948468	0
66.596979070259	282.04873516114	0
69.010828093294	276.32272986782	0
68.090585449647	275.9966194713	0
68.753112256444	275.38104145792	0
69.014739945928	279.08100406345	0
62.294218253664	274.43915356205	0
61.507718053917	274.45124852872	0
62.458935133209	273.67	0
68.143989250029	278.92097654681	0
67.526048560621	278.45341108471	0
64.971517093797	280.61196010192	0
64.938433489	279.34823387001	0
69.009839044043	278.31081318653	0
68.263366929568	278.12108341014	0
66.357757914123	275.92365333354	0
65.387200864414	276.28113769228	0
64.512257611633	277.62428964995	0
64.899596449721	278.44318523287	0
64.191357524523	279.00800288136	0
64.276698927681	275.58470818163	0
67.82889869649	274.70729054568	0
68.319573205646	273.67	0
68.688083170133	274.47901635948	0
65.093025808735	277.04605855809	0
65.827015875428	282.6909658017	0
65.159996923765	282.22100906775	0
64.469113123751	282.65512102168	0
63.994252257419	280.1888409816	0
63.510954335656	279.46727526559	0
62.99583596248	280.16647983174	0
65.745433810508	277.54204917653	0
59.372441776282	279.00999691215	0
59.898753597935	278.21488806882	0
60.051000819439	283.46698392081	0
60.891881690841	281.68847505391	0
61.221892398279	280.91614152422	0
62.604866336685	278.03722298525	0
62.79833266144	279.05867879407	0
61.598237556666	278.29703000482	0
60.373584467102	281.02758615556	0
61.857593121594	280.34395834112	0
63.479381864505	278.59938290892	0
65.794494891642	278.43563367599	0
62.176523975293	279.59546057928	0
60.299066713606	277.34946816162	0
61.905968801878	277.40933472034	0
66.527094339804	276.68888719741	0
63.044998940453	274.19772170316	0
60.756688842925	278.08644363244	0
63.385833164526	275.60317167677	0
60.242003748168	279.24448650016	0
59.246709159075	277.19750385159	0
62.356680470331	275.89144282615	0
63.812223207782	274.67512079068	0
64.536671374356	274.3983008135	0
64.803190362184	273.67	0
65.975317976672	273.67	0
61.286807518722	273.67	0
59.973435832972	276.49225093155	0
60.823517447472	276.21695723191	0
62.745209718307	275.11008095154	0
63.631062747697	273.67	0
66.561381783915	274.18431445208	0
67.253730352605	276.98258397364	0
67.235568595329	275.689478176	0
67.147445591159	273.67	0
67.376886826834	277.72040491806	0
68.065111104469	277.22633801761	0
66.707425320559	274.95025271799	0
69.491700820134	273.67	0
69.491700820134	274.85915546092	0
68.844453677619	277.55857274205	0
66.681014396156	277.45737031871	0
71.819909456504	276.21539645789	0
73.008083663596	276.67	0
70.382302699547	278.45598372964	0
69.76296924438	277.75093140922	0
72.068610987407	275.30014072044	0
69.986922101184	276.34358656133	0
70.295269559759	274.47896814947	0
70.663828434621	273.67	0
70.766947053839	276.49701272531	0
70.594103534363	275.31620369978	0
70.258749803649	277.10833430145	0
69.45514902698	277.00088760006	0
29.639361927563	273.67	0
23.315912194734	275.40971923358	0
22.744689339143	276.43305108855	0
21.577568674808	276.53950761037	0
22.092604784748	275.73502395992	0
25.092328941883	283.24915508448	0
17.347870147987	283.46038360101	0
19.573753804495	279.11426038572	0
19.149979748065	278.25220755538	0
20.223482463855	278.40674911203	0
20.85193913057	281.77700494435	0
21.528207298007	280.79033418509	0
12.30585724559	281.40827355349	0
13.947012316293	280.74246430111	0
13.077305493598	280.01355391621	0
14.088148755263	281.86842203222	0
12.357961764004	280.526381838	0
11.911056510175	278.5094359697	0
12.949981879589	279.12550840638	0
14.060883822347	279.72329240503	0
13.798568619087	278.8344127593	0
14.719614892118	278.93732074436	0
16.492609720859	282.12664348655	0
19.049999580006	280.78566918132	0
17.845639484564	280.76675811433	0
18.750377511785	279.60900376748	0
16.932495573905	281.44433935848	0
15.213297222242	280.02011159912	0
16.806005240571	284.41033421306	0
17.370468515489	282.36698840392	0
17.539961967817	284.87544962213	0
16.280337870012	285.06033049814	0
18.366546664193	281.77750232243	0
14.539534708404	276.44992164119	0
14.429561082506	277.36013346572	0
16.757064866195	280.43819541978	0
16.071207763209	279.91150126191	0
17.548694703572	279.78299603263	0
19.772959933156	281.74908456199	0
11.034634794235	276.4093633701	0
10.224654902681	276.86517367339	0
10.264054532009	275.98761053304	0
12.037912066567	277.48961549937	0
15.473897814126	277.02456280328	0
11.145121793631	277.99858666991	0
9.8398983827709	279.84476613326	0
9.6279433911655	279.08843220616	0
12.800925882467	276.96012614581	0
13.143568820096	276.09690840035	0
14.153945420461	275.4112501248	0
9.3817423943709	277.25674609408	0
10.99942732727	275.55885452368	0
11.957098914147	276.55865045185	0
20.341510985513	280.63996901833	0
8.9073523937602	278.77583895252	0
8.5983351883493	276.57605148403	0
9.4241900812803	276.24509276642	0
8.379050726061	277.43830684154	0
8.0335573532729	278.35329758333	0
8.6569598894582	275.52646592026	0
7.8089385322564	276.14769574004	0
7.6898054161504	275.07400244854	0
7.6256500188486	277.19724457075	0
17.332021975446	274.31048413296	0
16.798832446266	274.99561159314	0
16.159894360958	274.3572364409	0
15.52750436806	278.79141181091	0
15.220847502627	278.02987626408	0
16.297258900463	279.07681114875	0
21.062908094942	279.62361583226	0
19.562829942628	280.02860372893	0
10.885320095765	273.67	0
12.057447710253	273.67	0
11.471383903009	274.11235483117	0
12.326116290862	275.75164085317	0
11.719149269451	275.10431608799	0
12.126786405848	274.44340791166	0
9.5927134957863	275.29629769855	0
13.143022906079	274.9578702754	0
15.187376110292	274.93436550135	0
15.299759016189	275.78500471915	0
16.323050348167	276.93876140825	0
16.090744512909	276.11750876481	0
7.0740773117224	278.20681539558	0
6.971511158639	275.69715771109	0
6.6874072008685	274.64412190822	0
4.40613090331	275.12642220521	0
4.4386182160848	274.2806574978	0
5.6107458305722	274.47400987373	0
7.0603481078867	276.64392965727	0
4.1841673182757	276.37134139466	0
3.5907894366599	275.62329758551	0
7.9550010595469	274.27472858163	0
10.907692262067	274.61652239629	0
20.462367417765	277.34881473205	0
19.606999483329	277.35204278222	0
16.184618147526	277.90118163339	0
18.60896080269	277.50397187496	0
18.627782524914	278.83565388947	0
5.9638953980026	275.40416472441	0
6.2276949783211	276.61068668335	0
7.3689372523032	273.67	0
6.8687597736102	277.42711584057	0
5.1362044279221	275.53904519546	0
8.5410648667906	273.67	0
20.295146808437	274.69707561367	0
19.359538454136	275.21377817093	0
19.515713032935	274.39115011146	0
21.154827921541	277.85097324715	0
20.262341011664	273.67	0
22.310814729217	274.80505591826	0
17.91808578269	273.67	0
19.090213397177	273.67	0
18.504149589933	274.56762584291	0
18.65891814439	276.61377350899	0
19.411990425119	276.23685661836	0
18.140459180185	275.94301741976	0
17.75364164464	275.18863978024	0
20.058330140407	275.69701481294	0
20.199661012809	276.53478152121	0
6.1968096378158	273.67	0
5.4475812072082	276.31770403266	0
5.0246820233285	273.67	0
21.269781197119	274.63276969884	0
20.892057138645	275.53353158632	0
21.434468626152	273.67	0
4.8464830597254	277.06550483856	0
3.9062485203164	277.25651279418	0
2.0680199843072	281.03992625319	0
3.2395608182925	281.25780762778	0
1.0309508177586	281.86789593968	0
-0.17254009052386	282.48151319863	0
55.306353975037	282.16892280347	0
-2.0080836635957	291.29	0
-2.0080836635957	292.29	0
-1.17814922033	293.42576653053	0
-2.0080836635957	294.29	0
-2.0080836635957	293.29	0
-2.0080836635957	289.29	0
-2.0080836635957	287.29	0
0.31999231417137	281.44430873765	0
0.89220574602168	280.84642923478	0
1.8449142770919	281.8239490136	0
-2.0080836635957	285.29	0
-2.0080836635957	286.29	0
-2.0080836635957	284.29	0
-2.0080836635957	283.29	0
2.648696379944	274.56257022001	0
3.9602676625086	279.43779333304	0
4.9905961951079	279.39941073132	0
-1.3341971105431	281.48625	0
-1.1153606110926	282.40119823027	0
-2.0080836635957	282.0875	0
-0.46119026385873	281.71751542009	0
-0.32691141795745	280.99503058789	0
3.3301760546324	278.75638224913	0
2.2240693088579	279.20384234001	0
2.564728122166	278.4550798729	0
1.688487501945	279.82429866166	0
0.82749096154792	279.97478035028	0
1.1297936276896	279.15467494289	0
2.7772850686369	280.48484026157	0
0.21246825880743	280.49594672169	0
-2.0080836635957	280.885	0
-1.0399042069295	280.81135106635	0
-2.0080836635957	279.6825	0
-2.0080836635957	278.48	0
-0.93711122970704	279.05513989688	0
2.8329764374811	276.66672428832	0
2.65080087417	275.45570178252	0
71.818480174644	278.42047584773	0
73.008083663596	278.17	0
57.575579673688	282.79536340604	0
60.178577347842	275.59850946511	0
59.23326705837	275.95094968912	0
57.628024968301	281.87818893216	0
58.680237192606	280.97166336588	0
59.369314713697	280.18921113684	0
61.002914119121	278.88927271645	0
61.091166829357	280.07090792913	0
31.983617156538	273.67	0
5.5804995688145	280.31063890927	0
6.4581937959599	280.18941588552	0
5.9090428651237	279.45139178638	0
6.6762211173345	279.00196277521	0
13.22957532474	273.67	0
13.815639131984	274.35623046949	0
15.981728490973	275.26429882148	0
6.0624803131588	277.42746109768	0
3.5993539212171	280.22182970024	0
4.0145419421917	278.17794635097	0
1.4643274804667	276.25339809034	0
2.1381836588669	277.51433280884	0
1.1717279307398	277.7310748131	0
-0.52317181681604	280.28686606107	0
71.835956049108	273.67	0
71.331583007161	274.58102651177	0
60.228699875592	280.10763245788	0
7.2067854509188	279.71544045158	0
4.8996450692017	278.31772192427	0
5.32772886228	277.67231090218	0
5.8564109527519	278.48204512407	0
2.9419635620987	279.59936953268	0
3.1847350229992	277.83976705948	0
0.27600689670524	278.97695891134	0
0.063213534422668	279.74587734439	0
1.7462893217393	278.53785419981	0
14.401702939227	273.67	0
16.745958168202	273.67	0
73.008083663596	273.67	0
73.008083663596	275.17	0
72.422019856352	274.42	0
15.573830553715	273.67	0
2.2466017357936	276.13571963891	0
-1.0177681415551	274.99360196719	0
-2.0080836635957	276.075	0
-2.0080836635957	274.67	0
1.4910065248054	275.01186635608	0
0.2467509311304	277.37691196774	0
-1.2910450614922	280.04713273432	0
-0.14263993930237	278.18432269884	0
-0.051801677076203	274.60327920861	0
0.92223537262269	274.33349198894	0
0.62651778067091	275.1590565524	0
1.8986449972493	274.34607499675	0
1.5082991798664	273.67	0
-2.0080836635957	273.67	0
-0.83595604910836	273.67	0
0.33617156537901	273.67	0
-0.57900273362513	275.93855063413	0
0.43013404305976	276.17728204141	0
-0.88082119880375	277.33071785317	0
-1.1596065895794	278.18474726164	0
-2.0080836635957	277.2775	0
-0.29146605696627	276.7296882498	0
-1.2442415034613	276.52312885162	0
13.653549923654	287.54780090214	0
35.5	273.67	0
CELLS 4566 18264
3	0	1	2	
3	3	4	5	
3	6	7	8	
3	9	10	11	
3	12	13	14	
3	1	0	15	
3	16	17	18	
3	19	20	18	
3	21	22	12	
3	1	23	2	
3	2	23	24	
3	25	26	27	
3	28	29	30	
3	31	32	33	
3	4	34	5	
3	35	36	37	
3	38	39	40	
3	41	24	23	
3	42	43	44	
3	5	34	45	
3	46	47	48	
3	49	50	51	
3	52	53	54	
3	27	55	56	
3	57	58	59	
3	60	61	62	
3	63	64	65	
3	37	66	67	
3	68	69	70	
3	71	72	73	
3	74	75	59	
3	76	74	77	
3	78	79	80	
3	81	82	83	
3	74	76	75	
3	70	15	84	
3	14	85	86	
3	87	88	89	
3	90	91	92	
3	79	93	8	
3	94	64	63	
3	95	96	97	
3	98	99	100	
3	98	100	60	
3	101	102	103	
3	104	105	106	
3	94	63	61	
3	107	108	109	
3	110	111	112	
3	113	114	115	
3	77	116	117	
3	118	119	120	
3	120	121	122	
3	123	124	125	
3	126	127	128	
3	129	130	131	
3	132	133	112	
3	134	135	136	
3	120	119	121	
3	137	138	16	
3	139	30	29	
3	140	141	142	
3	143	81	144	
3	112	145	110	
3	145	112	133	
3	146	147	148	
3	149	150	151	
3	57	59	75	
3	122	152	153	
3	154	155	156	
3	137	18	20	
3	81	143	82	
3	157	158	159	
3	160	161	162	
3	163	133	164	
3	165	166	167	
3	87	168	169	
3	6	170	7	
3	80	30	139	
3	21	171	22	
3	143	172	173	
3	4	3	41	
3	28	38	174	
3	64	94	58	
3	174	38	40	
3	78	80	139	
3	71	175	72	
3	76	117	176	
3	177	178	39	
3	179	180	181	
3	166	153	167	
3	182	183	184	
3	185	186	187	
3	188	189	190	
3	170	191	7	
3	192	193	194	
3	174	29	28	
3	191	170	195	
3	196	197	198	
3	199	200	201	
3	191	195	202	
3	195	180	202	
3	132	112	111	
3	203	27	26	
3	204	138	83	
3	205	118	120	
3	206	207	208	
3	209	210	211	
3	11	10	212	
3	1	15	213	
3	68	214	215	
3	32	216	33	
3	217	23	1	
3	158	218	211	
3	210	209	11	
3	219	220	221	
3	222	223	224	
3	209	211	218	
3	225	226	227	
3	226	228	227	
3	29	229	139	
3	230	231	232	
3	233	234	184	
3	235	236	237	
3	190	189	238	
3	226	225	239	
3	237	240	228	
3	212	210	11	
3	131	130	241	
3	242	243	244	
3	243	245	244	
3	1	213	217	
3	246	247	248	
3	161	160	249	
3	250	251	252	
3	253	78	254	
3	165	255	166	
3	256	257	258	
3	259	260	102	
3	258	257	261	
3	262	263	264	
3	265	159	31	
3	214	68	70	
3	212	10	245	
3	266	267	268	
3	268	267	162	
3	48	269	46	
3	63	62	61	
3	220	219	270	
3	256	271	272	
3	273	274	275	
3	209	218	276	
3	249	160	272	
3	277	278	279	
3	49	51	280	
3	266	281	267	
3	32	282	216	
3	283	284	285	
3	286	287	188	
3	244	245	10	
3	288	289	290	
3	291	292	293	
3	294	295	291	
3	296	45	34	
3	297	53	298	
3	18	137	16	
3	299	297	298	
3	300	53	297	
3	143	118	205	
3	301	282	302	
3	299	298	303	
3	108	215	109	
3	304	27	56	
3	206	117	116	
3	305	50	306	
3	90	307	308	
3	27	304	25	
3	62	309	99	
3	292	290	293	
3	154	26	25	
3	173	16	204	
3	55	310	56	
3	117	76	77	
3	311	54	300	
3	312	313	234	
3	314	43	315	
3	233	184	183	
3	316	317	50	
3	318	319	320	
3	234	321	320	
3	84	15	0	
3	239	225	322	
3	323	319	318	
3	324	163	164	
3	178	40	39	
3	321	318	320	
3	325	326	309	
3	327	328	329	
3	329	315	327	
3	206	208	117	
3	330	104	331	
3	314	44	43	
3	332	333	334	
3	335	336	311	
3	53	300	54	
3	129	337	338	
3	54	311	336	
3	238	339	190	
3	340	183	182	
3	75	341	57	
3	336	342	54	
3	234	233	321	
3	343	206	116	
3	138	204	16	
3	143	144	118	
3	181	344	179	
3	345	298	53	
3	89	346	347	
3	346	88	273	
3	216	264	348	
3	347	189	89	
3	126	349	127	
3	350	184	234	
3	351	128	352	
3	353	187	49	
3	88	346	89	
3	86	107	109	
3	92	354	169	
3	224	355	356	
3	357	139	229	
3	46	269	164	
3	169	354	275	
3	296	358	178	
3	142	359	140	
3	253	93	78	
3	13	85	14	
3	130	129	360	
3	273	88	274	
3	223	355	224	
3	361	362	363	
3	103	102	364	
3	365	366	367	
3	368	365	369	
3	207	343	370	
3	240	227	228	
3	371	372	97	
3	119	118	144	
3	373	366	371	
3	97	373	371	
3	374	375	376	
3	48	377	269	
3	378	372	379	
3	104	380	331	
3	381	330	331	
3	381	331	349	
3	382	129	338	
3	176	383	76	
3	384	385	386	
3	169	274	87	
3	387	384	386	
3	104	330	105	
3	299	303	288	
3	388	389	390	
3	385	384	368	
3	349	126	381	
3	252	135	250	
3	391	164	133	
3	379	392	230	
3	393	394	395	
3	221	395	219	
3	396	373	97	
3	231	392	397	
3	289	303	345	
3	398	399	400	
3	44	401	402	
3	403	404	405	
3	393	395	221	
3	406	375	374	
3	367	366	373	
3	407	408	192	
3	409	193	192	
3	352	127	410	
3	411	412	413	
3	394	414	415	
3	325	416	326	
3	415	131	241	
3	197	196	417	
3	418	419	420	
3	404	421	270	
3	359	356	140	
3	291	155	292	
3	142	422	359	
3	423	424	425	
3	426	114	427	
3	15	70	69	
3	428	422	142	
3	111	110	429	
3	423	430	424	
3	425	431	432	
3	229	29	174	
3	207	206	343	
3	205	120	122	
3	353	185	187	
3	433	434	400	
3	113	427	114	
3	190	339	435	
3	26	154	156	
3	433	390	434	
3	436	437	147	
3	438	389	388	
3	388	390	433	
3	55	370	310	
3	8	93	6	
3	439	433	400	
3	427	432	426	
3	250	440	441	
3	442	443	444	
3	439	400	399	
3	378	97	372	
3	445	13	22	
3	34	4	446	
3	447	448	449	
3	333	36	35	
3	413	412	450	
3	352	410	286	
3	451	452	185	
3	12	22	13	
3	453	454	455	
3	456	457	455	
3	458	389	438	
3	459	194	460	
3	449	461	447	
3	462	463	464	
3	462	332	465	
3	466	467	468	
3	341	75	76	
3	410	349	331	
3	334	333	35	
3	469	9	11	
3	461	449	470	
3	36	66	37	
3	306	471	472	
3	258	473	474	
3	465	463	462	
3	447	457	448	
3	319	323	475	
3	102	260	476	
3	103	364	477	
3	478	166	255	
3	479	463	480	
3	481	335	482	
3	187	186	483	
3	448	457	456	
3	484	103	477	
3	48	485	377	
3	385	368	369	
3	415	414	131	
3	324	269	377	
3	486	487	387	
3	316	50	49	
3	483	49	187	
3	431	425	424	
3	103	484	101	
3	476	260	436	
3	488	23	217	
3	364	102	476	
3	436	260	437	
3	489	490	491	
3	202	180	179	
3	471	306	317	
3	452	186	185	
3	45	296	177	
3	484	477	485	
3	324	164	269	
3	492	441	493	
3	492	494	443	
3	443	494	444	
3	440	135	134	
3	495	11	209	
3	121	152	122	
3	35	496	334	
3	441	440	493	
3	493	440	134	
3	354	92	91	
3	488	4	41	
3	497	444	494	
3	310	304	56	
3	498	198	499	
3	378	379	230	
3	255	165	468	
3	100	99	500	
3	501	502	503	
3	166	478	153	
3	503	502	504	
3	136	252	504	
3	229	174	40	
3	50	317	306	
3	197	417	362	
3	362	417	363	
3	24	41	3	
3	505	506	507	
3	508	509	510	
3	238	189	347	
3	393	414	394	
3	320	312	234	
3	491	511	489	
3	19	429	20	
3	510	490	508	
3	490	510	491	
3	85	416	108	
3	105	487	106	
3	201	512	509	
3	153	152	167	
3	513	514	515	
3	72	513	73	
3	483	316	49	
3	6	93	253	
3	489	511	516	
3	84	214	70	
3	517	518	519	
3	450	505	413	
3	133	163	145	
3	520	261	247	
3	514	518	521	
3	412	519	450	
3	232	378	230	
3	216	282	301	
3	492	443	441	
3	519	412	517	
3	132	391	133	
3	315	329	314	
3	276	218	157	
3	158	157	218	
3	522	33	216	
3	265	31	33	
3	523	281	266	
3	262	523	266	
3	524	125	525	
3	526	320	319	
3	525	225	227	
3	239	322	124	
3	243	242	235	
3	150	240	236	
3	150	242	151	
3	237	236	240	
3	474	527	271	
3	268	161	528	
3	281	523	302	
3	348	529	522	
3	262	266	528	
3	402	482	42	
3	335	481	336	
3	53	52	530	
3	156	203	26	
3	345	303	298	
3	289	288	303	
3	472	471	146	
3	305	306	472	
3	452	451	453	
3	454	531	456	
3	448	456	531	
3	532	35	37	
3	533	449	448	
3	461	470	284	
3	451	185	534	
3	455	454	456	
3	475	323	123	
3	475	526	319	
3	535	314	329	
3	342	336	481	
3	401	44	314	
3	402	42	44	
3	328	327	340	
3	329	328	535	
3	307	90	92	
3	91	90	222	
3	87	274	88	
3	169	275	274	
3	435	339	351	
3	188	190	435	
3	422	428	430	
3	428	536	537	
3	538	431	537	
3	389	539	390	
3	356	355	140	
3	141	140	355	
3	428	142	536	
3	424	430	428	
3	540	397	361	
3	231	230	392	
3	541	501	503	
3	378	95	97	
3	542	363	417	
3	540	361	363	
3	501	499	502	
3	196	198	498	
3	287	543	89	
3	106	380	104	
3	544	386	385	
3	486	387	386	
3	365	367	369	
3	545	369	367	
3	410	127	349	
3	352	128	127	
3	487	486	106	
3	380	106	486	
3	421	404	403	
3	221	409	393	
3	408	393	409	
3	408	409	192	
3	113	115	458	
3	546	389	115	
3	67	66	283	
3	67	532	37	
3	73	513	515	
3	441	443	547	
3	548	521	517	
3	549	412	411	
3	548	517	412	
3	521	518	517	
3	506	550	507	
3	505	507	413	
3	516	511	464	
3	489	516	551	
3	490	489	551	
3	552	413	507	
3	199	508	490	
3	201	509	508	
3	332	334	465	
3	480	465	334	
3	553	497	175	
3	553	442	444	
3	554	441	547	
3	498	555	196	
3	250	135	440	
3	252	136	135	
3	358	34	446	
3	178	177	296	
3	215	108	68	
3	69	213	15	
3	86	85	107	
3	85	108	107	
3	13	326	85	
3	358	556	40	
3	171	21	500	
3	171	445	22	
3	195	170	557	
3	558	466	344	
3	79	78	93	
3	78	139	254	
3	358	40	178	
3	559	560	561	
3	485	48	484	
3	101	484	48	
3	259	437	260	
3	148	147	437	
3	429	19	111	
3	562	132	19	
3	143	205	172	
3	51	305	563	
3	83	82	204	
3	173	204	82	
3	370	55	207	
3	208	176	117	
3	203	564	27	
3	565	566	217	
3	155	291	156	
3	203	156	291	
3	58	57	64	
3	65	64	57	
3	60	62	98	
3	62	99	98	
3	559	122	153	
3	567	18	17	
3	559	153	478	
3	468	467	255	
3	181	180	568	
3	569	17	172	
3	159	265	157	
3	276	495	209	
3	258	271	256	
3	525	227	570	
3	525	322	225	
3	125	124	322	
3	235	242	236	
3	150	236	242	
3	571	572	573	
3	301	262	264	
3	265	33	522	
3	474	271	258	
3	301	302	523	
3	527	474	574	
3	523	262	301	
3	482	402	481	
3	342	52	54	
3	314	535	575	
3	176	208	576	
3	290	289	293	
3	294	293	289	
3	291	295	203	
3	55	27	576	
3	146	148	472	
3	305	51	50	
3	101	577	578	
3	285	470	533	
3	453	451	454	
3	451	534	531	
3	533	470	449	
3	285	284	470	
3	123	125	475	
3	526	312	320	
3	322	525	125	
3	579	52	342	
3	340	182	328	
3	535	328	182	
3	307	92	169	
3	223	222	90	
3	189	287	89	
3	90	308	223	
3	351	352	435	
3	188	287	189	
3	373	396	367	
3	543	87	89	
3	115	114	546	
3	389	458	115	
3	432	431	426	
3	580	426	431	
3	397	540	231	
3	232	95	378	
3	417	555	581	
3	277	582	583	
3	499	501	498	
3	555	498	501	
3	486	386	544	
3	277	583	380	
3	396	584	367	
3	380	486	278	
3	421	220	270	
3	220	409	221	
3	434	390	539	
3	407	192	194	
3	241	130	585	
3	586	142	141	
3	223	308	355	
3	283	285	67	
3	532	496	35	
3	531	587	448	
3	199	588	200	
3	443	442	547	
3	497	553	444	
3	514	521	515	
3	589	515	521	
3	550	506	512	
3	552	507	550	
3	464	463	516	
3	551	516	463	
3	175	71	553	
3	590	442	71	
3	521	548	591	
3	592	95	232	
3	504	252	503	
3	541	503	252	
3	501	593	555	
3	555	417	196	
3	594	4	488	
3	595	596	556	
3	68	108	69	
3	597	69	108	
3	500	99	171	
3	445	326	13	
3	65	62	63	
3	326	445	309	
3	568	195	557	
3	253	598	170	
3	180	195	568	
3	558	344	181	
3	229	40	556	
3	557	598	599	
3	47	577	101	
3	148	437	259	
3	600	259	578	
3	148	259	563	
3	111	19	132	
3	562	19	18	
3	559	561	122	
3	172	17	173	
3	207	55	208	
3	576	208	55	
3	291	293	294	
3	601	52	579	
3	341	76	383	
3	65	602	62	
3	466	558	467	
3	603	478	604	
3	467	604	255	
3	478	255	604	
3	157	265	276	
3	522	529	265	
3	240	149	227	
3	149	570	227	
3	605	149	151	
3	312	526	524	
3	606	495	529	
3	607	473	520	
3	608	609	610	
3	249	271	527	
3	481	402	342	
3	579	342	402	
3	472	148	305	
3	563	305	148	
3	280	611	353	
3	612	496	532	
3	448	587	533	
3	285	533	612	
3	475	125	526	
3	524	526	125	
3	182	184	350	
3	613	182	350	
3	543	287	614	
3	393	337	414	
3	435	352	188	
3	286	188	352	
3	231	540	232	
3	592	232	540	
3	593	541	251	
3	542	540	363	
3	615	616	405	
3	337	393	408	
3	421	193	220	
3	421	403	617	
3	67	285	532	
3	612	532	285	
3	512	201	550	
3	552	411	413	
3	508	199	201	
3	589	591	618	
3	463	465	480	
3	479	619	551	
3	553	71	442	
3	590	71	73	
3	34	358	296	
3	358	446	556	
3	171	99	445	
3	309	445	99	
3	254	139	357	
3	603	604	558	
3	598	253	254	
3	170	6	253	
3	143	173	82	
3	16	173	17	
3	467	558	604	
3	620	558	568	
3	151	242	244	
3	240	150	149	
3	249	621	161	
3	528	161	621	
3	451	531	454	
3	531	534	587	
3	525	622	524	
3	623	535	613	
3	624	434	625	
3	409	220	193	
3	403	405	616	
3	617	193	421	
3	626	533	587	
3	200	411	552	
3	550	201	552	
3	200	552	201	
3	488	217	594	
3	598	557	170	
3	383	627	341	
3	628	213	597	
3	620	568	557	
3	558	181	568	
3	595	556	446	
3	559	478	603	
3	560	559	603	
3	132	562	629	
3	603	558	620	
3	630	631	629	
3	244	10	9	
3	151	244	605	
3	632	374	376	
3	469	605	9	
3	280	353	49	
3	611	280	633	
3	194	617	460	
3	616	460	403	
3	114	426	580	
3	131	414	337	
3	617	403	460	
3	193	617	194	
3	276	265	529	
3	634	635	636	
3	398	624	616	
3	637	585	360	
3	638	460	616	
3	460	638	459	
3	624	400	434	
3	399	398	615	
3	597	213	69	
3	594	595	446	
3	391	639	164	
3	164	639	46	
3	176	576	640	
3	57	341	627	
3	469	11	495	
3	605	244	9	
3	51	563	641	
3	185	353	611	
3	312	524	642	
3	579	401	575	
3	643	544	644	
3	278	486	544	
3	216	301	264	
3	162	161	268	
3	314	575	401	
3	402	401	579	
3	546	645	646	
3	424	537	431	
3	647	355	308	
3	647	141	355	
3	417	581	542	
3	540	542	592	
3	385	369	545	
3	545	644	385	
3	648	95	592	
3	97	96	396	
3	442	590	547	
3	73	515	589	
3	551	588	490	
3	490	588	199	
3	496	649	334	
3	479	480	649	
3	345	650	289	
3	650	294	289	
3	645	546	114	
3	546	539	389	
3	580	645	114	
3	538	580	431	
3	411	200	651	
3	548	412	549	
3	251	541	252	
3	501	541	593	
3	383	652	627	
3	416	85	326	
3	122	561	205	
3	639	47	46	
3	564	203	295	
3	628	597	653	
3	262	528	263	
3	622	642	524	
3	182	613	535	
3	27	564	576	
3	48	47	101	
3	654	534	611	
3	655	656	647	
3	307	657	308	
3	396	96	584	
3	583	582	658	
3	581	592	542	
3	659	648	660	
3	589	661	73	
3	662	548	549	
3	591	663	618	
3	521	591	589	
3	357	664	254	
3	172	561	569	
3	536	142	586	
3	407	194	459	
3	625	434	539	
3	638	616	624	
3	624	398	400	
3	616	615	398	
3	23	488	41	
3	217	566	594	
3	132	629	391	
3	665	47	639	
3	631	391	629	
3	631	665	639	
3	564	666	576	
3	57	627	65	
3	640	383	176	
3	65	627	602	
3	271	249	272	
3	276	529	495	
3	600	563	259	
3	611	534	185	
3	51	641	280	
3	534	654	587	
3	667	581	668	
3	278	277	380	
3	669	613	350	
3	579	575	670	
3	428	537	424	
3	538	645	580	
3	586	141	647	
3	671	646	645	
3	554	251	250	
3	672	673	674	
3	544	385	644	
3	544	643	278	
3	584	545	367	
3	675	644	545	
3	673	584	96	
3	545	584	675	
3	676	588	619	
3	590	661	677	
3	551	463	479	
3	649	678	479	
3	649	480	334	
3	496	612	679	
3	587	654	626	
3	651	680	549	
3	650	295	294	
3	650	681	295	
3	345	53	530	
3	650	345	530	
3	538	671	645	
3	646	539	546	
3	549	411	651	
3	661	590	73	
3	554	250	441	
3	677	547	590	
3	682	251	554	
3	555	593	668	
3	562	18	567	
3	639	391	631	
3	308	657	655	
3	625	646	683	
3	625	638	624	
3	360	585	130	
3	213	628	217	
3	557	599	620	
3	537	536	538	
3	656	538	536	
3	675	672	644	
3	278	643	279	
3	648	96	95	
3	169	168	307	
3	586	656	536	
3	656	586	647	
3	662	591	548	
3	667	684	581	
3	680	662	549	
3	591	662	663	
3	629	562	630	
3	259	102	578	
3	595	594	566	
3	446	4	594	
3	672	643	644	
3	643	672	279	
3	673	675	584	
3	672	675	673	
3	555	668	581	
3	660	648	684	
3	588	551	619	
3	677	685	686	
3	662	680	663	
3	687	663	680	
3	603	620	688	
3	641	689	633	
3	131	337	129	
3	459	690	407	
3	337	408	338	
3	382	691	360	
3	261	248	247	
3	520	473	261	
3	543	168	87	
3	692	693	694	
3	254	664	598	
3	630	562	567	
3	350	234	313	
3	313	669	350	
3	695	669	313	
3	623	575	535	
3	589	618	661	
3	677	661	618	
3	631	696	697	
3	633	280	641	
3	479	678	619	
3	619	678	676	
3	681	650	530	
3	698	530	601	
3	575	623	634	
3	699	700	701	
3	663	687	618	
3	682	667	668	
3	682	593	251	
3	668	593	682	
3	647	308	655	
3	459	638	702	
3	703	595	566	
3	596	704	556	
3	279	705	582	
3	331	583	410	
3	588	676	706	
3	673	96	648	
3	688	560	603	
3	707	569	561	
3	338	708	709	
3	710	637	691	
3	635	613	669	
3	635	623	613	
3	312	642	313	
3	711	670	701	
3	687	685	618	
3	712	686	685	
3	649	496	679	
3	713	680	714	
3	715	554	712	
3	682	716	667	
3	658	717	286	
3	718	719	720	
3	217	628	565	
3	721	722	723	
3	695	313	642	
3	699	701	670	
3	724	635	669	
3	575	634	670	
3	725	726	626	
3	651	706	714	
3	667	716	727	
3	674	673	659	
3	348	522	216	
3	634	699	670	
3	623	635	634	
3	636	635	724	
3	636	724	700	
3	634	636	699	
3	700	699	636	
3	601	530	52	
3	724	695	728	
3	729	730	731	
3	732	700	733	
3	734	566	565	
3	704	229	556	
3	704	357	229	
3	640	652	383	
3	628	735	736	
3	17	569	567	
3	567	569	737	
3	539	646	625	
3	683	702	638	
3	666	738	640	
3	309	62	602	
3	597	416	653	
3	602	739	309	
3	257	248	261	
3	740	570	149	
3	563	600	741	
3	678	649	679	
3	633	654	611	
3	725	626	742	
3	684	592	581	
3	648	592	684	
3	612	533	626	
3	679	612	626	
3	706	200	588	
3	651	200	706	
3	743	528	621	
3	360	691	637	
3	528	266	268	
3	473	258	261	
3	527	621	249	
3	561	560	707	
3	172	205	561	
3	622	525	570	
3	149	605	740	
3	279	672	674	
3	657	692	655	
3	380	583	331	
3	277	279	582	
3	744	745	746	
3	744	746	747	
3	307	168	657	
3	657	168	748	
3	749	620	599	
3	598	664	599	
3	652	602	627	
3	750	751	739	
3	708	408	407	
3	360	129	382	
3	728	695	642	
3	724	669	695	
3	582	717	658	
3	583	658	410	
3	692	657	748	
3	702	752	690	
3	717	582	705	
3	286	410	658	
3	753	754	755	
3	543	756	748	
3	614	287	286	
3	614	756	543	
3	469	606	757	
3	757	605	469	
3	374	608	758	
3	759	376	375	
3	607	520	406	
3	473	574	474	
3	700	724	733	
3	527	574	610	
3	607	574	473	
3	610	574	758	
3	758	608	610	
3	760	761	762	
3	406	374	607	
3	469	495	606	
3	621	527	610	
3	264	263	420	
3	348	264	420	
3	743	263	528	
3	419	348	420	
3	621	609	743	
3	263	743	420	
3	758	607	374	
3	758	574	607	
3	609	621	610	
3	529	763	606	
3	764	375	765	
3	247	246	765	
3	520	247	406	
3	765	406	247	
3	406	765	375	
3	348	419	529	
3	728	733	724	
3	760	762	609	
3	743	609	762	
3	766	767	768	
3	654	742	626	
3	769	704	770	
3	664	769	771	
3	538	656	671	
3	671	656	718	
3	631	630	696	
3	630	567	737	
3	772	646	671	
3	638	625	683	
3	577	47	665	
3	689	641	741	
3	773	741	600	
3	774	577	665	
3	711	579	670	
3	775	564	681	
3	596	776	704	
3	357	704	769	
3	739	751	325	
3	565	628	736	
3	640	576	666	
3	735	777	778	
3	295	681	564	
3	779	780	681	
3	741	641	563	
3	766	633	689	
3	682	554	781	
3	674	782	279	
3	783	784	678	
3	651	714	680	
3	416	325	653	
3	108	416	597	
3	747	710	744	
3	785	338	709	
3	786	787	788	
3	789	732	790	
3	286	717	614	
3	717	791	614	
3	605	757	740	
3	728	642	622	
3	792	793	794	
3	794	795	761	
3	246	796	765	
3	375	764	759	
3	762	420	743	
3	757	606	797	
3	763	797	606	
3	798	763	799	
3	760	609	608	
3	761	760	632	
3	656	655	719	
3	702	690	459	
3	577	774	600	
3	773	600	774	
3	101	578	102	
3	577	600	578	
3	706	676	784	
3	687	680	713	
3	785	382	338	
3	800	801	715	
3	802	803	804	
3	765	796	764	
3	608	632	760	
3	762	761	795	
3	805	752	806	
3	708	338	408	
3	773	689	741	
3	714	807	808	
3	744	710	691	
3	702	683	806	
3	809	810	811	
3	812	774	813	
3	812	773	774	
3	382	745	691	
3	691	745	744	
3	684	667	727	
3	814	717	705	
3	601	711	698	
3	779	681	530	
3	815	687	713	
3	659	660	816	
3	770	817	818	
3	723	707	560	
3	819	757	820	
3	570	740	821	
3	779	530	698	
3	579	711	601	
3	595	703	596	
3	776	596	703	
3	822	817	703	
3	776	817	770	
3	681	780	775	
3	776	703	817	
3	786	728	787	
3	823	698	711	
3	418	420	762	
3	529	419	763	
3	824	762	795	
3	763	419	418	
3	714	706	807	
3	808	713	714	
3	807	784	825	
3	826	827	828	
3	374	632	608	
3	761	376	829	
3	418	824	799	
3	824	418	762	
3	566	734	703	
3	704	776	770	
3	735	778	736	
3	818	771	770	
3	734	736	729	
3	817	830	818	
3	831	808	832	
3	814	833	791	
3	832	808	807	
3	815	713	808	
3	632	376	761	
3	829	794	761	
3	834	835	836	
3	701	732	837	
3	838	839	840	
3	817	822	830	
3	841	842	843	
3	844	834	845	
3	818	830	846	
3	847	749	599	
3	664	771	599	
3	560	688	723	
3	692	748	848	
3	849	850	851	
3	407	690	708	
3	852	382	785	
3	853	709	854	
3	855	856	854	
3	857	858	859	
3	860	740	819	
3	715	781	554	
3	755	861	862	
3	863	864	865	
3	781	716	682	
3	732	701	700	
3	866	867	868	
3	826	869	832	
3	716	870	871	
3	872	873	652	
3	823	874	698	
3	790	733	786	
3	572	875	573	
3	825	784	783	
3	832	876	826	
3	877	771	818	
3	878	879	880	
3	763	798	797	
3	881	857	882	
3	701	823	711	
3	823	837	883	
3	884	885	886	
3	677	618	685	
3	887	888	889	
3	781	890	716	
3	735	628	653	
3	729	736	778	
3	733	728	786	
3	790	732	733	
3	732	789	837	
3	778	777	891	
3	892	893	894	
3	751	653	325	
3	751	735	653	
3	729	778	730	
3	822	703	734	
3	859	790	788	
3	859	789	790	
3	652	640	738	
3	895	896	897	
3	787	728	622	
3	788	790	786	
3	787	860	898	
3	899	900	901	
3	738	902	872	
3	571	903	904	
3	821	622	570	
3	740	757	819	
3	905	906	907	
3	858	908	789	
3	857	859	788	
3	789	859	858	
3	909	844	910	
3	882	857	911	
3	666	564	775	
3	912	738	666	
3	913	914	915	
3	916	917	918	
3	646	772	683	
3	806	683	772	
3	720	919	718	
3	810	920	921	
3	919	922	806	
3	806	922	805	
3	693	692	848	
3	849	923	850	
3	813	774	697	
3	665	697	774	
3	924	878	813	
3	768	767	742	
3	925	878	880	
3	913	926	766	
3	927	928	874	
3	666	775	912	
3	929	928	930	
3	929	780	928	
3	874	928	779	
3	739	873	931	
3	846	932	877	
3	877	933	771	
3	934	678	679	
3	934	725	935	
3	920	785	709	
3	785	920	852	
3	936	811	810	
3	937	938	852	
3	810	809	937	
3	938	746	745	
3	836	939	940	
3	910	941	820	
3	941	819	820	
3	898	860	941	
3	648	659	673	
3	942	943	944	
3	944	945	946	
3	947	948	949	
3	731	866	572	
3	878	925	950	
3	904	572	571	
3	846	903	951	
3	325	309	739	
3	751	750	777	
3	652	873	602	
3	872	652	738	
3	768	654	633	
3	917	725	742	
3	914	913	689	
3	766	689	913	
3	858	905	908	
3	866	875	572	
3	920	937	852	
3	382	852	745	
3	938	745	852	
3	820	757	797	
3	860	819	941	
3	798	909	797	
3	909	820	797	
3	799	939	798	
3	820	909	910	
3	909	798	835	
3	941	910	952	
3	941	952	898	
3	787	622	821	
3	953	954	881	
3	911	788	898	
3	955	956	844	
3	956	955	952	
3	911	898	952	
3	788	787	898	
3	904	903	846	
3	951	838	846	
3	866	868	875	
3	951	903	957	
3	958	840	959	
3	688	749	960	
3	904	846	830	
3	903	571	961	
3	731	904	830	
3	904	731	572	
3	830	822	731	
3	729	731	822	
3	962	891	963	
3	858	857	964	
3	965	966	967	
3	968	812	950	
3	969	962	966	
3	970	971	972	
3	867	866	730	
3	973	974	975	
3	891	777	976	
3	965	977	966	
3	978	979	980	
3	961	573	981	
3	730	778	867	
3	731	730	866	
3	778	891	867	
3	962	867	891	
3	897	872	902	
3	739	931	750	
3	766	926	767	
3	935	916	982	
3	654	768	742	
3	633	766	768	
3	968	915	914	
3	935	917	916	
3	937	920	810	
3	938	937	809	
3	811	936	983	
3	709	708	854	
3	984	936	985	
3	921	986	985	
3	921	936	810	
3	987	920	709	
3	987	921	920	
3	986	921	987	
3	854	856	853	
3	936	984	983	
3	709	853	987	
3	851	988	856	
3	740	860	821	
3	787	821	860	
3	882	911	952	
3	788	911	857	
3	952	955	989	
3	964	857	881	
3	902	738	912	
3	873	872	990	
3	895	930	991	
3	902	912	895	
3	873	990	931	
3	873	739	602	
3	897	990	872	
3	750	931	976	
3	917	742	767	
3	992	935	982	
3	926	915	993	
3	917	767	918	
3	914	689	773	
3	926	913	915	
3	773	812	914	
3	968	914	812	
3	994	851	995	
3	986	996	985	
3	988	987	853	
3	986	987	988	
3	835	834	844	
3	997	998	999	
3	989	881	882	
3	965	967	1000	
3	1001	789	1002	
3	837	1003	883	
3	896	1004	1005	
3	931	1005	1006	
3	918	767	926	
3	935	725	917	
3	1007	1008	993	
3	1009	1010	982	
3	916	1011	1012	
3	1012	982	916	
3	1007	915	968	
3	934	992	783	
3	982	1013	1009	
3	825	992	1010	
3	678	934	783	
3	679	726	934	
3	950	812	878	
3	925	1014	950	
3	708	690	854	
3	853	856	988	
3	854	690	855	
3	856	995	851	
3	986	988	850	
3	985	996	984	
3	921	985	936	
3	1015	984	996	
3	1016	983	984	
3	882	952	989	
3	881	1017	964	
3	1018	1019	1020	
3	1021	1022	973	
3	906	964	1017	
3	858	964	905	
3	930	895	912	
3	991	1023	895	
3	929	912	775	
3	864	863	927	
3	967	966	963	
3	865	1024	1025	
3	931	1006	976	
3	1026	1027	1028	
3	886	1029	1009	
3	1030	886	885	
3	1031	1032	1033	
3	1034	1035	1036	
3	1037	1038	1039	
3	1040	884	1041	
3	752	855	690	
3	855	805	1042	
3	1043	974	973	
3	984	1044	1016	
3	923	1045	1046	
3	1047	1046	1048	
3	984	1015	1044	
3	865	1049	1024	
3	1050	1051	1052	
3	1006	967	976	
3	1041	886	1009	
3	1009	1029	1010	
3	878	812	813	
3	1014	1007	968	
3	1014	968	950	
3	1007	1053	1008	
3	995	856	855	
3	851	1054	849	
3	1055	805	922	
3	755	659	816	
3	849	1045	923	
3	996	923	1015	
3	996	850	923	
3	1015	1047	1044	
3	849	1056	1045	
3	1047	1015	923	
3	1057	1016	1044	
3	994	1058	1054	
3	1047	923	1046	
3	814	754	753	
3	1044	1047	1059	
3	1056	849	1054	
3	1046	1045	894	
3	893	892	1060	
3	894	1045	1056	
3	942	946	1061	
3	1062	1063	1064	
3	874	1065	927	
3	908	1002	789	
3	1052	1066	1067	
3	980	1027	1067	
3	1005	931	990	
3	967	1006	1068	
3	1005	990	897	
3	1068	1006	1005	
3	971	1069	1070	
3	1022	1071	1072	
3	1073	977	965	
3	1023	1074	1075	
3	886	1041	884	
3	865	864	1049	
3	832	825	876	
3	825	832	807	
3	813	697	924	
3	1076	879	924	
3	1077	880	1078	
3	1053	1007	1014	
3	1079	1041	1080	
3	926	1035	918	
3	1081	1082	1083	
3	1084	1046	894	
3	906	905	964	
3	905	907	908	
3	907	975	908	
3	1085	1002	975	
3	1086	1028	1087	
3	1070	1074	1088	
3	1028	1027	980	
3	1022	1089	1071	
3	1041	1009	1013	
3	1090	1091	1092	
3	1079	1080	1093	
3	1094	1036	1008	
3	1095	1096	1097	
3	1098	1061	946	
3	1099	999	1100	
3	1041	1079	1040	
3	1036	1094	1101	
3	861	816	1102	
3	1103	1076	737	
3	707	723	722	
3	1059	1047	1048	
3	946	945	893	
3	1046	1084	1104	
3	554	547	686	
3	660	1105	816	
3	1087	1106	1107	
3	1108	969	977	
3	1109	1110	1111	
3	1067	906	1017	
3	969	868	962	
3	1017	954	1067	
3	954	1050	1052	
3	1072	1112	1113	
3	1021	975	907	
3	881	954	1017	
3	954	953	1050	
3	1114	1115	845	
3	1022	1021	1116	
3	954	1052	1067	
3	979	1117	1106	
3	1118	1119	1120	
3	1121	1122	1123	
3	978	1066	1124	
3	1125	1126	1000	
3	1127	1128	1129	
3	1130	1131	1132	
3	1133	1134	1135	
3	1089	1086	1071	
3	1136	879	1076	
3	880	1137	1138	
3	1046	1104	1048	
3	1083	1139	1081	
3	755	816	861	
3	727	1105	684	
3	1140	1003	1085	
3	1001	1003	837	
3	1043	973	1072	
3	1021	907	1116	
3	863	991	930	
3	1072	1071	1141	
3	906	1027	1116	
3	1142	974	1043	
3	1143	1049	1144	
3	1043	1072	1113	
3	1112	1122	1145	
3	919	1146	1147	
3	1026	1089	1116	
3	1148	1149	1150	
3	973	975	1021	
3	1151	1152	1107	
3	1153	1154	1155	
3	1156	1130	1132	
3	1157	1158	1159	
3	893	1084	894	
3	1057	1059	1139	
3	1160	659	755	
3	975	1002	908	
3	1001	1002	1085	
3	1001	1085	1003	
3	789	1001	837	
3	974	1085	975	
3	883	1003	1065	
3	994	1161	1162	
3	1163	1164	1157	
3	1165	829	1166	
3	1167	1131	1168	
3	660	684	1105	
3	1070	1025	1169	
3	1170	1171	970	
3	972	1109	1111	
3	863	930	928	
3	974	1142	1144	
3	1058	892	1056	
3	1058	1056	1054	
3	1058	994	1162	
3	833	848	756	
3	1161	1042	1055	
3	755	862	753	
3	693	1172	1173	
3	863	865	1174	
3	865	1025	1174	
3	1025	1070	1088	
3	1028	980	979	
3	1064	1063	1175	
3	1028	979	1087	
3	1065	864	927	
3	1140	1065	1003	
3	1049	864	1065	
3	1176	1177	1178	
3	1179	1172	1168	
3	573	1180	1181	
3	1182	1183	1184	
3	1163	1132	1185	
3	719	1173	720	
3	1172	693	1168	
3	1156	1177	1176	
3	1186	1182	1187	
3	1110	1169	1024	
3	1131	1167	1188	
3	1186	1189	1182	
3	1087	979	1106	
3	919	720	1146	
3	1163	1183	1189	
3	1143	1110	1024	
3	1048	1190	1059	
3	1057	1044	1059	
3	1048	1104	1190	
3	1104	1062	1190	
3	1024	1169	1025	
3	1191	1192	943	
3	893	945	1084	
3	1174	1025	1088	
3	1140	1085	974	
3	972	971	1109	
3	1193	1194	793	
3	1075	1000	1004	
3	1110	1195	1196	
3	863	1174	991	
3	945	1104	1084	
3	1197	1083	1082	
3	1192	1104	945	
3	1140	1144	1065	
3	945	944	1192	
3	1198	892	1199	
3	694	1173	719	
3	1063	1192	1200	
3	942	944	946	
3	1201	1202	1203	
3	1061	1204	1205	
3	1206	1127	1207	
3	1208	1209	1210	
3	1205	1211	942	
3	1211	943	942	
3	1060	1198	1061	
3	1207	1212	1213	
3	1200	1191	1214	
3	1215	1216	1217	
3	1209	1217	1210	
3	727	871	1105	
3	1102	1218	861	
3	1066	1052	1051	
3	1164	1163	1219	
3	1132	1189	1156	
3	971	1070	1169	
3	1195	1043	1113	
3	1130	1168	1131	
3	978	1117	979	
3	1188	848	833	
3	1172	1179	1220	
3	1221	1222	1223	
3	543	748	168	
3	848	748	756	
3	1224	833	814	
3	1225	1226	1227	
3	376	759	1166	
3	1228	1172	1220	
3	1229	573	875	
3	1130	1179	1168	
3	1067	1066	980	
3	1066	978	980	
3	1189	1132	1163	
3	1185	1188	833	
3	1219	1163	1185	
3	1117	978	843	
3	1113	1145	1196	
3	1049	1065	1144	
3	1230	1231	1232	
3	1086	1026	1028	
3	1156	1189	1186	
3	1233	1234	1235	
3	848	1188	1167	
3	991	1088	1023	
3	1110	1109	1169	
3	1069	971	970	
3	833	1224	1185	
3	1185	1132	1131	
3	1226	1236	1237	
3	1069	1074	1070	
3	1116	1027	1026	
3	894	1056	892	
3	946	893	1098	
3	1162	1199	1058	
3	1058	1199	892	
3	1238	1102	1105	
3	1239	1240	1241	
3	1173	694	693	
3	1182	1189	1183	
3	855	752	805	
3	694	655	692	
3	655	694	719	
3	1242	1243	1244	
3	958	933	840	
3	1116	907	906	
3	1146	720	1173	
3	1239	1158	1240	
3	895	1023	896	
3	991	1174	1088	
3	1075	1125	1000	
3	1143	1195	1110	
3	1067	1027	906	
3	1023	1088	1074	
3	1022	1072	973	
3	1068	1004	1000	
3	1005	1004	1068	
3	1004	896	1023	
3	1245	1086	949	
3	1157	1159	1184	
3	1167	693	848	
3	693	1167	1168	
3	1188	1185	1131	
3	1246	1247	1199	
3	1171	1170	1248	
3	1249	1119	1250	
3	971	1169	1109	
3	833	756	791	
3	1220	1251	1228	
3	1198	1206	1061	
3	1102	816	1105	
3	1241	862	861	
3	847	771	933	
3	1130	1156	1176	
3	1220	1176	1178	
3	1252	1223	1253	
3	1238	1105	871	
3	1254	1255	1090	
3	1240	862	1241	
3	1228	1146	1172	
3	806	752	702	
3	376	1166	829	
3	1256	1257	1258	
3	967	1068	1000	
3	1122	1259	1260	
3	1241	861	1218	
3	753	862	1240	
3	1261	1262	1238	
3	1241	1263	1239	
3	1264	1240	1158	
3	814	705	754	
3	1265	1156	1186	
3	1263	1241	1227	
3	1182	1154	1187	
3	1179	1130	1176	
3	822	734	729	
3	736	734	565	
3	1055	1147	1266	
3	919	806	772	
3	1222	1055	1266	
3	1266	1223	1222	
3	1147	1055	922	
3	1055	1222	1161	
3	631	697	665	
3	924	697	696	
3	1076	924	696	
3	924	879	878	
3	696	737	1076	
3	722	1103	707	
3	630	737	696	
3	1103	569	707	
3	959	723	960	
3	880	879	1137	
3	769	664	357	
3	770	771	769	
3	706	784	807	
3	678	784	676	
3	418	799	763	
3	939	799	824	
3	698	874	779	
3	1065	874	883	
3	795	1267	940	
3	836	940	1019	
3	846	877	818	
3	933	877	932	
3	840	933	932	
3	771	847	599	
3	838	932	846	
3	1268	838	1269	
3	933	958	847	
3	749	847	958	
3	838	840	932	
3	723	959	721	
3	1270	1271	1033	
3	1270	1032	1272	
3	960	749	958	
3	749	688	620	
3	959	960	958	
3	688	960	723	
3	840	839	959	
3	1270	721	1271	
3	1273	839	1268	
3	959	839	1271	
3	1274	1275	1276	
3	1277	1278	1274	
3	839	1273	1271	
3	1033	1271	1273	
3	1271	721	959	
3	721	1270	722	
3	1270	1272	722	
3	722	1272	1103	
3	1033	1278	1031	
3	1032	1279	1272	
3	1032	1270	1033	
3	1103	1272	1136	
3	1273	1278	1033	
3	1032	1138	1279	
3	1076	1103	1136	
3	1103	737	569	
3	1274	1273	1275	
3	1280	1281	1038	
3	1282	1031	1277	
3	1032	1031	1138	
3	1274	1278	1273	
3	1277	1031	1278	
3	1283	1284	1285	
3	1099	1286	1282	
3	1275	1273	1268	
3	1274	1287	1288	
3	1269	1275	1268	
3	1275	1269	1289	
3	1099	1290	1291	
3	1292	1038	1293	
3	1282	1138	1031	
3	1294	1295	1078	
3	1290	1099	1282	
3	1282	1286	1294	
3	1285	1296	1288	
3	1094	1297	1101	
3	1290	1282	1277	
3	1099	1291	999	
3	1288	1277	1274	
3	1288	1290	1277	
3	1291	1290	1296	
3	999	998	1298	
3	1285	1288	1287	
3	1290	1288	1296	
3	1276	1275	1289	
3	1299	1300	1301	
3	1302	1303	997	
3	1291	1296	997	
3	1283	1285	1287	
3	1296	1285	1284	
3	1304	1305	1306	
3	1307	1308	1289	
3	1296	1302	997	
3	1302	1296	1284	
3	997	1303	998	
3	1283	1309	1310	
3	1300	1311	1312	
3	1313	1314	1315	
3	1316	1317	1318	
3	926	993	1035	
3	916	918	1011	
3	1036	1035	1008	
3	1011	918	1035	
3	1094	1008	1053	
3	1093	1080	1034	
3	1319	1320	1321	
3	1322	1316	1323	
3	626	726	679	
3	725	934	726	
3	780	929	775	
3	930	912	929	
3	928	780	779	
3	863	928	927	
3	895	897	902	
3	1005	897	896	
3	867	962	868	
3	963	891	976	
3	969	966	977	
3	868	969	1108	
3	967	963	976	
3	966	962	963	
3	965	1000	1126	
3	1108	875	868	
3	1324	1073	1325	
3	875	1108	1229	
3	1248	1170	1258	
3	1326	1327	1150	
3	1108	977	1324	
3	1108	1149	1180	
3	1257	1328	1126	
3	1180	573	1229	
3	1073	1328	1326	
3	1329	1330	1326	
3	1055	1042	805	
3	995	855	1042	
3	935	992	934	
3	982	1010	992	
3	992	825	783	
3	825	1010	876	
3	1029	827	1010	
3	1029	1030	827	
3	1331	1332	828	
3	869	1333	831	
3	827	826	876	
3	869	826	828	
3	1010	827	876	
3	886	1030	1029	
3	1030	1331	828	
3	712	685	800	
3	1331	1030	885	
3	828	827	1030	
3	1331	885	1095	
3	1254	828	1332	
3	1331	1095	1334	
3	1332	1334	1335	
3	803	802	1096	
3	1336	1337	1338	
3	1334	1332	1331	
3	1254	1332	1335	
3	1339	1336	1338	
3	1261	887	889	
3	1255	1254	1335	
3	828	1254	869	
3	1340	1339	1341	
3	1102	1262	1342	
3	803	1096	1095	
3	1334	1095	1097	
3	1343	1344	1345	
3	1096	1346	1347	
3	803	1095	885	
3	1096	802	1344	
3	885	884	803	
3	804	803	884	
3	804	1345	802	
3	1348	1349	1350	
3	884	1040	804	
3	1040	1351	1352	
3	1101	1297	1353	
3	1354	1355	1356	
3	1007	993	915	
3	1035	993	1008	
3	1080	1041	1013	
3	1093	1040	1079	
3	1013	1012	1080	
3	1012	1034	1080	
3	1012	1013	982	
3	1034	1012	1011	
3	1035	1034	1011	
3	1034	1036	1093	
3	851	994	1054	
3	1161	994	995	
3	1062	1192	1063	
3	1190	1062	1064	
3	677	686	547	
3	712	554	686	
3	687	815	685	
3	685	1357	800	
3	1357	815	1333	
3	1358	1359	1092	
3	1357	685	815	
3	801	800	1359	
3	815	831	1333	
3	1359	800	1357	
3	1092	1359	1357	
3	801	1360	890	
3	1090	1333	869	
3	1357	1333	1092	
3	808	831	815	
3	869	831	832	
3	1254	1090	869	
3	1090	1255	1091	
3	1342	1218	1102	
3	1361	1360	1358	
3	1192	1062	1104	
3	943	1192	944	
3	1362	1363	1364	
3	716	871	727	
3	871	870	1238	
3	870	1360	1365	
3	1238	870	1365	
3	1091	1366	1367	
3	1261	1238	1365	
3	1368	887	1261	
3	1341	1369	1366	
3	870	890	1360	
3	1261	1365	1361	
3	1358	1360	801	
3	1361	1365	1360	
3	1368	1367	1370	
3	1261	889	1262	
3	716	890	870	
3	715	890	781	
3	1359	1358	801	
3	1358	1091	1367	
3	1242	1244	1236	
3	1236	1225	1242	
3	1262	889	1342	
3	1238	1262	1102	
3	1368	1261	1361	
3	1371	887	1372	
3	1225	1342	889	
3	1263	1227	1226	
3	889	888	1225	
3	1226	1225	1236	
3	1367	1368	1361	
3	1372	887	1368	
3	1358	1367	1361	
3	1091	1255	1366	
3	1340	1341	1255	
3	1368	1370	1372	
3	1369	1370	1366	
3	1237	1239	1226	
3	1338	1373	1369	
3	1374	1375	1376	
3	1377	1378	1379	
3	1372	1369	1373	
3	1367	1366	1370	
3	1255	1341	1366	
3	1338	1369	1339	
3	1372	1370	1369	
3	1242	1225	888	
3	1380	1237	1244	
3	1340	1255	1335	
3	1339	1369	1341	
3	1334	1377	1335	
3	1377	1379	1381	
3	1381	1339	1340	
3	1382	1243	1383	
3	887	1371	888	
3	1242	1384	1383	
3	1244	1243	1385	
3	1155	1159	1386	
3	1387	1378	1388	
3	1379	1378	1387	
3	1339	1381	1336	
3	1338	1389	1373	
3	1244	1237	1236	
3	1237	1390	1386	
3	1377	1381	1340	
3	1381	1379	1336	
3	1335	1377	1340	
3	1377	1334	1378	
3	1387	1350	1391	
3	1336	1379	1391	
3	1334	1097	1378	
3	1387	1388	1392	
3	1373	1389	1393	
3	1372	1373	1371	
3	1347	1394	1388	
3	1395	1396	1397	
3	1398	1397	1337	
3	1396	1399	1400	
3	1393	1371	1373	
3	1400	1383	1384	
3	1388	1378	1097	
3	1387	1392	1350	
3	1097	1347	1388	
3	1346	1394	1347	
3	1401	1392	1394	
3	1393	1396	1400	
3	1397	1396	1393	
3	1393	1400	1384	
3	1395	1397	1398	
3	1402	1399	1403	
3	1397	1393	1389	
3	1396	1395	1404	
3	1337	1389	1338	
3	1397	1389	1337	
3	1405	1336	1391	
3	1336	1405	1337	
3	1406	1398	1405	
3	1398	1407	1408	
3	1398	1406	1407	
3	1409	1410	1376	
3	1406	1350	1411	
3	1398	1337	1405	
3	1412	1392	1401	
3	1413	1407	1414	
3	1096	1347	1097	
3	1346	1415	1394	
3	1416	1417	1418	
3	1412	1348	1392	
3	1401	1394	1415	
3	1392	1388	1394	
3	1419	1401	1415	
3	1420	1421	1422	
3	1350	1406	1405	
3	1407	1406	1411	
3	1423	1424	1349	
3	1411	1349	1422	
3	1419	1415	1416	
3	1407	1411	1425	
3	1423	1412	1426	
3	1427	1419	1428	
3	1429	1430	1431	
3	1401	1426	1412	
3	1411	1422	1425	
3	1349	1348	1423	
3	1412	1423	1348	
3	1392	1348	1350	
3	1421	1420	1432	
3	1350	1349	1411	
3	1424	1422	1349	
3	1426	1401	1419	
3	1426	1429	1423	
3	1430	1427	1433	
3	1416	1415	1417	
3	1430	1429	1426	
3	1313	1315	1434	
3	1425	1422	1421	
3	1417	1415	1346	
3	1429	1435	1424	
3	1407	1425	1414	
3	1436	1414	1421	
3	1346	1344	1437	
3	1438	1439	1440	
3	1441	1442	1443	
3	1444	1445	1446	
3	1422	1424	1435	
3	1429	1431	1435	
3	1416	1428	1419	
3	1426	1427	1430	
3	1427	1426	1419	
3	1404	1408	1413	
3	1430	1441	1431	
3	1428	1416	1418	
3	1428	1447	1433	
3	1424	1423	1429	
3	1435	1431	1448	
3	1433	1447	1442	
3	1449	1432	1450	
3	1451	1374	1399	
3	1420	1422	1435	
3	1421	1449	1452	
3	1448	1431	1453	
3	1435	1445	1420	
3	1434	1454	1428	
3	1443	1442	1455	
3	1445	1435	1448	
3	1431	1441	1443	
3	1421	1414	1425	
3	1413	1414	1436	
3	1413	1456	1451	
3	1404	1413	1451	
3	1434	1428	1418	
3	1457	1458	1442	
3	1459	1446	1453	
3	1449	1421	1432	
3	1441	1433	1442	
3	1453	1443	1460	
3	1313	1439	1461	
3	1455	1458	1462	
3	1453	1431	1443	
3	1448	1446	1445	
3	1463	1446	1459	
3	1432	1420	1464	
3	1454	1447	1428	
3	1457	1442	1447	
3	1459	1453	1460	
3	1448	1453	1446	
3	1460	1455	1462	
3	1465	1464	1466	
3	1439	1313	1434	
3	1434	1315	1454	
3	1464	1444	1466	
3	1467	1468	1456	
3	1469	1470	1317	
3	1471	1472	1473	
3	1355	1454	1315	
3	1447	1454	1457	
3	1474	1475	1476	
3	1477	1478	1450	
3	1439	1434	1418	
3	1314	1313	1461	
3	1417	1440	1418	
3	1439	1418	1440	
3	1323	1314	1479	
3	1354	1356	1480	
3	1437	1440	1417	
3	1481	1438	1440	
3	1346	1437	1417	
3	1438	1461	1439	
3	1482	1483	1484	
3	1485	1482	1486	
3	1315	1356	1355	
3	1487	1488	1489	
3	1355	1457	1454	
3	1490	1458	1457	
3	1356	1315	1314	
3	1355	1354	1490	
3	1491	1356	1314	
3	1491	1480	1356	
3	1492	1490	1354	
3	1459	1460	1493	
3	1473	1491	1494	
3	1494	1471	1473	
3	1457	1355	1490	
3	1458	1495	1462	
3	1323	1494	1491	
3	1473	1496	1480	
3	1497	1354	1496	
3	1458	1490	1488	
3	1490	1492	1488	
3	1460	1462	1493	
3	1494	1323	1316	
3	1498	1318	1470	
3	1499	1500	1501	
3	1443	1455	1460	
3	1458	1455	1442	
3	1459	1502	1503	
3	1462	1495	1504	
3	1504	1493	1462	
3	1459	1493	1502	
3	1323	1491	1314	
3	1318	1471	1494	
3	1461	1479	1314	
3	1461	1438	1485	
3	1505	1471	1318	
3	1506	1498	1507	
3	1508	1479	1485	
3	1323	1479	1322	
3	1318	1494	1316	
3	1471	1505	1301	
3	1479	1461	1485	
3	1322	1508	1469	
3	1317	1316	1322	
3	1498	1505	1318	
3	1507	1509	1506	
3	1510	1511	1512	
3	1486	1508	1485	
3	1513	1514	1515	
3	1515	1469	1516	
3	1514	1507	1498	
3	1473	1480	1491	
3	1354	1480	1496	
3	1351	1517	1352	
3	1497	1496	1518	
3	1458	1488	1495	
3	1504	1519	1502	
3	1520	1521	1522	
3	1483	1482	1438	
3	1485	1438	1482	
3	1523	1524	1511	
3	1489	1492	1524	
3	1518	1496	1525	
3	1495	1487	1500	
3	1526	1489	1524	
3	1495	1488	1487	
3	1495	1500	1504	
3	1519	1504	1500	
3	1527	1321	1484	
3	1528	1529	1530	
3	1531	1500	1487	
3	1487	1528	1531	
3	1532	1533	1534	
3	1532	1535	1536	
3	1499	1501	1533	
3	1487	1489	1528	
3	1533	1536	1499	
3	1438	1481	1483	
3	1486	1482	1321	
3	1343	1345	1483	
3	1537	1483	1345	
3	1486	1321	1320	
3	1538	1516	1469	
3	1321	1482	1484	
3	1508	1486	1320	
3	1537	1517	1539	
3	1540	1292	1293	
3	1541	1037	1542	
3	1321	1527	1319	
3	1540	1319	1527	
3	1319	1543	1538	
3	1469	1508	1320	
3	1508	1322	1479	
3	1319	1538	1320	
3	1540	1543	1319	
3	1540	1527	1544	
3	1280	1038	1292	
3	1353	1545	1544	
3	1541	1543	1540	
3	1546	1053	1280	
3	1544	1292	1540	
3	1547	1543	1541	
3	1548	1549	1542	
3	1353	1544	1527	
3	1544	1545	1292	
3	1541	1540	1293	
3	1538	1543	1547	
3	1539	1517	1353	
3	1101	1093	1036	
3	1297	1546	1545	
3	1292	1545	1280	
3	1281	1280	1550	
3	925	1551	1552	
3	1553	1281	1550	
3	1293	1037	1541	
3	1037	1293	1038	
3	1547	1542	1549	
3	1549	1516	1547	
3	1538	1469	1320	
3	1038	1281	1039	
3	1554	1555	1556	
3	1541	1542	1547	
3	1515	1514	1470	
3	1557	1037	1558	
3	1555	998	1559	
3	1547	1516	1538	
3	1515	1516	1513	
3	1560	1514	1513	
3	1469	1515	1470	
3	1513	1516	1549	
3	1561	1562	1563	
3	1507	1514	1509	
3	1498	1470	1514	
3	1506	1509	1564	
3	1498	1311	1299	
3	1560	1513	1565	
3	1566	1567	1568	
3	1569	1570	1564	
3	1571	1572	1573	
3	880	1077	925	
3	1574	1575	1100	
3	1280	1053	1550	
3	1281	1553	1039	
3	1053	1014	1550	
3	1550	1014	1552	
3	1295	1576	1551	
3	1557	1558	1577	
3	1246	1252	1247	
3	1578	1206	1198	
3	705	782	754	
3	782	1160	754	
3	279	782	705	
3	1160	782	674	
3	659	1160	674	
3	754	1160	755	
3	1227	1241	1218	
3	1226	1239	1263	
3	1218	1342	1227	
3	1225	1227	1342	
3	1023	1075	1004	
3	1125	1075	1074	
3	1171	1074	1069	
3	1125	1248	1126	
3	974	1144	1140	
3	1144	1142	1143	
3	1257	1126	1248	
3	1073	965	1126	
3	1256	1258	1579	
3	1325	1326	1150	
3	1258	1257	1248	
3	1328	1257	1256	
3	1580	1258	1170	
3	1580	1581	1258	
3	1326	1328	1256	
3	1126	1328	1073	
3	1258	1581	1579	
3	1327	1326	1330	
3	1248	1125	1171	
3	1580	1170	970	
3	1074	1171	1125	
3	970	1171	1069	
3	970	972	1580	
3	972	1582	1580	
3	1260	1583	1196	
3	1256	1329	1326	
3	1584	1579	1581	
3	1256	1579	1329	
3	1585	1584	1586	
3	1310	1587	1284	
3	1584	1329	1579	
3	1330	1329	1588	
3	1586	1584	1581	
3	1329	1584	1588	
3	1589	1590	1591	
3	1308	1309	1283	
3	1581	1580	1582	
3	1592	1593	1594	
3	1116	1089	1022	
3	1086	1089	1026	
3	1234	1106	1117	
3	1595	1596	1135	
3	1143	1024	1049	
3	1195	1143	1142	
3	1043	1195	1142	
3	1195	1113	1196	
3	1145	1113	1112	
3	1111	1110	1196	
3	1141	1122	1112	
3	1196	1145	1260	
3	1597	1598	1599	
3	1600	1601	1602	
3	1122	1141	1123	
3	1603	1259	1121	
3	947	949	1087	
3	947	1087	1107	
3	1604	1605	1606	
3	1607	1608	1609	
3	843	978	1124	
3	1234	1117	1235	
3	843	842	1610	
3	1234	1233	1151	
3	1611	1612	1613	
3	1151	1107	1234	
3	1107	1152	947	
3	1106	1234	1107	
3	1614	1151	1615	
3	1595	1135	1616	
3	947	1152	1616	
3	1087	949	1086	
3	1613	1612	1595	
3	1599	1598	1123	
3	947	1616	948	
3	1245	1071	1086	
3	1613	1595	1616	
3	1616	1135	948	
3	1613	1617	1611	
3	1618	1619	1620	
3	948	1135	1134	
3	1123	1141	1245	
3	1613	1616	1152	
3	1621	1622	1611	
3	1151	1617	1152	
3	1613	1152	1617	
3	1623	1621	1619	
3	1624	1625	1604	
3	1233	1120	1615	
3	1614	1611	1617	
3	1626	1623	1618	
3	1627	1628	1629	
3	1619	1630	1620	
3	1631	1632	1633	
3	1133	1596	1634	
3	1121	1598	1635	
3	949	948	1599	
3	948	1134	1597	
3	1621	1614	1636	
3	1637	1638	1639	
3	1151	1614	1617	
3	1636	1619	1621	
3	1640	1249	1630	
3	1133	1135	1596	
3	1606	1597	1641	
3	949	1599	1245	
3	1123	1245	1599	
3	1598	1606	1635	
3	1121	1123	1598	
3	1622	1642	1611	
3	1643	1644	1626	
3	1627	1645	1646	
3	1647	1648	1649	
3	1621	1623	1622	
3	1134	1133	1624	
3	1634	1638	1650	
3	1596	1612	1651	
3	1638	1634	1639	
3	1642	1652	1651	
3	1640	1630	1619	
3	1623	1626	1622	
3	1640	1120	1249	
3	1620	1630	1627	
3	1653	1654	1655	
3	1622	1656	1657	
3	1640	1619	1636	
3	1627	1630	1249	
3	1615	1640	1636	
3	1640	1615	1120	
3	1249	1120	1119	
3	1638	1637	1658	
3	1614	1615	1636	
3	1151	1233	1615	
3	1233	1235	1610	
3	1233	1118	1120	
3	1659	953	1115	
3	1627	1250	1645	
3	1660	1661	1662	
3	1627	1249	1250	
3	1663	1664	1665	
3	1625	1624	1634	
3	1618	1643	1626	
3	1666	1667	1668	
3	1620	1629	1618	
3	1642	1612	1611	
3	1612	1642	1651	
3	1652	1669	1639	
3	1650	1638	1670	
3	1596	1651	1639	
3	1671	1672	1673	
3	1674	1675	1676	
3	1652	1639	1651	
3	1677	1658	1637	
3	1618	1623	1619	
3	1634	1650	1625	
3	1642	1622	1652	
3	1677	1678	1679	
3	1586	1680	1681	
3	1601	1682	1683	
3	614	791	756	
3	717	814	791	
3	753	1264	814	
3	1224	1264	1219	
3	1185	1224	1219	
3	1224	814	1264	
3	1240	1264	753	
3	1164	1219	1264	
3	1176	1220	1179	
3	1251	1220	1178	
3	1251	1178	1223	
3	1147	1228	1251	
3	1684	1252	1253	
3	1221	1162	1161	
3	1159	1158	1239	
3	1264	1158	1164	
3	1386	1159	1239	
3	1159	1154	1184	
3	671	718	772	
3	719	718	656	
3	1172	1146	1173	
3	1147	1146	1228	
3	922	919	1147	
3	718	919	772	
3	1161	995	1042	
3	1221	1161	1222	
3	1221	1223	1252	
3	1162	1221	1246	
3	1685	1686	1129	
3	1128	1578	1247	
3	1253	1223	1178	
3	1252	1685	1247	
3	1177	1687	1178	
3	1688	1684	1687	
3	1128	1247	1685	
3	1199	1247	1578	
3	1162	1246	1199	
3	1252	1246	1221	
3	1685	1684	1686	
3	1689	1690	1691	
3	1129	1128	1685	
3	1578	1128	1127	
3	1187	1230	1232	
3	1692	1693	1694	
3	1206	1578	1127	
3	1578	1198	1199	
3	1695	1212	1129	
3	1204	1061	1206	
3	879	1136	1137	
3	1272	1279	1136	
3	909	835	844	
3	939	835	798	
3	940	939	824	
3	835	939	836	
3	824	795	940	
3	940	1267	1019	
3	1194	1019	1267	
3	1019	1194	1020	
3	795	794	1267	
3	794	1194	1267	
3	1020	1193	1696	
3	1697	1698	1699	
3	1115	955	845	
3	838	1268	839	
3	1269	838	951	
3	951	957	1269	
3	1269	957	1289	
3	1575	1700	1100	
3	925	1077	1551	
3	1701	1702	1703	
3	1568	1564	1566	
3	999	1298	1100	
3	997	999	1291	
3	1081	1139	1059	
3	1059	1190	1081	
3	1082	1190	1064	
3	1064	1704	1197	
3	1190	1082	1081	
3	1064	1197	1082	
3	1191	1705	1214	
3	1200	1217	1063	
3	1209	1215	1217	
3	1704	1064	1175	
3	1706	1175	1216	
3	1217	1175	1063	
3	1706	1704	1175	
3	800	715	712	
3	890	715	801	
3	1090	1092	1333	
3	1358	1092	1091	
3	1399	1404	1451	
3	1707	1708	1709	
3	1387	1391	1379	
3	1405	1391	1350	
3	1398	1408	1395	
3	1407	1413	1408	
3	1436	1452	1467	
3	1710	1409	1468	
3	1396	1404	1399	
3	1408	1404	1395	
3	1456	1413	1436	
3	1456	1375	1451	
3	1467	1456	1436	
3	1375	1456	1711	
3	1712	1410	1409	
3	1402	1403	1382	
3	1713	1452	1714	
3	1710	1468	1713	
3	1436	1421	1452	
3	1468	1467	1713	
3	1449	1450	1714	
3	1713	1467	1452	
3	1713	1714	1715	
3	1456	1468	1711	
3	1475	1463	1459	
3	1715	1521	1716	
3	1717	1718	1719	
3	1711	1468	1409	
3	1712	1409	1720	
3	1155	1154	1159	
3	1721	1712	1722	
3	1694	1723	1724	
3	1154	1153	1230	
3	1725	1380	1385	
3	1722	1712	1720	
3	1410	1712	1721	
3	1477	1466	1522	
3	1726	1727	1728	
3	1430	1433	1441	
3	1428	1433	1427	
3	1464	1420	1445	
3	1450	1432	1465	
3	1477	1450	1465	
3	1478	1714	1450	
3	1466	1444	1729	
3	1474	1729	1463	
3	1500	1499	1519	
3	1730	1720	1710	
3	1477	1465	1466	
3	1478	1477	1521	
3	1731	1520	1732	
3	1733	1475	1503	
3	1734	1732	1735	
3	1736	1466	1729	
3	1466	1736	1522	
3	1522	1521	1477	
3	1716	1521	1520	
3	1731	1737	1520	
3	1710	1713	1715	
3	1463	1729	1444	
3	1729	1474	1736	
3	1446	1463	1444	
3	1459	1503	1475	
3	1474	1738	1736	
3	1738	1739	1736	
3	1740	1741	1742	
3	1474	1463	1475	
3	1743	1744	1745	
3	1739	1735	1736	
3	1746	1474	1476	
3	1476	1733	1747	
3	1738	1746	1741	
3	1739	1738	1741	
3	1732	1522	1735	
3	1748	1745	1749	
3	1741	1750	1739	
3	1748	1743	1745	
3	1751	1535	1744	
3	1750	1740	1752	
3	1474	1746	1738	
3	1748	1749	1742	
3	1746	1742	1741	
3	1747	1742	1746	
3	1740	1742	1749	
3	1742	1747	1748	
3	1743	1748	1747	
3	1747	1733	1743	
3	1751	1744	1743	
3	1751	1743	1733	
3	1733	1503	1751	
3	1519	1499	1753	
3	1754	1755	1756	
3	1754	1757	1755	
3	1758	1756	1752	
3	1750	1756	1734	
3	1754	1756	1758	
3	1734	1756	1755	
3	1740	1750	1741	
3	1756	1750	1752	
3	1759	1760	1761	
3	1737	1716	1520	
3	1734	1755	1732	
3	1750	1734	1739	
3	1731	1732	1755	
3	1522	1732	1520	
3	1754	1758	1761	
3	1761	1760	1754	
3	1762	1763	1760	
3	1757	1731	1755	
3	1757	1764	1731	
3	1736	1735	1522	
3	1734	1735	1739	
3	1762	1760	1759	
3	1760	1763	1757	
3	1760	1757	1754	
3	1757	1765	1764	
3	1762	1766	1763	
3	1445	1444	1464	
3	1432	1464	1465	
3	1346	1096	1344	
3	1437	1343	1481	
3	1345	1344	802	
3	1343	1437	1344	
3	1437	1481	1440	
3	1483	1481	1343	
3	1469	1317	1322	
3	1318	1317	1470	
3	1492	1489	1488	
3	1528	1489	1526	
3	1492	1497	1524	
3	1524	1497	1511	
3	1354	1497	1492	
3	1518	1511	1497	
3	1518	1512	1511	
3	1523	1510	1767	
3	1525	1496	1473	
3	1518	1525	1512	
3	1473	1472	1525	
3	1768	1512	1769	
3	1524	1523	1526	
3	1770	1768	1771	
3	1772	1773	1774	
3	1768	1770	1510	
3	1767	1770	1775	
3	1771	1768	1571	
3	1776	1777	1778	
3	1767	1775	1779	
3	1534	1531	1530	
3	1768	1510	1512	
3	1774	1780	1770	
3	1769	1512	1525	
3	1768	1769	1571	
3	1781	1782	1783	
3	1779	1784	1767	
3	1525	1472	1769	
3	1571	1769	1472	
3	1472	1301	1572	
3	1571	1472	1572	
3	1568	1569	1564	
3	1573	1772	1571	
3	1472	1471	1301	
3	1573	1572	1300	
3	1299	1301	1505	
3	1300	1572	1301	
3	1570	1311	1506	
3	1774	1773	1785	
3	1498	1299	1505	
3	1300	1299	1311	
3	1501	1534	1533	
3	1500	1531	1501	
3	1503	1502	1753	
3	1535	1751	1536	
3	1753	1751	1503	
3	1499	1536	1753	
3	1751	1753	1536	
3	1532	1536	1533	
3	1534	1501	1531	
3	1529	1526	1523	
3	1530	1786	1787	
3	1530	1788	1534	
3	1517	1537	1345	
3	1484	1483	1537	
3	1517	1345	1352	
3	1353	1527	1539	
3	1345	804	1352	
3	804	1040	1352	
3	1093	1351	1040	
3	1353	1517	1351	
3	1353	1351	1101	
3	1093	1101	1351	
3	1527	1484	1539	
3	1537	1539	1484	
3	1546	1297	1094	
3	1353	1297	1545	
3	1053	1546	1094	
3	1545	1546	1280	
3	1789	1790	1556	
3	1791	1565	1548	
3	1564	1509	1566	
3	1513	1549	1565	
3	1556	1790	1577	
3	1792	1548	1789	
3	1790	1542	1557	
3	1298	998	1554	
3	1561	1563	1792	
3	1560	1566	1509	
3	1548	1565	1549	
3	1560	1565	1791	
3	1560	1791	1566	
3	1560	1509	1514	
3	1792	1563	1793	
3	1791	1793	1566	
3	1794	1795	1302	
3	1562	1796	1563	
3	1792	1793	1791	
3	1567	1793	1563	
3	1797	1798	1567	
3	1591	1569	1589	
3	1548	1792	1791	
3	1792	1789	1561	
3	1555	1561	1789	
3	1559	1799	1562	
3	1567	1566	1793	
3	1589	1569	1568	
3	1563	1796	1797	
3	1568	1567	1798	
3	1556	1555	1789	
3	1559	998	1303	
3	1800	1801	1802	
3	1795	1799	1303	
3	1798	1797	1803	
3	1804	1805	1806	
3	1807	1808	1802	
3	1809	1810	1811	
3	1790	1789	1548	
3	1554	1556	1577	
3	1548	1542	1790	
3	1557	1542	1037	
3	1812	1574	1298	
3	1555	1554	998	
3	1558	1037	1039	
3	1577	1790	1557	
3	1574	1039	1575	
3	1558	1574	1812	
3	1576	1039	1553	
3	1575	1576	1700	
3	1799	1559	1303	
3	1561	1555	1559	
3	1559	1562	1561	
3	1796	1562	1799	
3	1807	1802	1801	
3	1796	1808	1797	
3	1813	1814	1815	
3	1816	1817	1803	
3	1797	1808	1803	
3	1563	1797	1567	
3	1818	1819	1820	
3	1817	1821	1590	
3	1822	1823	1824	
3	1591	1590	1804	
3	1825	1826	1827	
3	1589	1798	1817	
3	1589	1568	1798	
3	1569	1591	1570	
3	1828	1808	1807	
3	1803	1817	1798	
3	1589	1817	1590	
3	1311	1570	1312	
3	1573	1826	1825	
3	1826	1300	1312	
3	1827	1829	1830	
3	1829	1312	1570	
3	1816	1831	1824	
3	1312	1827	1826	
3	1817	1824	1821	
3	1832	1590	1821	
3	1830	1829	1591	
3	1830	1833	1834	
3	1312	1829	1827	
3	1591	1829	1570	
3	1816	1803	1808	
3	1573	1300	1826	
3	1830	1834	1827	
3	1832	1804	1590	
3	1835	1806	1805	
3	1833	1806	1836	
3	1837	1776	1838	
3	1824	1817	1816	
3	1839	1832	1821	
3	1840	1841	1828	
3	1823	1821	1824	
3	1839	1805	1832	
3	1842	1839	1843	
3	1844	1845	1814	
3	1831	1822	1824	
3	1839	1821	1823	
3	1804	1832	1805	
3	1594	1822	1820	
3	1823	1843	1839	
3	1843	1823	1822	
3	1820	1822	1846	
3	1847	1848	1836	
3	1843	1594	1593	
3	1834	1849	1825	
3	1842	1805	1839	
3	1804	1830	1591	
3	1850	1809	1851	
3	1852	1592	1853	
3	1843	1593	1854	
3	1806	1833	1804	
3	1820	1846	1855	
3	1594	1820	1819	
3	1856	1857	1858	
3	1859	1860	1861	
3	1592	1594	1819	
3	1822	1594	1843	
3	1862	1863	1853	
3	1836	1806	1835	
3	1853	1592	1819	
3	1592	1852	1593	
3	1864	1865	1866	
3	1701	1867	1868	
3	1869	1870	1871	
3	1870	1854	1871	
3	1805	1842	1835	
3	1804	1833	1830	
3	1834	1848	1849	
3	1872	1835	1842	
3	1835	1872	1847	
3	1854	1872	1842	
3	1871	1854	1593	
3	1842	1843	1854	
3	1872	1873	1847	
3	1852	1874	1871	
3	1873	1872	1854	
3	1873	1875	1847	
3	1876	1877	1878	
3	1869	1874	1879	
3	1880	1870	1881	
3	1852	1871	1593	
3	1882	1881	1883	
3	1870	1873	1854	
3	1884	1885	1886	
3	1881	1870	1869	
3	1881	1879	1703	
3	1702	1887	1883	
3	893	1060	1098	
3	892	1198	1060	
3	1888	1889	1860	
3	1306	1305	1890	
3	1072	1141	1112	
3	1245	1141	1071	
3	948	1597	1599	
3	1641	1597	1134	
3	1605	1664	1663	
3	1121	1635	1603	
3	1612	1596	1595	
3	1611	1614	1621	
3	1891	1250	1119	
3	1891	1645	1250	
3	1892	1891	1119	
3	1893	1894	901	
3	1895	1896	1897	
3	1898	1899	1900	
3	1892	1119	1118	
3	1661	1896	1662	
3	1892	1662	1896	
3	842	1901	1662	
3	1639	1634	1596	
3	1898	1900	1645	
3	1386	1390	1155	
3	1237	1386	1239	
3	1380	1725	1902	
3	1155	1390	1902	
3	1903	1721	1904	
3	1902	1153	1155	
3	1380	1902	1390	
3	1902	1725	1153	
3	1237	1380	1390	
3	1380	1244	1385	
3	1231	1905	1906	
3	1187	1154	1230	
3	1403	1708	1707	
3	1709	1691	1385	
3	1182	1184	1154	
3	1157	1184	1183	
3	1163	1157	1183	
3	1157	1164	1158	
3	1907	1265	1908	
3	1907	1908	1688	
3	1061	1205	942	
3	1061	1098	1060	
3	1138	1137	1279	
3	1136	1279	1137	
3	1018	1909	1019	
3	1114	1910	1911	
3	1307	1289	957	
3	1276	1287	1274	
3	1890	1307	1912	
3	1306	1913	1304	
3	1308	1276	1289	
3	1283	1287	1276	
3	1912	1307	957	
3	1308	1307	1890	
3	961	1912	957	
3	1912	981	1306	
3	1309	1308	1890	
3	1308	1283	1276	
3	1306	1890	1912	
3	1283	1310	1284	
3	1864	1914	1858	
3	1915	1310	1309	
3	1305	1916	1915	
3	1284	1587	1302	
3	903	961	957	
3	573	961	571	
3	1912	961	981	
3	1306	981	1913	
3	1304	1917	1305	
3	1890	1305	1309	
3	1327	1918	1919	
3	1310	1915	1920	
3	573	1181	981	
3	1181	1921	981	
3	1921	1148	1865	
3	1921	1865	1913	
3	1078	880	1138	
3	1551	1077	1295	
3	1294	1078	1138	
3	1295	1077	1078	
3	1295	1700	1576	
3	1552	1551	1553	
3	1282	1294	1138	
3	1294	1286	1700	
3	1039	1576	1575	
3	1553	1551	1576	
3	1550	1552	1553	
3	925	1552	1014	
3	1209	1922	1923	
3	1216	1202	1706	
3	1383	1243	1242	
3	1243	1382	1707	
3	1242	888	1384	
3	1383	1400	1402	
3	888	1371	1384	
3	1384	1371	1393	
3	1376	1375	1711	
3	1451	1375	1374	
3	1399	1374	1403	
3	1403	1374	1708	
3	1383	1402	1382	
3	1399	1402	1400	
3	1376	1708	1374	
3	1905	1725	1691	
3	1714	1452	1449	
3	1715	1714	1478	
3	1521	1715	1478	
3	1715	1716	1710	
3	1730	1710	1716	
3	1710	1720	1409	
3	1409	1376	1711	
3	1376	1410	1924	
3	1733	1476	1475	
3	1746	1476	1747	
3	1723	1764	1724	
3	1730	1722	1720	
3	1764	1737	1731	
3	1730	1737	1723	
3	1925	1926	1927	
3	1693	1904	1722	
3	1686	1928	1129	
3	1929	1930	1931	
3	1932	1705	1191	
3	1933	1208	1705	
3	1510	1523	1511	
3	1523	1784	1529	
3	1528	1530	1531	
3	1532	1534	1788	
3	1529	1528	1526	
3	1786	1529	1784	
3	1780	1775	1770	
3	1786	1934	1787	
3	1784	1779	1786	
3	1778	1775	1780	
3	1778	1777	1779	
3	1935	1838	1778	
3	1779	1934	1786	
3	1786	1530	1529	
3	1788	1530	1787	
3	1298	1554	1812	
3	1039	1574	1558	
3	1554	1577	1812	
3	1558	1812	1577	
3	1294	1700	1295	
3	1100	1700	1286	
3	1099	1100	1286	
3	1100	1298	1574	
3	1859	1888	1860	
3	1936	1937	1938	
3	1848	1834	1833	
3	1825	1827	1834	
3	1939	1783	1940	
3	1837	1838	1785	
3	1878	1939	1848	
3	1940	1782	1825	
3	1849	1848	1939	
3	1878	1848	1847	
3	1941	1942	1943	
3	1836	1848	1833	
3	1835	1847	1836	
3	1870	1880	1886	
3	1877	1944	1945	
3	1946	1885	1947	
3	1886	1875	1873	
3	1874	1852	1948	
3	1949	1950	1951	
3	1883	1703	1702	
3	1881	1882	1880	
3	1703	1883	1881	
3	1879	1881	1869	
3	1703	1867	1701	
3	1869	1871	1874	
3	1867	1703	1879	
3	1868	1867	1951	
3	1702	1701	1952	
3	1948	1852	1853	
3	1879	1874	1953	
3	1867	1879	1953	
3	1954	1844	1955	
3	1953	1951	1867	
3	1874	1948	1953	
3	1952	1868	1956	
3	1955	1951	1954	
3	1844	1948	1853	
3	1957	1956	1958	
3	1868	1951	1950	
3	1952	1701	1868	
3	1845	1863	1959	
3	1845	1815	1814	
3	1951	1955	1949	
3	1958	1950	1960	
3	1863	1845	1844	
3	1955	1844	1814	
3	1961	1959	1863	
3	1815	1962	1963	
3	1964	1965	1813	
3	1951	1953	1954	
3	1863	1844	1853	
3	1962	1815	1845	
3	1862	1853	1819	
3	1863	1862	1961	
3	1966	1967	1968	
3	1969	1970	1971	
3	1819	1818	1862	
3	1961	1862	1818	
3	1972	1973	1974	
3	1975	1962	1959	
3	1962	1845	1959	
3	1813	1815	1963	
3	1975	1959	1961	
3	1962	1976	1977	
3	1978	1977	1979	
3	1980	1958	1960	
3	1981	1982	1983	
3	1962	1977	1963	
3	1973	1966	1984	
3	1888	1985	1968	
3	1965	1955	1814	
3	1986	1987	1988	
3	1953	1948	1954	
3	1844	1954	1948	
3	1918	1327	1330	
3	1150	1327	1919	
3	1918	1989	1866	
3	1990	1913	1865	
3	1148	1150	1919	
3	1150	1149	1325	
3	1148	1919	1865	
3	1148	1181	1180	
3	1918	1866	1919	
3	1919	1866	1865	
3	1324	1325	1149	
3	1326	1325	1073	
3	1108	1324	1149	
3	977	1073	1324	
3	981	1921	1913	
3	1148	1921	1181	
3	1889	1989	1918	
3	1990	1304	1913	
3	1914	1864	1989	
3	1990	1857	1917	
3	1967	1991	1889	
3	1992	1993	1920	
3	1918	1860	1889	
3	1989	1972	1914	
3	1967	1889	1888	
3	1972	1989	1889	
3	1974	1973	1994	
3	1974	1856	1914	
3	1918	1330	1860	
3	1861	1860	1330	
3	1588	1585	1859	
3	1585	1995	1996	
3	1585	1996	1859	
3	1997	1998	1999	
3	1584	1585	1588	
3	1586	1995	1585	
3	1608	2000	1582	
3	2001	2002	2003	
3	1995	1938	1996	
3	1859	1996	1985	
3	1968	1967	1888	
3	1991	1967	1966	
3	1985	1938	1968	
3	1938	1937	2004	
3	1966	2005	1999	
3	1889	1991	1972	
3	1981	2006	1961	
3	1972	1991	1973	
3	1966	1973	1991	
3	1984	1994	1973	
3	2006	2007	1976	
3	1855	1841	1982	
3	1856	1974	2008	
3	1914	1972	1974	
3	1809	2009	1851	
3	1992	1916	1857	
3	2001	2010	2011	
3	1976	2012	1998	
3	1598	1597	1606	
3	1603	1635	1605	
3	1604	1606	1641	
3	1605	1635	1606	
3	1605	1663	1683	
3	1603	2013	1259	
3	1624	1604	1641	
3	2014	2015	2016	
3	1664	1605	1604	
3	1665	1602	1663	
3	1625	2017	1604	
3	1665	2018	2019	
3	2018	1665	1664	
3	2020	2021	2002	
3	1604	2017	1664	
3	1602	1665	2019	
3	1650	2015	1625	
3	2018	1625	2015	
3	2022	2001	2019	
3	1581	1582	1680	
3	1662	1892	1118	
3	1891	1892	1896	
3	1118	842	1662	
3	1659	1911	900	
3	1610	842	1118	
3	1051	900	841	
3	2023	2024	1020	
3	1698	1894	1699	
3	1231	1153	1905	
3	1230	1153	1231	
3	1693	1722	1694	
3	2025	2026	2027	
3	1905	1153	1725	
3	2028	1232	1906	
3	1725	1385	1691	
3	2029	2030	1903	
3	2031	2032	2033	
3	2034	1695	1129	
3	1906	1232	1231	
3	1187	1232	2025	
3	1685	1252	1684	
3	1928	1686	1688	
3	1687	1684	1253	
3	1688	1686	1684	
3	1908	1928	1688	
3	1212	2035	2036	
3	1178	1687	1253	
3	1687	1177	1907	
3	2037	2038	2039	
3	2039	1728	2035	
3	1928	2037	2034	
3	2040	2041	2042	
3	1909	836	1019	
3	845	834	2043	
3	2043	834	1909	
3	836	1909	834	
3	2043	1114	845	
3	844	845	955	
3	1910	2044	1893	
3	2043	1909	1018	
3	2043	1910	1114	
3	900	1050	1659	
3	1659	1115	1911	
3	989	1115	953	
3	1910	2043	1018	
3	1115	1114	1911	
3	1020	2024	1018	
3	1910	1018	2024	
3	900	1911	1893	
3	953	1659	1050	
3	2045	1697	2046	
3	1893	1911	1910	
3	2047	1645	1891	
3	2023	1696	2046	
3	1910	2024	2044	
3	2046	1697	1699	
3	2023	1020	1696	
3	1699	2044	2024	
3	1699	2024	2023	
3	2044	1894	1893	
3	1193	1020	1194	
3	2048	2049	1897	
3	1894	2044	1699	
3	1893	901	900	
3	1698	2050	2051	
3	2052	2053	2054	
3	2055	2045	2046	
3	2048	2051	2049	
3	1894	1698	2051	
3	2056	1660	1901	
3	2023	2046	1699	
3	2049	2051	2050	
3	2050	1698	1697	
3	2056	2051	2048	
3	1894	2051	901	
3	1897	2057	2058	
3	2050	2053	2049	
3	1697	2054	2050	
3	2047	2059	2060	
3	2057	2049	2053	
3	1891	1896	1895	
3	2057	1897	2049	
3	1891	1895	2047	
3	1895	1897	2058	
3	2047	1895	2059	
3	2061	2062	2057	
3	1898	2047	2060	
3	2063	2060	2064	
3	2065	2066	2064	
3	1920	1587	1310	
3	1809	1811	2067	
3	1302	1587	1794	
3	1794	1587	2067	
3	2067	1587	1993	
3	1795	1794	1811	
3	1809	2067	1993	
3	1811	1794	2067	
3	1795	1811	1800	
3	1302	1795	1303	
3	1993	1992	2009	
3	1850	1840	1810	
3	1305	1915	1309	
3	1920	1915	1916	
3	1992	1920	1916	
3	1587	1920	1993	
3	1916	1917	1857	
3	1993	2009	1809	
3	1858	1857	1990	
3	1856	2068	2069	
3	2069	1992	1857	
3	2068	2070	2071	
3	1851	2009	2068	
3	2072	2007	2006	
3	2009	2069	2068	
3	2073	2074	1851	
3	2070	2068	1856	
3	2073	1851	2068	
3	2073	1983	1982	
3	1841	1850	2074	
3	2075	1922	1208	
3	1201	1203	2076	
3	1203	1202	1215	
3	1217	1216	1175	
3	1202	1216	1215	
3	1243	1707	1385	
3	1403	1707	1382	
3	1724	1764	1765	
3	1737	1764	1723	
3	1765	2077	1724	
3	2078	1724	2077	
3	1763	2077	1765	
3	1694	1722	1723	
3	1927	2079	2080	
3	1724	2078	1694	
3	1757	1763	1765	
3	1927	2081	2079	
3	1762	1759	2079	
3	2081	1766	1762	
3	1904	1721	1722	
3	2082	2083	2084	
3	1766	2085	2077	
3	1926	1925	2083	
3	2086	2087	1692	
3	1925	1927	2080	
3	2081	1927	1926	
3	2088	2086	1692	
3	2078	2077	2085	
3	1766	2081	1926	
3	2079	2081	1762	
3	1766	1926	2085	
3	1766	2077	1763	
3	2088	2085	2089	
3	1693	1692	2087	
3	1692	1694	2078	
3	1693	2087	1904	
3	2085	2088	2078	
3	1692	2078	2088	
3	2090	1904	2087	
3	2090	1903	1904	
3	2089	2083	2082	
3	2091	2092	2093	
3	2089	2085	2083	
3	2086	2094	2095	
3	2084	1925	2096	
3	2097	2098	2099	
3	1925	2080	2096	
3	2095	2090	2087	
3	2094	2032	2031	
3	2100	2101	2096	
3	2102	2103	2104	
3	1903	2105	2106	
3	1410	1721	2030	
3	2095	2087	2086	
3	1903	2090	2105	
3	2094	2086	2107	
3	2090	2095	2031	
3	2108	2109	2110	
3	2111	2112	2113	
3	2088	2089	2086	
3	2094	2114	2032	
3	2115	2116	2082	
3	2114	2094	2107	
3	2117	2113	2118	
3	1726	2119	2041	
3	2120	2121	2122	
3	1204	2123	1205	
3	1214	1217	1200	
3	1208	1210	1705	
3	1705	1210	1214	
3	1217	1214	1210	
3	1929	1933	1932	
3	2124	2125	2126	
3	1192	1191	1200	
3	1191	943	1932	
3	943	1211	1932	
3	1932	1211	1929	
3	1208	1933	2127	
3	2128	2129	2130	
3	2121	2120	1930	
3	1208	2127	2075	
3	1932	1933	1705	
3	2131	2127	1933	
3	2121	1930	1929	
3	1933	1929	1931	
3	1931	2110	2132	
3	2122	2111	2133	
3	2120	2134	2108	
3	2131	1933	1931	
3	2135	2131	2136	
3	2131	1931	2132	
3	2093	2137	2138	
3	1930	2108	2110	
3	2139	2140	2141	
3	2138	2102	2142	
3	2143	2144	2145	
3	2138	2146	2102	
3	2135	2127	2131	
3	2121	1929	1211	
3	1930	2120	2108	
3	1211	2123	2121	
3	2121	2123	2122	
3	2120	2133	2134	
3	2140	2134	2141	
3	1205	2123	1211	
3	2123	2147	2122	
3	2147	2148	2122	
3	2149	2112	2111	
3	2141	2150	2151	
3	2120	2122	2133	
3	2122	2148	2111	
3	2133	2150	2134	
3	2036	2118	2112	
3	2150	2133	2111	
3	2152	2151	2150	
3	2153	2140	2139	
3	2118	2036	1728	
3	2111	2113	2150	
3	2036	2112	2149	
3	2112	2118	2113	
3	1212	2036	2149	
3	2036	2035	1728	
3	2117	2118	1727	
3	2154	2114	2155	
3	1213	1212	2149	
3	1212	1127	1129	
3	1695	2034	2035	
3	2039	2119	1728	
3	2038	1908	1186	
3	2038	2026	2039	
3	2025	2028	2156	
3	2157	2158	2117	
3	2159	2160	2161	
3	2150	2113	2152	
3	2148	1213	2149	
3	1213	2147	1204	
3	2157	2162	2158	
3	2117	2163	2152	
3	2117	2152	2113	
3	2151	2152	2160	
3	2164	2151	2160	
3	2165	2108	2134	
3	2160	2152	2166	
3	2141	2151	2164	
3	2154	2032	2114	
3	2160	2166	2161	
3	2167	1718	2168	
3	2164	2160	2159	
3	2168	2159	2161	
3	2103	2139	2164	
3	2164	2139	2141	
3	2150	2141	2134	
3	2103	2164	2159	
3	2138	2137	2169	
3	2165	2109	2108	
3	2134	2140	2165	
3	2153	2139	2146	
3	2130	2170	2128	
3	2161	2171	2168	
3	2172	2102	2104	
3	2104	2159	2168	
3	2159	2104	2103	
3	2155	2171	2173	
3	2168	1718	2104	
3	2107	2174	2114	
3	2107	2082	2116	
3	2175	2104	1718	
3	2103	2102	2139	
3	2176	2177	2142	
3	2104	2175	2172	
3	2178	2179	2092	
3	2172	2142	2102	
3	2129	2097	2180	
3	2167	2155	2174	
3	1717	2129	2128	
3	2181	2182	2167	
3	2175	1717	2183	
3	2142	2091	2138	
3	2176	2142	2172	
3	2175	2183	2172	
3	2184	2178	2177	
3	2185	2092	2179	
3	2186	2169	2187	
3	2177	2091	2142	
3	2093	2092	2185	
3	2177	2092	2091	
3	2144	2143	2188	
3	2136	2189	2190	
3	2137	2093	2191	
3	2138	2091	2093	
3	2137	2191	2187	
3	2187	2169	2137	
3	2143	2187	2191	
3	2188	2143	2185	
3	2186	2187	2125	
3	2145	2192	2193	
3	2125	2187	2143	
3	2190	2194	2136	
3	2189	2195	2186	
3	2185	2143	2191	
3	1363	2196	2197	
3	2198	2075	2199	
3	2093	2185	2191	
3	2179	2188	2185	
3	2196	2200	2197	
3	2201	2124	2126	
3	2202	2192	2203	
3	2126	2143	2145	
3	2192	2145	2144	
3	2126	2145	2193	
3	2126	2193	2201	
3	2143	2126	2125	
3	2196	2204	2205	
3	2201	2206	2207	
3	2190	2124	2194	
3	1523	1767	1784	
3	1770	1767	1510	
3	1774	1770	1771	
3	1778	1780	1935	
3	1875	1876	1847	
3	1877	1876	1946	
3	1875	1946	1876	
3	1887	1882	1883	
3	1884	1882	2208	
3	1887	2208	1882	
3	1880	1882	1884	
3	1870	1886	1873	
3	1886	1880	1884	
3	2208	1947	1885	
3	1950	1956	1868	
3	2209	1960	1950	
3	2210	2211	2212	
3	1961	1818	1981	
3	1962	1975	1976	
3	2070	2213	2071	
3	1976	1975	2006	
3	1961	2006	1975	
3	2008	2213	2070	
3	1994	2007	2213	
3	2007	1994	2012	
3	1995	2214	1936	
3	2215	2216	2217	
3	1865	1864	1990	
3	1989	1864	1866	
3	1330	1588	1861	
3	1859	1861	1588	
3	1859	1985	1888	
3	1938	1985	1996	
3	2005	1968	2004	
3	1997	2218	2219	
3	2014	2018	2015	
3	1995	1936	1938	
3	1625	2018	2017	
3	1664	2017	2018	
3	1670	2220	1650	
3	1650	2220	2015	
3	2221	2016	2222	
3	2022	2018	2014	
3	2014	2016	2223	
3	2002	2001	2022	
3	2016	2015	2220	
3	2022	2014	2223	
3	2224	1670	1654	
3	2220	2224	2016	
3	2022	2223	2002	
3	2018	2022	2019	
3	1654	2225	2226	
3	2020	2002	2223	
3	2016	2221	2223	
3	2222	2227	2221	
3	2228	2229	2227	
3	2223	2221	2020	
3	2002	2230	2003	
3	2019	2001	2011	
3	2231	2232	2233	
3	2234	2230	2021	
3	2235	2221	2227	
3	2235	2020	2221	
3	2214	2236	2010	
3	2019	2011	1602	
3	2003	2010	2001	
3	2237	2214	2003	
3	2238	1586	1681	
3	2010	2239	2011	
3	2226	2228	2227	
3	2227	2229	2235	
3	2228	1666	2229	
3	2232	2240	2234	
3	2214	2237	1936	
3	2238	2214	1995	
3	2226	2225	1667	
3	2241	2242	1668	
3	2243	2244	2245	
3	2235	2244	2021	
3	2235	2021	2020	
3	2234	2021	2243	
3	2240	2246	1937	
3	1968	1938	2004	
3	2226	2227	2222	
3	2247	2248	2249	
3	1654	2222	2224	
3	2226	2222	1654	
3	2250	1667	2225	
3	2242	2241	2251	
3	1658	1655	1670	
3	1670	1655	1654	
3	2252	2225	1653	
3	2240	2232	2231	
3	2237	2003	2230	
3	2240	1937	1936	
3	2005	2218	1997	
3	2016	2224	2222	
3	1670	2224	2220	
3	1671	1658	2253	
3	2228	2226	1667	
3	2021	2230	2002	
3	2237	2230	2234	
3	2240	1936	2237	
3	1937	2246	2004	
3	2237	2234	2240	
3	2232	2234	2243	
3	2218	2004	2246	
3	1968	2005	1966	
3	1670	1638	1658	
3	1653	1655	1671	
3	1677	1637	1669	
3	1671	1655	1658	
3	1672	1671	2254	
3	1654	1653	2225	
3	1678	1652	1657	
3	1653	1671	1673	
3	2250	2255	1667	
3	1671	2253	2254	
3	1668	2256	2257	
3	2252	1653	1673	
3	2225	2252	2250	
3	2252	1673	2248	
3	1673	1672	2258	
3	2255	1668	1667	
3	2252	2247	2250	
3	2259	2260	2247	
3	2245	2232	2243	
3	2240	2231	2246	
3	2261	2218	2246	
3	2218	2261	2219	
3	2218	2005	2004	
3	1999	2005	1997	
3	1658	1677	2253	
3	1677	2262	2254	
3	1669	1678	1677	
3	2263	2264	2258	
3	1677	2254	2253	
3	2254	2262	1672	
3	2265	1672	2262	
3	1672	2265	2258	
3	2262	1679	2266	
3	2267	2268	2269	
3	2265	2270	2263	
3	2252	2248	2247	
3	2255	2250	2260	
3	2271	2272	2273	
3	2274	2229	2275	
3	1970	2245	2276	
3	2232	2245	2233	
3	2277	2219	2261	
3	2246	2231	2261	
3	2278	2233	2215	
3	2279	2280	2281	
3	2258	2264	2248	
3	1673	2258	2248	
3	2265	2263	2258	
3	2282	2283	2284	
3	2248	2264	2249	
3	2264	2285	2249	
3	2282	2256	2260	
3	2264	2267	2285	
3	2267	1648	2285	
3	2249	2259	2247	
3	2264	2263	2267	
3	2260	2250	2247	
3	1668	2255	2256	
3	2281	2280	2284	
3	2256	2255	2260	
3	2286	2256	2282	
3	1668	2242	1666	
3	2286	2282	2284	
3	2287	2288	2257	
3	2288	2251	2241	
3	1988	1987	2289	
3	2275	2229	1666	
3	2251	2290	2289	
3	2242	2251	2275	
3	2245	2244	2276	
3	2245	1969	2233	
3	2219	1978	1979	
3	2277	1978	2219	
3	2268	2263	2270	
3	2263	2268	2267	
3	1679	2291	2266	
3	2292	2293	2269	
3	2294	2295	2296	
3	2292	2268	2297	
3	2294	2298	2299	
3	2259	2283	2282	
3	2259	2249	2285	
3	1648	2269	2300	
3	2279	2301	1647	
3	2301	2283	2259	
3	2293	2300	2269	
3	2285	1647	2259	
3	2301	2259	1647	
3	1988	2290	2272	
3	2302	2217	2303	
3	2304	2251	2289	
3	1987	1970	2304	
3	2274	2235	2229	
3	2251	2304	2275	
3	1971	2305	2306	
3	2278	2231	2233	
3	2292	2307	2293	
3	2292	2269	2268	
3	2292	2297	2308	
3	2296	2293	2307	
3	2293	2309	2300	
3	2291	2310	2270	
3	2298	2294	2311	
3	2269	1648	2267	
3	1649	1648	2312	
3	1988	2289	2290	
3	2289	1987	2304	
3	2313	2314	2315	
3	2316	2211	1964	
3	1987	1971	1970	
3	2274	2304	2276	
3	2245	1970	1969	
3	2276	2304	1970	
3	1987	1986	1971	
3	2306	2233	1969	
3	2317	2313	2315	
3	2305	2303	2216	
3	1986	2305	1971	
3	2306	2305	2216	
3	2318	1960	2209	
3	2319	2320	2321	
3	1986	2322	2305	
3	2323	2303	2322	
3	2324	1986	1988	
3	2272	2271	2325	
3	2326	2323	2314	
3	2302	2303	2327	
3	2322	2303	2305	
3	2316	2302	2211	
3	2304	2274	2275	
3	2274	2276	2244	
3	2292	2308	2307	
3	2309	2293	2328	
3	2309	2312	2300	
3	1648	2300	2312	
3	2316	1676	1675	
3	2217	2216	2303	
3	2311	2307	2329	
3	2328	2296	2330	
3	2211	2302	2327	
3	2302	2316	2217	
3	2331	2212	2332	
3	2318	2333	1980	
3	2316	1675	2217	
3	2215	2233	2306	
3	2334	2335	2298	
3	2293	2296	2328	
3	2296	2307	2311	
3	2316	1964	1676	
3	2277	2217	1675	
3	1963	1674	1813	
3	1813	1674	1676	
3	2217	2277	2215	
3	2278	2277	2261	
3	2277	2278	2215	
3	2261	2231	2278	
3	2298	2311	2329	
3	2296	2311	2294	
3	1628	2336	2337	
3	2338	1900	2339	
3	1233	1610	1118	
3	843	1610	1235	
3	1117	843	1235	
3	841	843	1124	
3	1924	1691	1709	
3	1689	2340	2029	
3	1687	1907	1688	
3	1177	1156	1265	
3	793	1194	794	
3	2341	1696	2342	
3	829	792	794	
3	2343	2342	1696	
3	2343	1696	1193	
3	2343	793	2344	
3	792	829	1165	
3	2343	2344	2345	
3	2343	2345	2342	
3	1193	793	2343	
3	1165	2344	792	
3	793	792	2344	
3	1901	842	841	
3	2056	1901	899	
3	1051	841	1124	
3	841	900	899	
3	1051	1124	1066	
3	900	1051	1050	
3	1696	2341	2046	
3	2054	2045	2346	
3	2046	2341	2055	
3	2053	2052	2347	
3	2050	2054	2053	
3	2054	2346	2052	
3	2346	2045	2055	
3	2054	1697	2045	
3	2348	2349	2338	
3	1628	2350	2336	
3	2351	2062	2352	
3	2057	2059	2058	
3	1895	2058	2059	
3	2064	2060	2059	
3	2060	2063	1898	
3	2062	2064	2059	
3	2353	2354	2066	
3	2059	2057	2062	
3	2057	2053	2061	
3	2353	2066	2065	
3	1632	2355	1633	
3	1644	2356	2357	
3	2065	2062	2351	
3	2064	2066	2063	
3	2062	2065	2064	
3	2353	2065	2351	
3	2063	2066	1899	
3	2354	1899	2066	
3	1645	1900	1646	
3	1898	1645	2047	
3	1899	1898	2063	
3	2338	1646	1900	
3	1629	1628	2337	
3	2358	2359	2360	
3	2361	2362	2348	
3	2363	2364	2365	
3	1627	1646	1628	
3	1646	2338	2350	
3	2339	1900	1899	
3	2349	2336	2350	
3	1629	2337	1643	
3	1627	1629	1620	
3	2366	2367	2368	
3	2337	2336	2369	
3	2361	2339	2359	
3	2348	2362	2370	
3	2360	2359	2354	
3	2339	2361	2348	
3	2360	2371	2358	
3	2339	2348	2338	
3	2362	2361	2372	
3	2373	2374	2375	
3	2299	2376	2377	
3	2339	1899	2359	
3	2354	2359	1899	
3	1305	1917	1916	
3	1990	1917	1304	
3	1864	1858	1990	
3	1856	1858	1914	
3	1992	2069	2009	
3	1856	2069	1857	
3	1856	2008	2070	
3	1994	2213	2008	
3	2007	2072	2213	
3	2072	1983	2071	
3	1923	1215	1209	
3	2076	2378	2379	
3	2378	1923	1922	
3	1215	1923	1203	
3	2379	2378	1363	
3	1208	1922	1209	
3	1203	1923	2378	
3	2198	1364	1922	
3	2198	2206	1364	
3	2378	2076	1203	
3	2031	2033	2105	
3	2380	1905	1690	
3	1721	1903	2030	
3	2106	2029	1903	
3	1690	1905	1691	
3	1689	2029	1690	
3	2082	2107	2089	
3	2086	2089	2107	
3	2101	2098	2115	
3	2381	2382	2098	
3	2090	2031	2105	
3	2094	2031	2095	
3	1204	1206	1207	
3	2123	1204	2147	
3	2110	2109	2132	
3	1930	2110	1931	
3	2189	2132	2109	
3	2136	2194	2135	
3	2195	2189	2109	
3	2189	2186	2190	
3	2131	2132	2136	
3	2189	2136	2132	
3	2109	2153	2195	
3	2153	2138	2169	
3	2186	2125	2190	
3	2124	2190	2125	
3	2199	2135	2194	
3	2075	2135	2199	
3	2186	2195	2169	
3	2153	2169	2195	
3	2207	2194	2124	
3	1364	2206	1362	
3	2075	2198	1922	
3	2127	2135	2075	
3	1362	2206	2204	
3	2379	1363	2197	
3	1213	2148	2147	
3	2111	2148	2149	
3	2034	1129	1928	
3	2035	1212	1695	
3	2037	1928	1908	
3	2039	2035	2034	
3	2038	2037	1908	
3	2039	2034	2037	
3	2027	2038	1186	
3	2038	2027	2026	
3	2156	2026	2025	
3	1728	2119	1726	
3	2042	2028	1906	
3	2383	2384	2042	
3	2039	2026	2119	
3	2119	2026	2156	
3	2025	1232	2028	
3	2119	2156	2041	
3	1906	2380	2042	
3	2041	2156	2028	
3	2106	2384	2383	
3	2041	2028	2042	
3	2385	2384	2033	
3	2042	2384	2040	
3	1212	1207	1127	
3	1204	1207	1213	
3	1728	1727	2118	
3	2157	1727	1726	
3	2386	2173	2171	
3	2158	2387	2163	
3	2116	2174	2107	
3	2181	2174	2382	
3	2140	2153	2165	
3	2109	2165	2153	
3	1718	1717	2175	
3	2129	1717	1719	
3	2180	2097	2099	
3	2129	2180	2130	
3	2381	2097	1719	
3	2381	2098	2097	
3	2129	1719	2097	
3	2170	2130	2184	
3	2176	2183	2170	
3	2115	2098	2382	
3	2100	2099	2098	
3	2184	2176	2170	
3	2183	2176	2172	
3	1717	2128	2183	
3	2170	2183	2128	
3	2102	2146	2139	
3	2138	2153	2146	
3	2184	2177	2176	
3	2092	2177	2178	
3	1847	1876	1878	
3	1946	1947	2388	
3	1877	1946	2388	
3	1946	1875	1885	
3	1944	1877	2388	
3	1878	1877	1939	
3	1886	1885	1875	
3	2208	1885	1884	
3	1958	1956	1950	
3	1952	1956	1957	
3	2209	1950	1949	
3	2209	1949	2210	
3	1980	1960	2318	
3	1964	2210	1965	
3	1965	2210	1949	
3	2212	2209	2210	
3	2211	2332	2212	
3	1955	1965	1949	
3	1814	1813	1965	
3	1964	1813	1676	
3	2211	2210	1964	
3	2332	2211	2327	
3	2209	2212	2318	
3	1802	1808	1796	
3	2332	2313	2331	
3	1981	1818	1982	
3	2006	1981	2072	
3	1855	1982	1818	
3	2074	1982	1841	
3	2071	1983	2073	
3	1981	1983	2072	
3	2068	2071	2073	
3	2072	2071	2213	
3	1820	1855	1818	
3	1855	1846	1841	
3	1846	1831	1841	
3	1841	1831	1828	
3	1851	2074	1850	
3	2073	1982	2074	
3	1831	1846	1822	
3	1828	1831	1816	
3	1808	1828	1816	
3	1828	1807	1840	
3	1994	2008	1974	
3	2012	1994	1984	
3	1999	2012	1984	
3	1976	2007	2012	
3	1966	1999	1984	
3	2219	1979	1997	
3	1976	1998	1977	
3	2012	1999	1998	
3	1977	1998	1979	
3	1997	1979	1998	
3	2277	1675	1674	
3	1963	1977	1978	
3	2214	2010	2003	
3	2010	2236	2239	
3	1639	1669	1637	
3	1678	1669	1652	
3	1666	2242	2275	
3	2228	1667	1666	
3	2389	1656	1626	
3	2390	2391	2392	
3	2259	2282	2260	
3	2256	2286	2257	
3	2393	2394	2286	
3	2272	2290	2395	
3	2332	2327	2326	
3	1971	2306	1969	
3	2215	2306	2216	
3	2396	2334	2329	
3	2369	2397	2337	
3	2335	2334	2398	
3	2399	2400	2401	
3	1707	1709	1385	
3	1924	1709	1708	
3	1376	1924	1708	
3	1410	2030	2340	
3	1691	1924	1689	
3	1924	1410	2340	
3	2383	2380	2029	
3	1690	2029	2380	
3	2029	2340	2030	
3	1924	2340	1689	
3	1660	2048	1661	
3	1662	1901	1660	
3	2048	1897	1661	
3	1897	1896	1661	
3	2056	899	901	
3	841	899	1901	
3	2051	2056	901	
3	1660	2056	2048	
3	2053	2347	2061	
3	2352	2061	2347	
3	2061	2352	2062	
3	1646	2350	1628	
3	2349	2350	2338	
3	2368	2364	2366	
3	2398	2356	2363	
3	2362	2372	2402	
3	2359	2358	2361	
3	1364	1363	2378	
3	2196	1363	1362	
3	2201	2205	2204	
3	2203	2403	2404	
3	2106	2105	2033	
3	2029	2106	2383	
3	2115	2082	2084	
3	2174	2116	2382	
3	1922	1364	2378	
3	2206	2198	2199	
3	2207	2206	2199	
3	2204	2206	2201	
3	2194	2207	2199	
3	2201	2207	2124	
3	2205	2201	2193	
3	2196	1362	2204	
3	2193	2202	2205	
3	2162	2040	2385	
3	2387	2173	2386	
3	2385	2033	2032	
3	2106	2033	2384	
3	2154	2385	2032	
3	2385	2173	2405	
3	2385	2040	2384	
3	2157	2040	2162	
3	2114	2174	2155	
3	2385	2154	2173	
3	2171	2155	2167	
3	2173	2154	2155	
3	2168	2171	2167	
3	2171	2161	2386	
3	2161	2166	2386	
3	2387	2386	2166	
3	2163	2387	2166	
3	2405	2162	2385	
3	2152	2163	2166	
3	2158	2163	2117	
3	2117	1727	2157	
3	2162	2387	2158	
3	1726	2041	2157	
3	2040	2157	2041	
3	2173	2387	2405	
3	2162	2405	2387	
3	2182	1719	1718	
3	2181	2381	2182	
3	2174	2181	2167	
3	2382	2381	2181	
3	1719	2182	2381	
3	2167	2182	1718	
3	2116	2115	2382	
3	2101	2115	2084	
3	2096	2101	2084	
3	2098	2101	2100	
3	1840	1807	1801	
3	1800	1802	1799	
3	1796	1799	1802	
3	1795	1800	1799	
3	1810	1800	1811	
3	1810	1840	1801	
3	1841	1840	1850	
3	1810	1801	1800	
3	1850	1810	1809	
3	1963	1978	1674	
3	1674	1978	2277	
3	1657	1652	1622	
3	1679	1678	2406	
3	1656	1622	1626	
3	2406	1678	1657	
3	2389	1626	1644	
3	1657	1656	2390	
3	2357	2389	1644	
3	1657	2390	2406	
3	2406	2392	1679	
3	1677	1679	2262	
3	2389	2391	2390	
3	2407	2334	2408	
3	2270	2266	2291	
3	2265	2262	2266	
3	1644	2397	2356	
3	2392	2391	2409	
3	1656	2389	2390	
3	2391	2389	2357	
3	2409	2357	2407	
3	2392	2291	1679	
3	2356	2410	2363	
3	2407	2357	2356	
3	2369	2366	2410	
3	2335	2376	2298	
3	2363	2410	2364	
3	2398	2363	2411	
3	2375	2412	2413	
3	2401	2400	2414	
3	2335	2398	2411	
3	2356	2398	2407	
3	2335	2411	2376	
3	2298	2329	2334	
3	2400	2411	2365	
3	2400	2376	2411	
3	2329	2308	2396	
3	2398	2334	2407	
3	2310	2396	2308	
3	2392	2409	2291	
3	2281	2283	2301	
3	2284	2280	2393	
3	2283	2281	2284	
3	2301	2279	2281	
3	2284	2393	2286	
3	2394	2393	2415	
3	2287	2394	2415	
3	2257	2241	1668	
3	2273	2416	2271	
3	2287	2395	2288	
3	2286	2394	2257	
3	2287	2257	2394	
3	2376	2299	2298	
3	1632	2294	2299	
3	2330	2295	1631	
3	1632	1631	2295	
3	2299	2377	1632	
3	1632	2377	2355	
3	2296	2295	2330	
3	1632	2295	2294	
3	2366	2369	2336	
3	2410	2356	2397	
3	2336	2349	2366	
3	2370	2367	2349	
3	2397	1644	1643	
3	2410	2397	2369	
3	2202	2203	2404	
3	2192	2202	2193	
3	2202	2404	2205	
3	2417	2418	2419	
3	2200	2205	2404	
3	2419	2404	2403	
3	2419	2418	2200	
3	2197	2200	2418	
3	2403	2417	2419	
3	2205	2200	2196	
3	2404	2419	2200	
3	1986	2324	2322	
3	2313	2317	2331	
3	2420	2416	2273	
3	2324	2314	2323	
3	2321	2325	2271	
3	2416	2319	2271	
3	2321	2271	2319	
3	2321	2314	2324	
3	1988	2272	2325	
3	1988	2325	2324	
3	2324	2325	2321	
3	2390	2392	2406	
3	2357	2409	2391	
3	2408	2409	2407	
3	2291	2409	2396	
3	2401	2414	2368	
3	2400	2399	2421	
3	2422	2423	2424	
3	2421	2377	2376	
3	2425	2355	2377	
3	2364	2368	2414	
3	2399	2401	2426	
3	2427	2375	2402	
3	2401	2412	2428	
3	2308	2329	2307	
3	2310	2308	2297	
3	2270	2310	2297	
3	2291	2396	2310	
3	2268	2270	2297	
3	2270	2265	2266	
3	2334	2396	2408	
3	2409	2408	2396	
3	2287	2415	2420	
3	2395	2273	2272	
3	2287	2420	2273	
3	2288	2395	2290	
3	2273	2395	2287	
3	2251	2288	2290	
3	2257	2288	2241	
3	2429	2430	2431	
3	2425	2377	2421	
3	2425	2431	2430	
3	2425	2432	2355	
3	2432	1633	2355	
3	2430	2433	2432	
3	2434	2435	2424	
3	2436	2433	2430	
3	2429	2431	2437	
3	2430	2429	2436	
3	2435	2436	2429	
3	2431	2438	2437	
3	2425	2399	2431	
3	2438	2431	2399	
3	2426	2428	2439	
3	2422	2429	2437	
3	2435	2429	2422	
3	2364	2414	2365	
3	2410	2366	2364	
3	2400	2365	2414	
3	2411	2363	2365	
3	2323	2326	2327	
3	2303	2323	2327	
3	2323	2322	2324	
3	2314	2313	2326	
3	2332	2326	2313	
3	2315	2321	2320	
3	2331	2317	2333	
3	2321	2315	2314	
3	2317	2315	2320	
3	2333	2318	2331	
3	2212	2331	2318	
3	2400	2421	2376	
3	2425	2421	2399	
3	2367	2366	2349	
3	2401	2368	2412	
3	2367	2370	2413	
3	2412	2368	2367	
3	2412	2367	2413	
3	2348	2370	2349	
3	2402	2413	2370	
3	2371	2373	2427	
3	2440	2375	2374	
3	2372	2361	2358	
3	2402	2370	2362	
3	2358	2371	2372	
3	2372	2427	2402	
3	2441	2439	2440	
3	2375	2413	2402	
3	2371	2427	2372	
3	2375	2427	2373	
3	2430	2432	2425	
3	1633	2432	2433	
3	2399	2426	2438	
3	2442	2438	2426	
3	2423	2422	2437	
3	2435	2422	2424	
3	2437	2443	2423	
3	2439	2443	2442	
3	2401	2428	2426	
3	2375	2428	2412	
3	2428	2375	2440	
3	2441	2423	2443	
3	2438	2442	2437	
3	2426	2439	2442	
3	2441	2440	2374	
3	2428	2440	2439	
3	837	823	701	
3	874	823	883	
3	751	777	735	
3	976	777	750	
3	952	910	956	
3	844	956	910	
3	1115	989	955	
3	881	989	953	
3	986	850	996	
3	851	850	988	
3	1108	1180	1229	
3	1148	1180	1149	
3	1570	1506	1564	
3	1498	1506	1311	
3	1608	972	1609	
3	1680	1586	1581	
3	2444	2013	1682	
3	2000	1600	1681	
3	1582	2000	1680	
3	1681	2236	2238	
3	1608	1582	972	
3	1600	2000	1607	
3	1609	972	1111	
3	1607	2000	1608	
3	1601	1600	1607	
3	2011	2239	1602	
3	1583	1609	1111	
3	1609	2444	1682	
3	2000	1681	1680	
3	2239	1600	1602	
3	1682	1601	1607	
3	1602	1601	1663	
3	1609	1682	1607	
3	1682	2013	1683	
3	2214	2238	2236	
3	1586	2238	1995	
3	2236	1681	2239	
3	1600	2239	1681	
3	1605	1683	1603	
3	1601	1683	1663	
3	2013	2444	1259	
3	1603	1683	2013	
3	1260	1259	2444	
3	1122	1121	1259	
3	1583	1260	2444	
3	1122	1260	1145	
3	1609	1583	2444	
3	1196	1583	1111	
3	1134	1624	1641	
3	1634	1624	1133	
3	1147	1251	1266	
3	1223	1266	1251	
3	1504	1502	1493	
3	1753	1502	1519	
3	1737	1730	1716	
3	1723	1722	1730	
3	1629	1643	1618	
3	2397	1643	2337	
3	1782	1573	1825	
3	1941	1785	1781	
3	1935	1785	1838	
3	1778	1838	1776	
3	1935	1774	1785	
3	1781	1785	1773	
3	2445	1837	1785	
3	1782	1781	1773	
3	1941	1781	1783	
3	1573	1782	1773	
3	1825	1849	1940	
3	1945	1943	1942	
3	1785	1941	2445	
3	1941	1783	1942	
3	2445	1941	1943	
3	1939	1940	1849	
3	1783	1782	1940	
3	1783	1939	1942	
3	1945	1942	1939	
3	1877	1945	1939	
3	1943	1945	1944	
3	1778	1779	1775	
3	1934	1779	1777	
3	1926	2083	2085	
3	2084	2083	1925	
3	1648	1647	2285	
3	2279	1647	1649	
3	2021	2244	2243	
3	2274	2244	2235	
3	1908	1265	1186	
3	1177	1265	1907	
3	1186	1187	2027	
3	2025	2027	1187	
3	2042	2380	2383	
3	1905	2380	1906	
3	2442	2443	2437	
3	2441	2443	2439	
3	1780	1774	1935	
3	1772	1774	1771	
3	1571	1772	1771	
3	1573	1773	1772	
CELL_TYPES 4566
5 5 5 5 5 5 5 5 5 5 5 5 5 5 5 5 5 5 5 5 5 5 5 5 5 5 5 5 5 5 5 5 5 5 5 5 5 5 5 5 5 5 5 5 5 5 5 5 5 5 5 5 5 5 5 5 5 5 5 5 5 5 5 5 5 5 5 5 5 5 5 5 5 5 5 5 5 5 5 5 5 5 5 5 5 5 5 5 5 5 5 5 5 5 5 5 5 5 5 5 5 5 5 5 5 5 5 5 5 5 5 5 5 5 5 5 5 5 5 5 5 5 5 5 5 5 5 5 5 5 5 5 5 5 5 5 5 5 5 5 5 5 5 5 5 5 5 5 5 5 5 5 5 5 5 5 5 5 5 5 5 5 5 5 5 5 5 5 5 5 5 5 5 5 5 5 5 5 5 5 5 5 5 5 5 5 5 5 5 5 5 5 5 5 5 5 5 5 5 5 5 5 5 5 5 5 5 5 5 5 5 5 5 5 5 5 5 5 5 5 5 5 5 5 5 5 5 5 5 5 5 5 5 5 5 5 5 5 5 5 5 5 5 5 5 5 5 5 5 5 5 5 5 5 5 5 5 5 5 5 5 5 5 5 5 5 5 5 5 5 5 5 5 5 5 5 5 5 5 5 5 5 5 5 5 5 5 5 5 5 5 5 5 5 5 5 5 5 5 5 5 5 5 5 5 5 5 5 5 5 5 5 5 5 5 5 5 5 5 5 5 5 5 5 5 5 5 5 5 5 5 5 5 5 5 5 5 5 5 5 5 5 5 5 5 5 5 5 5 5 5 5 5 5 5 5 5 5 5 5 5 5 5 5 5 5 5 5 5 5 5 5 5 5 5 5 5 5 5 5 5 5 5 5 5 5 5 5 5 5 5 5 5 5 5 5 5 5 5 5 5 5 5 5 5 5 5 5 5 5 5 5 5 5 5 5 5 5 5 5 5 5 5 5 5 5 5 5 5 5 5 5 5 5 5 5 5 5 5 5 5 5 5 5 5 5 5 5 5 5 5 5 5 5 5 5 5 5 5 5 5 5 5 5 5 5 5 5 5 5 5 5 5 5 5 5 5 5 5 5 5 5 5 5 5 5 5 5 5 5 5 5 5 5 5 5 5 5 5 5 5 5 5 5 5 5 5 5 5 5 5 5 5 5 5 5 5 5 5 5 5 5 5 5 5 5 5 5 5 5 5 5 5 5 5 5 5 5 5 5 5 5 5 5 5 5 5 5 5 5 5 5 5 5 5 5 5 5 5 5 5 5 5 5 5 5 5 5 5 5 5 5 5 5 5 5 5 5 5 5 5 5 5 5 5 5 5 5 5 5 5 5 5 5 5 5 5 5 5 5 5 5 5 5 5 5 5 5 5 5 5 5 5 5 5 5 5 5 5 5 5 5 5 5 5 5 5 5 5 5 5 5 5 5 5 5 5 5 5 5 5 5 5 5 5 5 5 5 5 5 5 5 5 5 5 5 5 5 5 5 5 5 5 5 5 5 5 5 5 5 5 5 5 5 5 5 5 5 5 5 5 5 5 5 5 5 5 5 5 5 5 5 5 5 5 5 5 5 5 5 5 5 5 5 5 5 5 5 5 5 5 5 5 5 5 5 5 5 5 5 5 5 5 5 5 5 5 5 5 5 5 5 5 5 5 5 5 5 5 5 5 5 5 5 5 5 5 5 5 5 5 5 5 5 5 5 5 5 5 5 5 5 5 5 5 5 5 5 5 5 5 5 5 5 5 5 5 5 5 5 5 5 5 5 5 5 5 5 5 5 5 5 5 5 5 5 5 5 5 5 5 5 5 5 5 5 5 5 5 5 5 5 5 5 5 5 5 5 5 5 5 5 5 5 5 5 5 5 5 5 5 5 5 5 5 5 5 5 5 5 5 5 5 5 5 5 5 5 5 5 5 5 5 5 5 5 5 5 5 5 5 5 5 5 5 5 5 5 5 5 5 5 5 5 5 5 5 5 5 5 5 5 5 5 5 5 5 5 5 5 5 5 5 5 5 5 5 5 5 5 5 5 5 5 5 5 5 5 5 5 5 5 5 5 5 5 5 5 5 5 5 5 5 5 5 5 5 5 5 5 5 5 5 5 5 5 5 5 5 5 5 5 5 5 5 5 5 5 5 5 5 5 5 5 5 5 5 5 5 5 5 5 5 5 5 5 5 5 5 5 5 5 5 5 5 5 5 5 5 5 5 5 5 5 5 5 5 5 5 5 5 5 5 5 5 5 5 5 5 5 5 5 5 5 5 5 5 5 5 5 5 5 5 5 5 5 5 5 5 5 5 5 5 5 5 5 5 5 5 5 5 5 5 5 5 5 5 5 5 5 5 5 5 5 5 5 5 5 5 5 5 5 5 5 5 5 5 5 5 5 5 5 5 5 5 5 5 5 5 5 5 5 5 5 5 5 5 5 5 5 5 5 5 5 5 5 5 5 5 5 5 5 5 5 5 5 5 5 5 5 5 5 5 5 5 5 5 5 5 5 5 5 5 5 5 5 5 5 5 5 5 5 5 5 5 5 5 5 5 5 5 5 5 5 5 5 5 5 5 5 5 5 5 5 5 5 5 5 5 5 5 5 5 5 5 5 5 5 5 5 5 5 5 5 5 5 5 5 5 5 5 5 5 5 5 5 5 5 5 5 5 5 5 5 5 5 5 5 5 5 5 5 5 5 5 5 5 5 5 5 5 5 5 5 5 5 5 5 5 5 5 5 5 5 5 5 5 5 5 5 5 5 5 5 5 5 5 5 5 5 5 5 5 5 5 5 5 5 5 5 5 5 5 5 5 5 5 5 5 5 5 5 5 5 5 5 5 5 5 5 5 5 5 5 5 5 5 5 5 5 5 5 5 5 5 5 5 5 5 5 5 5 5 5 5 5 5 5 5 5 5 5 5 5 5 5 5 5 5 5 5 5 5 5 5 5 5 5 5 5 5 5 5 5 5 5 5 5 5 5 5 5 5 5 5 5 5 5 5 5 5 5 5 5 5 5 5 5 5 5 5 5 5 5 5 5 5 5 5 5 5 5 5 5 5 5 5 5 5 5 5 5 5 5 5 5 5 5 5 5 5 5 5 5 5 5 5 5 5 5 5 5 5 5 5 5 5 5 5 5 5 5 5 5 5 5 5 5 5 5 5 5 5 5 5 5 5 5 5 5 5 5 5 5 5 5 5 5 5 5 5 5 5 5 5 5 5 5 5 5 5 5 5 5 5 5 5 5 5 5 5 5 5 5 5 5 5 5 5 5 5 5 5 5 5 5 5 5 5 5 5 5 5 5 5 5 5 5 5 5 5 5 5 5 5 5 5 5 5 5 5 5 5 5 5 5 5 5 5 5 5 5 5 5 5 5 5 5 5 5 5 5 5 5 5 5 5 5 5 5 5 5 5 5 5 5 5 5 5 5 5 5 5 5 5 5 5 5 5 5 5 5 5 5 5 5 5 5 5 5 5 5 5 5 5 5 5 5 5 5 5 5 5 5 5 5 5 5 5 5 5 5 5 5 5 5 5 5 5 5 5 5 5 5 5 5 5 5 5 5 5 5 5 5 5 5 5 5 5 5 5 5 5 5 5 5 5 5 5 5 5 5 5 5 5 5 5 5 5 5 5 5 5 5 5 5 5 5 5 5 5 5 5 5 5 5 5 5 5 5 5 5 5 5 5 5 5 5 5 5 5 5 5 5 5 5 5 5 5 5 5 5 5 5 5 5 5 5 5 5 5 5 5 5 5 5 5 5 5 5 5 5 5 5 5 5 5 5 5 5 5 5 5 5 5 5 5 5 5 5 5 5 5 5 5 5 5 5 5 5 5 5 5 5 5 5 5 5 5 5 5 5 5 5 5 5 5 5 5 5 5 5 5 5 5 5 5 5 5 5 5 5 5 5 5 5 5 5 5 5 5 5 5 5 5 5 5 5 5 5 5 5 5 5 5 5 5 5 5 5 5 5 5 5 5 5 5 5 5 5 5 5 5 5 5 5 5 5 5 5 5 5 5 5 5 5 5 5 5 5 5 5 5 5 5 5 5 5 5 5 5 5 5 5 5 5 5 5 5 5 5 5 5 5 5 5 5 5 5 5 5 5 5 5 5 5 5 5 5 5 5 5 5 5 5 5 5 5 5 5 5 5 5 5 5 5 5 5 5 5 5 5 5 5 5 5 5 5 5 5 5 5 5 5 5 5 5 5 5 5 5 5 5 5 5 5 5 5 5 5 5 5 5 5 5 5 5 5 5 5 5 5 5 5 5 5 5 5 5 5 5 5 5 5 5 5 5 5 5 5 5 5 5 5 5 5 5 5 5 5 5 5 5 5 5 5 5 5 5 5 5 5 5 5 5 5 5 5 5 5 5 5 5 5 5 5 5 5 5 5 5 5 5 5 5 5 5 5 5 5 5 5 5 5 5 5 5 5 5 5 5 5 5 5 5 5 5 5 5 5 5 5 5 5 5 5 5 5 5 5 5 5 5 5 5 5 5 5 5 5 5 5 5 5 5 5 5 5 5 5 5 5 5 5 5 5 5 5 5 5 5 5 5 5 5 5 5 5 5 5 5 5 5 5 5 5 5 5 5 5 5 5 5 5 5 5 5 5 5 5 5 5 5 5 5 5 5 5 5 5 5 5 5 5 5 5 5 5 5 5 5 5 5 5 5 5 5 5 5 5 5 5 5 5 5 5 5 5 5 5 5 5 5 5 5 5 5 5 5 5 5 5 5 5 5 5 5 5 5 5 5 5 5 5 5 5 5 5 5 5 5 5 5 5 5 5 5 5 5 5 5 5 5 5 5 5 5 5 5 5 5 5 5 5 5 5 5 5 5 5 5 5 5 5 5 5 5 5 5 5 5 5 5 5 5 5 5 5 5 5 5 5 5 5 5 5 5 5 5 5 5 5 5 5 5 5 5 5 5 5 5 5 5 5 5 5 5 5 5 5 5 5 5 5 5 5 5 5 5 5 5 5 5 5 5 5 5 5 5 5 5 5 5 5 5 5 5 5 5 5 5 5 5 5 5 5 5 5 5 5 5 5 5 5 5 5 5 5 5 5 5 5 5 5 5 5 5 5 5 5 5 5 5 5 5 5 5 5 5 5 5 5 5 5 5 5 5 5 5 5 5 5 5 5 5 5 5 5 5 5 5 5 5 5 5 5 5 5 5 5 5 5 5 5 5 5 5 5 5 5 5 5 5 5 5 5 5 5 5 5 5 5 5 5 5 5 5 5 5 5 5 5 5 5 5 5 5 5 5 5 5 5 5 5 5 5 5 5 5 5 5 5 5 5 5 5 5 5 5 5 5 5 5 5 5 5 5 5 5 5 5 5 5 5 5 5 5 5 5 5 5 5 5 5 5 5 5 5 5 5 5 5 5 5 5 5 5 5 5 5 5 5 5 5 5 5 5 5 5 5 5 5 5 5 5 5 5 5 5 5 5 5 5 5 5 5 5 5 5 5 5 5 5 5 5 5 5 5 5 5 5 5 5 5 5 5 5 5 5 5 5 5 5 5 5 5 5 5 5 5 5 5 5 5 5 5 5 5 5 5 5 5 5 5 5 5 5 5 5 5 5 5 5 5 5 5 5 5 5 5 5 5 5 5 5 5 5 5 5 5 5 5 5 5 5 5 5 5 5 5 5 5 5 5 5 5 5 5 5 5 5 5 5 5 5 5 5 5 5 5 5 5 5 5 5 5 5 5 5 5 5 5 5 5 5 5 5 5 5 5 5 5 5 5 5 5 5 5 5 5 5 5 5 5 5 5 5 5 5 5 5 5 5 5 5 5 5 5 5 5 5 5 5 5 5 5 5 5 5 5 5 5 5 5 5 5 5 5 5 5 5 5 5 5 5 5 5 5 5 5 5 5 5 5 5 5 5 5 5 5 5 5 5 5 5 5 5 5 5 5 5 5 5 5 5 5 5 5 5 5 5 5 5 5 5 5 5 5 5 5 5 5 5 5 5 5 5 5 5 5 5 5 5 5 5 5 5 5 5 5 5 5 5 5 5 5 5 5 5 5 5 5 5 5 5 5 5 5 5 5 5 5 5 5 5 5 5 5 5 5 5 5 5 5 5 5 5 5 5 5 5 5 5 5 5 5 5 5 5 5 5 5 5 5 5 5 5 5 5 5 5 5 5 5 5 5 5 5 5 5 5 5 5 5 5 5 5 5 5 5 5 5 5 5 5 5 5 5 5 5 5 5 5 5 5 5 5 5 5 5 5 5 5 5 5 5 5 5 5 5 5 5 5 5 5 5 5 5 5 5 5 5 5 5 5 5 5 5 5 5 5 5 5 5 5 5 5 5 5 5 5 5 5 5 5 5 5 5 5 5 5 5 5 5 5 5 5 5 5 5 5 5 5 5 5 5 5 5 5 5 5 5 5 5 5 5 5 5 5 5 5 5 5 5 5 5 5 5 5 5 5 5 5 5 5 5 5 5 5 5 5 5 5 5 5 5 5 5 5 5 5 5 5 5 5 5 5 5 5 5 5 5 5 5 5 5 5 5 5 5 5 5 5 5 5 5 5 5 5 5 5 5 5 5 5 5 5 5 5 5 5 5 5 5 5 5 5 5 5 5 5 5 5 5 5 5 5 5 5 5 5 5 5 5 5 5 5 5 5 5 5 5 5 5 5 5 5 5 5 5 5 5 5 5 5 5 5 5 5 5 5 5 5 5 5 5 5 5 5 5 5 5 5 5 5 5 5 5 5 5 5 5 5 5 5 5 5 5 5 5 5 5 5 5 5 5 5 5 5 5 5 5 5 5 5 5 5 5 5 5 5 5 5 5 5 5 5 5 5 5 5 5 5 5 5 5 5 5 5 5 5 5 5 5 5 5 5 5 5 5 5 5 5 5 5 5 5 5 5 5 5 5 5 5 5 5 5 5 5 5 5 5 5 5 5 5 5 5 5 5 5 5 5 5 5 5 5 5 5 5 5 5 5 5 5 5 5 5 5 5 5 5 5 5 5 5 5 5 5 5 5 5 5 5 5 5 5 5 5 5 5 5 5 5 5 5 5 5 5 5 5 5 5 5 5 5 5 5 5 5 5 5 5 5 5 5 5 5 5 5 5 5 5 5 5 5 5 5 5 5 5 5 5 5 5 5 5 5 5 5 5 5 5 5 5 5 5 5 5 5 5 5 5 5 5 5 5 5 5 5 5 5 5 5 5 5 5 5 5 5 5 5 5 5 5 5 5 5 5 5 5 5 5 5 5 5 5 5 5 5 5 5 5 5 5 5 5 5 5 5 5 5 5 5 5 5 5 5 5 5 5 5 5 5 5 5 5 5 5 5 5 5 5 5 5 5 5 5 5 5 5 5 5 5 5 5 5 5 5 5 5 5 5 5 5 5 5 5 5 5 5 5 5 5 5 5 5 5 5 5 5 5 5 5 5 5 5 5 5 5 5 5 5 5 5 5 5 5 5 5 5 5 5 5 5 5 5 5 5 5 5 5 5 5 5 5 5 5 5 5 5 5 5 5 5 5 5 5 5 5 5 5 5 5 5 5 5 5 5 5 5 5 5 5 5 5 5 5 5 5 5 5 5 5 5 5 5 5 5 5 5 5 5 5 5 5 5 5 5 5 5 5 5 5 5 5 5 5 5 5 5 5 5 5 5 5 5 5 5 5 5 5 5 5 5 5 5 5 5 5 5 5 5 5 5 5 5 5 5 5 5 5 5 5 5 5 5 5 5 5 5 5 5 5 5 5 5 5 5 5 5 5 5 5 5 5 5 5 5 5 5 5 5 5 5 5 5 5 5 5 5 5 5 5 5 5 5 5 5 5 5 5 5 5 5 5 5 5 5 5 5 5 5 5 5 5 5 5 5 5 5 5 5 5 5 5 5 5 5 5 5 5 5 5 5 5 5 5 5 5 5 5 5 5 5 5 5 5 5 5 5 5 5 5 5 5 5 5 5 5 5 5 5 5 5 5 5 5 5 5 5 5 5 5 5 5 5 5 5 5 5 5 5 5 5 5 5 5 5 5 5 5 5 5 5 5 5 5 5 5 5 5 5 5 5 5 5 5 5 5 5 5 5 5 5 5 5 5 5 5 5 5 5 5 5 5 5 5 5 5 5 5 5 5 5 5 5 5 5 5 5 5 5 5 5 5 5 5 5 5 5 5 5 5 5 5 5 5 5 5 5 5 5 5 5 5 5 5 5 5 5 5 5 5 5 5 5 5 5 5 5 5 5 5 5 5 5 5 5 5 5 5 5 5 5 5 5 5 5 5 5 5 5 5 5 5 5 5 5 5 5 5 5 5 5 5 5 5 5 5 5 5 5 5 5 5 5 5 5 5 5 5 5 5 5 5 5 5 5 5 5 5 5 5 5 5 5 5 5 5 5 5 5 5 5 5 5 5 5 5 5 5 5 5 5 5 5 5 5 5 5 5 5 5 5 5 5 5 5 5 5 5 5 5 5 5 5 5 5 5 5 5 5 5 5 5 5 5 5 5 5 5 5 5 5 5 5 5 5 5 5 5 5 5 5 5 5 5 5 5 5 5 5 5 5 5 5 5 5 5 5 5 5 5 5 5 5 5 5 5 5 5 5 5 5 5 5 5 5 5 5 5 5 5 5 5 5 5 5 5 5 5 5 5 5 5 5 5 5 5 5 5 5 5 5 5 5 5 5 5 5 5 5 5 5 5 5 5 5 5 5 5 5 5 5 5 5 5 5 5 5 5 5 5 5 5 5 5 5 5 5 5 5 5 5 5 5 5 5 5 5 5 5 5 5 5 5 5 5 5 5 5 5 5 5 5 5 5 5 5 5 5 5 5 5 5 5 5 5 5 5 5 5 5 5 5 5 5 5 5 5 5 5 5 5 5 5 5 5 5 5 5 5 5 5 5 5 5 5 5 5 5 5 5 5 5 5 5 5 5 5 5 5 5 5 5 5 5 5 5 5 5 5 5 5 5 5 5 5 5 5 5 5 5 5 5 5 5 5 5 5 5 5 5 5 5 5 5 5 5 5 5 5 5 5 5 5 5 5 5 5 5 5 5 5 5 5 5 5 5 5 5 5 5 5 5 5 5 5 5 5 5 5 5 5 5 5 5 5 5 5 5 5 5 5 5 5 5 5 5 5 5 5 5 5 5 5 5 5 5 5 5 5 5 5 5 5 5 5 5 5 5 5 5 5 5 5 5 5 5 5 5 5 5 5 5 5 5 5 5 5 5 5 5 5 5 5 5 5 5 5 5 5 5 5 5 5 5 5 5 5 5 5 5 5 5 5 5 5 5 5 5 5 5 5 5 5 5 5 5 5 5 5 5 5 5 5 5 5 5 5 5 5 5 5 5 5 5 5 5 5 5 5 5 5 5 5 5 5 5 5 5 5 5 5 5 5 5 5 5 5 5 5 5 5 5 5 5 5 5 5 5 5 5 5 5 5 5 5 5 5 5 5 5 5 5 5 5 5 5 5 5 5 5 5 5 5 5 5 5 5 5 5 5 5 5 5 5 5 5 5 5 5 5 5 5 5 5 5 5 5 5 5 5 5 5 5 5 5 5 5 5 5 5 5 5 5 5 5 5 5 5 5 5 5 5 5 5 5 5 5 5 5 5 5 5 5 5 5 5 5 5 5 5 5 5 5 5 5 5 5 5 5 5 5 5 5 5 5 5 5 5 5 5 5 5 5 5 5 5 5 5 5 5 5 5 5 5 5 5 5 5 5 5 5 5 5 5 5 5 5 5 5 5 5 5 5 5 5 5 5 5 5 5 5 5 5 5 5 5 5 5 5 5 5 5 5 5 5 5 5 5 5 5 5 5 5 5 5 5 5 5 5 5 5 5 5 5 5 5 5 5 5 5 5 5 5 5 5 5 5 5 5 5 5 5 5 5 5 5 5 5 5 5 5 5 5 5 5 5 5 5 5 5 5 5 5 5 5 5 5 5 5 5 5 5 5 5 5 5 5 5 5 5 5 5 5 5 5 5 5 5 5 5 5 5 5 5 5 5 5 5 5 5 5 5 5 5 5 5 5 5 5 5 5 5 5 5 5 5 5 5 5 5 5 5 5 5 5 5 5 5 5 5 5 5 5 5 5 5 5 5 5 5 5 5 5 5 5 5 5 5 5 5 5 5 5 5 5 5 5 5 5 5 5 5 5 5 5 5 5 5 5 5 5 5 5 5 5 5 5 5 5 5 5 5 5 5 5 5 5 5 5 5 5 5 5 5 5 5 5 5 5 5 5 5 5 5 5 5 5 5 5 5 5 5 5 5 5 5 5 5 5 5 5 5 
CELL_DATA 4566
SCALARS Marker double 1
LOOKUP_TABLE default
0 1 2 3 4 5 6 7 8 9 10 11 12 13 14 15 16 17 18 19 20 21 22 23 24 25 26 27 28 29 30 31 32 33 34 35 36 37 38 39 40 41 42 43 44 45 46 47 48 49 50 51 52 53 54 55 56 57 58 59 60 61 62 63 64 65 66 67 68 69 70 71 72 73 74 75 76 77 78 79 80 81 82 83 84 85 86 87 88 89 90 91 92 93 94 95 96 97 98 99 100 101 102 103 104 105 106 107 108 109 110 111 112 113 114 115 116 117 118 119 120 121 122 123 124 125 126 127 128 129 130 131 132 133 134 135 136 137 138 139 140 141 142 143 144 145 146 147 148 149 150 151 152 153 154 155 156 157 158 159 160 161 162 163 164 165 166 167 168 169 170 171 172 173 174 175 176 177 178 179 180 181 182 183 184 185 186 187 188 189 190 191 192 193 194 195 196 197 198 199 200 201 202 203 204 205 206 207 208 209 210 211 212 213 214 215 216 217 218 219 220 221 222 223 224 225 226 227 228 229 230 231 232 233 234 235 236 237 238 239 240 241 242 243 244 245 246 247 248 249 250 251 252 253 254 255 256 257 258 259 260 261 262 263 264 265 266 267 268 269 270 271 272 273 274 275 276 277 278 279 280 281 282 283 284 285 286 287 288 289 290 291 292 293 294 295 296 297 298 299 300 301 302 303 304 305 306 307 308 309 310 311 312 313 314 315 316 317 318 319 320 321 322 323 324 325 326 327 328 329 330 331 332 333 334 335 336 337 338 339 340 341 342 343 344 345 346 347 348 349 350 351 352 353 354 355 356 357 358 359 360 361 362 363 364 365 366 367 368 369 370 371 372 373 374 375 376 377 378 379 380 381 382 383 384 385 386 387 388 389 390 391 392 393 394 395 396 397 398 399 400 401 402 403 404 405 406 407 408 409 410 411 412 413 414 415 416 417 418 419 420 421 422 423 424 425 426 427 428 429 430 431 432 433 434 435 436 437 438 439 440 441 442 443 444 445 446 447 448 449 450 451 452 453 454 455 456 457 458 459 460 461 462 463 464 465 466 467 468 469 470 471 472 473 474 475 476 477 478 479 480 481 482 483 484 485 486 487 488 489 490 491 492 493 494 495 496 497 498 499 500 501 502 503 504 505 506 507 508 509 510 511 512 513 514 515 516 517 518 519 520 521 522 523 524 525 526 527 528 529 530 531 532 533 534 535 536 537 538 539 540 541 542 543 544 545 546 547 548 549 550 551 552 553 554 555 556 557 558 559 560 561 562 563 564 565 566 567 568 569 570 571 572 573 574 575 576 577 578 579 580 581 582 583 584 585 586 587 588 589 590 591 592 593 594 595 596 597 598 599 600 601 602 603 604 605 606 607 608 609 610 611 612 613 614 615 616 617 618 619 620 621 622 623 624 625 626 627 628 629 630 631 632 633 634 635 636 637 638 639 640 641 642 643 644 645 646 647 648 649 650 651 652 653 654 655 656 657 658 659 660 661 662 663 664 665 666 667 668 669 670 671 672 673 674 675 676 677 678 679 680 681 682 683 684 685 686 687 688 689 690 691 692 693 694 695 696 697 698 699 700 701 702 703 704 705 706 707 708 709 710 711 712 713 714 715 716 717 718 719 720 721 722 723 724 725 726 727 728 729 730 731 732 733 734 735 736 737 738 739 740 741 742 743 744 745 746 747 748 749 750 751 752 753 754 755 756 757 758 759 760 761 762 763 764 765 766 767 768 769 770 771 772 773 774 775 776 777 778 779 780 781 782 783 784 785 786 787 788 789 790 791 792 793 794 795 796 797 798 799 800 801 802 803 804 805 806 807 808 809 810 811 812 813 814 815 816 817 818 819 820 821 822 823 824 825 826 827 828 829 830 831 832 833 834 835 836 837 838 839 840 841 842 843 844 845 846 847 848 849 850 851 852 853 854 855 856 857 858 859 860 861 862 863 864 865 866 867 868 869 870 871 872 873 874 875 876 877 878 879 880 881 882 883 884 885 886 887 888 889 890 891 892 893 894 895 896 897 898 899 900 901 902 903 904 905 906 907 908 909 910 911 912 913 914 915 916 917 918 919 920 921 922 923 924 925 926 927 928 929 930 931 932 933 934 935 936 937 938 939 940 941 942 943 944 945 946 947 948 949 950 951 952 953 954 955 956 957 958 959 960 961 962 963 964 965 966 967 968 969 970 971 972 973 974 975 976 977 978 979 980 981 982 983 984 985 986 987 988 989 990 991 992 993 994 995 996 997 998 999 1000 1001 1002 1003 1004 1005 1006 1007 1008 1009 1010 1011 1012 1013 1014 1015 1016 1017 1018 1019 1020 1021 1022 1023 1024 1025 1026 1027 1028 1029 1030 1031 1032 1033 1034 1035 1036 1037 1038 1039 1040 1041 1042 1043 1044 1045 1046 1047 1048 1049 1050 1051 1052 1053 1054 1055 1056 1057 1058 1059 1060 1061 1062 1063 1064 1065 1066 1067 1068 1069 1070 1071 1072 1073 1074 1075 1076 1077 1078 1079 1080 1081 1082 1083 1084 1085 1086 1087 1088 1089 1090 1091 1092 1093 1094 1095 1096 1097 1098 1099 1100 1101 1102 1103 1104 1105 1106 1107 1108 1109 1110 1111 1112 1113 1114 1115 1116 1117 1118 1119 1120 1121 1122 1123 1124 1125 1126 1127 1128 1129 1130 1131 1132 1133 1134 1135 1136 1137 1138 1139 1140 1141 1142 1143 1144 1145 1146 1147 1148 1149 1150 1151 1152 1153 1154 1155 1156 1157 1158 1159 1160 1161 1162 1163 1164 1165 1166 1167 1168 1169 1170 1171 1172 1173 1174 1175 1176 1177 1178 1179 1180 1181 1182 1183 1184 1185 1186 1187 1188 1189 1190 1191 1192 1193 1194 1195 1196 1197 1198 1199 1200 1201 1202 1203 1204 1205 1206 1207 1208 1209 1210 1211 1212 1213 1214 1215 1216 1217 1218 1219 1220 1221 1222 1223 1224 1225 1226 1227 1228 1229 1230 1231 1232 1233 1234 1235 1236 1237 1238 1239 1240 1241 1242 1243 1244 1245 1246 1247 1248 1249 1250 1251 1252 1253 1254 1255 1256 1257 1258 1259 1260 1261 1262 1263 1264 1265 1266 1267 1268 1269 1270 1271 1272 1273 1274 1275 1276 1277 1278 1279 1280 1281 1282 1283 1284 1285 1286 1287 1288 1289 1290 1291 1292 1293 1294 1295 1296 1297 1298 1299 1300 1301 1302 1303 1304 1305 1306 1307 1308 1309 1310 1311 1312 1313 1314 1315 1316 1317 1318 1319 1320 1321 1322 1323 1324 1325 1326 1327 1328 1329 1330 1331 1332 1333 1334 1335 1336 1337 1338 1339 1340 1341 1342 1343 1344 1345 1346 1347 1348 1349 1350 1351 1352 1353 1354 1355 1356 1357 1358 1359 1360 1361 1362 1363 1364 1365 1366 1367 1368 1369 1370 1371 1372 1373 1374 1375 1376 1377 1378 1379 1380 1381 1382 1383 1384 1385 1386 1387 1388 1389 1390 1391 1392 1393 1394 1395 1396 1397 1398 1399 1400 1401 1402 1403 1404 1405 1406 1407 1408 1409 1410 1411 1412 1413 1414 1415 1416 1417 1418 1419 1420 1421 1422 1423 1424 1425 1426 1427 1428 1429 1430 1431 1432 1433 1434 1435 1436 1437 1438 1439 1440 1441 1442 1443 1444 1445 1446 1447 1448 1449 1450 1451 1452 1453 1454 1455 1456 1457 1458 1459 1460 1461 1462 1463 1464 1465 1466 1467 1468 1469 1470 1471 1472 1473 1474 1475 1476 1477 1478 1479 1480 1481 1482 1483 1484 1485 1486 1487 1488 1489 1490 1491 1492 1493 1494 1495 1496 1497 1498 1499 1500 1501 1502 1503 1504 1505 1506 1507 1508 1509 1510 1511 1512 1513 1514 1515 1516 1517 1518 1519 1520 1521 1522 1523 1524 1525 1526 1527 1528 1529 1530 1531 1532 1533 1534 1535 1536 1537 1538 1539 1540 1541 1542 1543 1544 1545 1546 1547 1548 1549 1550 1551 1552 1553 1554 1555 1556 1557 1558 1559 1560 1561 1562 1563 1564 1565 1566 1567 1568 1569 1570 1571 1572 1573 1574 1575 1576 1577 1578 1579 1580 1581 1582 1583 1584 1585 1586 1587 1588 1589 1590 1591 1592 1593 1594 1595 1596 1597 1598 1599 1600 1601 1602 1603 1604 1605 1606 1607 1608 1609 1610 1611 1612 1613 1614 1615 1616 1617 1618 1619 1620 1621 1622 1623 1624 1625 1626 1627 1628 1629 1630 1631 1632 1633 1634 1635 1636 1637 1638 1639 1640 1641 1642 1643 1644 1645 1646 1647 1648 1649 1650 1651 1652 1653 1654 1655 1656 1657 1658 1659 1660 1661 1662 1663 1664 1665 1666 1667 1668 1669 1670 1671 1672 1673 1674 1675 1676 1677 1678 1679 1680 1681 1682 1683 1684 1685 1686 1687 1688 1689 1690 1691 1692 1693 1694 1695 1696 1697 1698 1699 1700 1701 1702 1703 1704 1705 1706 1707 1708 1709 1710 1711 1712 1713 1714 1715 1716 1717 1718 1719 1720 1721 1722 1723 1724 1725 1726 1727 1728 1729 1730 1731 1732 1733 1734 1735 1736 1737 1738 1739 1740 1741 1742 1743 1744 1745 1746 1747 1748 1749 1750 1751 1752 1753 1754 1755 1756 1757 1758 1759 1760 1761 1762 1763 1764 1765 1766 1767 1768 1769 1770 1771 1772 1773 1774 1775 1776 1777 1778 1779 1780 1781 1782 1783 1784 1785 1786 1787 1788 1789 1790 1791 1792 1793 1794 1795 1796 1797 1798 1799 1800 1801 1802 1803 1804 1805 1806 1807 1808 1809 1810 1811 1812 1813 1814 1815 1816 1817 1818 1819 1820 1821 1822 1823 1824 1825 1826 1827 1828 1829 1830 1831 1832 1833 1834 1835 1836 1837 1838 1839 1840 1841 1842 1843 1844 1845 1846 1847 1848 1849 1850 1851 1852 1853 1854 1855 1856 1857 1858 1859 1860 1861 1862 1863 1864 1865 1866 1867 1868 1869 1870 1871 1872 1873 1874 1875 1876 1877 1878 1879 1880 1881 1882 1883 1884 1885 1886 1887 1888 1889 1890 1891 1892 1893 1894 1895 1896 1897 1898 1899 1900 1901 1902 1903 1904 1905 1906 1907 1908 1909 1910 1911 1912 1913 1914 1915 1916 1917 1918 1919 1920 1921 1922 1923 1924 1925 1926 1927 1928 1929 1930 1931 1932 1933 1934 1935 1936 1937 1938 1939 1940 1941 1942 1943 1944 1945 1946 1947 1948 1949 1950 1951 1952 1953 1954 1955 1956 1957 1958 1959 1960 1961 1962 1963 1964 1965 1966 1967 1968 1969 1970 1971 1972 1973 1974 1975 1976 1977 1978 1979 1980 1981 1982 1983 1984 1985 1986 1987 1988 1989 1990 1991 1992 1993 1994 1995 1996 1997 1998 1999 2000 2001 2002 2003 2004 2005 2006 2007 2008 2009 2010 2011 2012 2013 2014 2015 2016 2017 2018 2019 2020 2021 2022 2023 2024 2025 2026 2027 2028 2029 2030 2031 2032 2033 2034 2035 2036 2037 2038 2039 2040 2041 2042 2043 2044 2045 2046 2047 2048 2049 2050 2051 2052 2053 2054 2055 2056 2057 2058 2059 2060 2061 2062 2063 2064 2065 2066 2067 2068 2069 2070 2071 2072 2073 2074 2075 2076 2077 2078 2079 2080 2081 2082 2083 2084 2085 2086 2087 2088 2089 2090 2091 2092 2093 2094 2095 2096 2097 2098 2099 2100 2101 2102 2103 2104 2105 2106 2107 2108 2109 2110 2111 2112 2113 2114 2115 2116 2117 2118 2119 2120 2121 2122 2123 2124 2125 2126 2127 2128 2129 2130 2131 2132 2133 2134 2135 2136 2137 2138 2139 2140 2141 2142 2143 2144 2145 2146 2147 2148 2149 2150 2151 2152 2153 2154 2155 2156 2157 2158 2159 2160 2161 2162 2163 2164 2165 2166 2167 2168 2169 2170 2171 2172 2173 2174 2175 2176 2177 2178 2179 2180 2181 2182 2183 2184 2185 2186 2187 2188 2189 2190 2191 2192 2193 2194 2195 2196 2197 2198 2199 2200 2201 2202 2203 2204 2205 2206 2207 2208 2209 2210 2211 2212 2213 2214 2215 2216 2217 2218 2219 2220 2221 2222 2223 2224 2225 2226 2227 2228 2229 2230 2231 2232 2233 2234 2235 2236 2237 2238 2239 2240 2241 2242 2243 2244 2245 2246 2247 2248 2249 2250 2251 2252 2253 2254 2255 2256 2257 2258 2259 2260 2261 2262 2263 2264 2265 2266 2267 2268 2269 2270 2271 2272 2273 2274 2275 2276 2277 2278 2279 2280 2281 2282 2283 2284 2285 2286 2287 2288 2289 2290 2291 2292 2293 2294 2295 2296 2297 2298 2299 2300 2301 2302 2303 2304 2305 2306 2307 2308 2309 2310 2311 2312 2313 2314 2315 2316 2317 2318 2319 2320 2321 2322 2323 2324 2325 2326 2327 2328 2329 2330 2331 2332 2333 2334 2335 2336 2337 2338 2339 2340 2341 2342 2343 2344 2345 2346 2347 2348 2349 2350 2351 2352 2353 2354 2355 2356 2357 2358 2359 2360 2361 2362 2363 2364 2365 2366 2367 2368 2369 2370 2371 2372 2373 2374 2375 2376 2377 2378 2379 2380 2381 2382 2383 2384 2385 2386 2387 2388 2389 2390 2391 2392 2393 2394 2395 2396 2397 2398 2399 2400 2401 2402 2403 2404 2405 2406 2407 2408 2409 2410 2411 2412 2413 2414 2415 2416 2417 2418 2419 2420 2421 2422 2423 2424 2425 2426 2427 2428 2429 2430 2431 2432 2433 2434 2435 2436 2437 2438 2439 2440 2441 2442 2443 2444 2445 2446 2447 2448 2449 2450 2451 2452 2453 2454 2455 2456 2457 2458 2459 2460 2461 2462 2463 2464 2465 2466 2467 2468 2469 2470 2471 2472 2473 2474 2475 2476 2477 2478 2479 2480 2481 2482 2483 2484 2485 2486 2487 2488 2489 2490 2491 2492 2493 2494 2495 2496 2497 2498 2499 2500 2501 2502 2503 2504 2505 2506 2507 2508 2509 2510 2511 2512 2513 2514 2515 2516 2517 2518 2519 2520 2521 2522 2523 2524 2525 2526 2527 2528 2529 2530 2531 2532 2533 2534 2535 2536 2537 2538 2539 2540 2541 2542 2543 2544 2545 2546 2547 2548 2549 2550 2551 2552 2553 2554 2555 2556 2557 2558 2559 2560 2561 2562 2563 2564 2565 2566 2567 2568 2569 2570 2571 2572 2573 2574 2575 2576 2577 2578 2579 2580 2581 2582 2583 2584 2585 2586 2587 2588 2589 2590 2591 2592 2593 2594 2595 2596 2597 2598 2599 2600 2601 2602 2603 2604 2605 2606 2607 2608 2609 2610 2611 2612 2613 2614 2615 2616 2617 2618 2619 2620 2621 2622 2623 2624 2625 2626 2627 2628 2629 2630 2631 2632 2633 2634 2635 2636 2637 2638 2639 2640 2641 2642 2643 2644 2645 2646 2647 2648 2649 2650 2651 2652 2653 2654 2655 2656 2657 2658 2659 2660 2661 2662 2663 2664 2665 2666 2667 2668 2669 2670 2671 2672 2673 2674 2675 2676 2677 2678 2679 2680 2681 2682 2683 2684 2685 2686 2687 2688 2689 2690 2691 2692 2693 2694 2695 2696 2697 2698 2699 2700 2701 2702 2703 2704 2705 2706 2707 2708 2709 2710 2711 2712 2713 2714 2715 2716 2717 2718 2719 2720 2721 2722 2723 2724 2725 2726 2727 2728 2729 2730 2731 2732 2733 2734 2735 2736 2737 2738 2739 2740 2741 2742 2743 2744 2745 2746 2747 2748 2749 2750 2751 2752 2753 2754 2755 2756 2757 2758 2759 2760 2761 2762 2763 2764 2765 2766 2767 2768 2769 2770 2771 2772 2773 2774 2775 2776 2777 2778 2779 2780 2781 2782 2783 2784 2785 2786 2787 2788 2789 2790 2791 2792 2793 2794 2795 2796 2797 2798 2799 2800 2801 2802 2803 2804 2805 2806 2807 2808 2809 2810 2811 2812 2813 2814 2815 2816 2817 2818 2819 2820 2821 2822 2823 2824 2825 2826 2827 2828 2829 2830 2831 2832 2833 2834 2835 2836 2837 2838 2839 2840 2841 2842 2843 2844 2845 2846 2847 2848 2849 2850 2851 2852 2853 2854 2855 2856 2857 2858 2859 2860 2861 2862 2863 2864 2865 2866 2867 2868 2869 2870 2871 2872 2873 2874 2875 2876 2877 2878 2879 2880 2881 2882 2883 2884 2885 2886 2887 2888 2889 2890 2891 2892 2893 2894 2895 2896 2897 2898 2899 2900 2901 2902 2903 2904 2905 2906 2907 2908 2909 2910 2911 2912 2913 2914 2915 2916 2917 2918 2919 2920 2921 2922 2923 2924 2925 2926 2927 2928 2929 2930 2931 2932 2933 2934 2935 2936 2937 2938 2939 2940 2941 2942 2943 2944 2945 2946 2947 2948 2949 2950 2951 2952 2953 2954 2955 2956 2957 2958 2959 2960 2961 2962 2963 2964 2965 2966 2967 2968 2969 2970 2971 2972 2973 2974 2975 2976 2977 2978 2979 2980 2981 2982 2983 2984 2985 2986 2987 2988 2989 2990 2991 2992 2993 2994 2995 2996 2997 2998 2999 3000 3001 3002 3003 3004 3005 3006 3007 3008 3009 3010 3011 3012 3013 3014 3015 3016 3017 3018 3019 3020 3021 3022 3023 3024 3025 3026 3027 3028 3029 3030 3031 3032 3033 3034 3035 3036 3037 3038 3039 3040 3041 3042 3043 3044 3045 3046 3047 3048 3049 3050 3051 3052 3053 3054 3055 3056 3057 3058 3059 3060 3061 3062 3063 3064 3065 3066 3067 3068 3069 3070 3071 3072 3073 3074 3075 3076 3077 3078 3079 3080 3081 3082 3083 3084 3085 3086 3087 3088 3089 3090 3091 3092 3093 3094 3095 3096 3097 3098 3099 3100 3101 3102 3103 3104 3105 3106 3107 3108 3109 3110 3111 3112 3113 3114 3115 3116 3117 3118 3119 3120 3121 3122 3123 3124 3125 3126 3127 3128 3129 3130 3131 3132 3133 3134 3135 3136 3137 3138 3139 3140 3141 3142 3143 3144 3145 3146 3147 3148 3149 3150 3151 3152 3153 3154 3155 3156 3157 3158 3159 3160 3161 3162 3163 3164 3165 3166 3167 3168 3169 3170 3171 3172 3173 3174 3175 3176 3177 3178 3179 3180 3181 3182 3183 3184 3185 3186 3187 3188 3189 3190 3191 3192 3193 3194 3195 3196 3197 3198 3199 3200 3201 3202 3203 3204 3205 3206 3207 3208 3209 3210 3211 3212 3213 3214 3215 3216 3217 3218 3219 3220 3221 3222 3223 3224 3225 3226 3227 3228 3229 3230 3231 3232 3233 3234 3235 3236 3237 3238 3239 3240 3241 3242 3243 3244 3245 3246 3247 3248 3249 3250 3251 3252 3253 3254 3255 3256 3257 3258 3259 3260 3261 3262 3263 3264 3265 3266 3267 3268 3269 3270 3271 3272 3273 3274 3275 3276 3277 3278 3279 3280 3281 3282 3283 3284 3285 3286 3287 3288 3289 3290 3291 3292 3293 3294 3295 3296 3297 3298 3299 3300 3301 3302 3303 3304 3305 3306 3307 3308 3309 3310 3311 3312 3313 3314 3315 3316 3317 3318 3319 3320 3321 3322 3323 3324 3325 3326 3327 3328 3329 3330 3331 3332 3333 3334 3335 3336 3337 3338 3339 3340 3341 3342 3343 3344 3345 3346 3347 3348 3349 3350 3351 3352 3353 3354 3355 3356 3357 3358 3359 3360 3361 3362 3363 3364 3365 3366 3367 3368 3369 3370 3371 3372 3373 3374 3375 3376 3377 3378 3379 3380 3381 3382 3383 3384 3385 3386 3387 3388 3389 3390 3391 3392 3393 3394 3395 3396 3397 3398 3399 3400 3401 3402 3403 3404 3405 3406 3407 3408 3409 3410 3411 3412 3413 3414 3415 3416 3417 3418 3419 3420 3421 3422 3423 3424 3425 3426 3427 3428 3429 3430 3431 3432 3433 3434 3435 3436 3437 3438 3439 3440 3441 3442 3443 3444 3445 3446 3447 3448 3449 3450 3451 3452 3453 3454 3455 3456 3457 3458 3459 3460 3461 3462 3463 3464 3465 3466 3467 3468 3469 3470 3471 3472 3473 3474 3475 3476 3477 3478 3479 3480 3481 3482 3483 3484 3485 3486 3487 3488 3489 3490 3491 3492 3493 3494 3495 3496 3497 3498 3499 3500 3501 3502 3503 3504 3505 3506 3507 3508 3509 3510 3511 3512 3513 3514 3515 3516 3517 3518 3519 3520 3521 3522 3523 3524 3525 3526 3527 3528 3529 3530 3531 3532 3533 3534 3535 3536 3537 3538 3539 3540 3541 3542 3543 3544 3545 3546 3547 3548 3549 3550 3551 3552 3553 3554 3555 3556 3557 3558 3559 3560 3561 3562 3563 3564 3565 3566 3567 3568 3569 3570 3571 3572 3573 3574 3575 3576 3577 3578 3579 3580 3581 3582 3583 3584 3585 3586 3587 3588 3589 3590 3591 3592 3593 3594 3595 3596 3597 3598 3599 3600 3601 3602 3603 3604 3605 3606 3607 3608 3609 3610 3611 3612 3613 3614 3615 3616 3617 3618 3619 3620 3621 3622 3623 3624 3625 3626 3627 3628 3629 3630 3631 3632 3633 3634 3635 3636 3637 3638 3639 3640 3641 3642 3643 3644 3645 3646 3647 3648 3649 3650 3651 3652 3653 3654 3655 3656 3657 3658 3659 3660 3661 3662 3663 3664 3665 3666 3667 3668 3669 3670 3671 3672 3673 3674 3675 3676 3677 3678 3679 3680 3681 3682 3683 3684 3685 3686 3687 3688 3689 3690 3691 3692 3693 3694 3695 3696 3697 3698 3699 3700 3701 3702 3703 3704 3705 3706 3707 3708 3709 3710 3711 3712 3713 3714 3715 3716 3717 3718 3719 3720 3721 3722 3723 3724 3725 3726 3727 3728 3729 3730 3731 3732 3733 3734 3735 3736 3737 3738 3739 3740 3741 3742 3743 3744 3745 3746 3747 3748 3749 3750 3751 3752 3753 3754 3755 3756 3757 3758 3759 3760 3761 3762 3763 3764 3765 3766 3767 3768 3769 3770 3771 3772 3773 3774 3775 3776 3777 3778 3779 3780 3781 3782 3783 3784 3785 3786 3787 3788 3789 3790 3791 3792 3793 3794 3795 3796 3797 3798 3799 3800 3801 3802 3803 3804 3805 3806 3807 3808 3809 3810 3811 3812 3813 3814 3815 3816 3817 3818 3819 3820 3821 3822 3823 3824 3825 3826 3827 3828 3829 3830 3831 3832 3833 3834 3835 3836 3837 3838 3839 3840 3841 3842 3843 3844 3845 3846 3847 3848 3849 3850 3851 3852 3853 3854 3855 3856 3857 3858 3859 3860 3861 3862 3863 3864 3865 3866 3867 3868 3869 3870 3871 3872 3873 3874 3875 3876 3877 3878 3879 3880 3881 3882 3883 3884 3885 3886 3887 3888 3889 3890 3891 3892 3893 3894 3895 3896 3897 3898 3899 3900 3901 3902 3903 3904 3905 3906 3907 3908 3909 3910 3911 3912 3913 3914 3915 3916 3917 3918 3919 3920 3921 3922 3923 3924 3925 3926 3927 3928 3929 3930 3931 3932 3933 3934 3935 3936 3937 3938 3939 3940 3941 3942 3943 3944 3945 3946 3947 3948 3949 3950 3951 3952 3953 3954 3955 3956 3957 3958 3959 3960 3961 3962 3963 3964 3965 3966 3967 3968 3969 3970 3971 3972 3973 3974 3975 3976 3977 3978 3979 3980 3981 3982 3983 3984 3985 3986 3987 3988 3989 3990 3991 3992 3993 3994 3995 3996 3997 3998 3999 4000 4001 4002 4003 4004 4005 4006 4007 4008 4009 4010 4011 4012 4013 4014 4015 4016 4017 4018 4019 4020 4021 4022 4023 4024 4025 4026 4027 4028 4029 4030 4031 4032 4033 4034 4035 4036 4037 4038 4039 4040 4041 4042 4043 4044 4045 4046 4047 4048 4049 4050 4051 4052 4053 4054 4055 4056 4057 4058 4059 4060 4061 4062 4063 4064 4065 4066 4067 4068 4069 4070 4071 4072 4073 4074 4075 4076 4077 4078 4079 4080 4081 4082 4083 4084 4085 4086 4087 4088 4089 4090 4091 4092 4093 4094 4095 4096 4097 4098 4099 4100 4101 4102 4103 4104 4105 4106 4107 4108 4109 4110 4111 4112 4113 4114 4115 4116 4117 4118 4119 4120 4121 4122 4123 4124 4125 4126 4127 4128 4129 4130 4131 4132 4133 4134 4135 4136 4137 4138 4139 4140 4141 4142 4143 4144 4145 4146 4147 4148 4149 4150 4151 4152 4153 4154 4155 4156 4157 4158 4159 4160 4161 4162 4163 4164 4165 4166 4167 4168 4169 4170 4171 4172 4173 4174 4175 4176 4177 4178 4179 4180 4181 4182 4183 4184 4185 4186 4187 4188 4189 4190 4191 4192 4193 4194 4195 4196 4197 4198 4199 4200 4201 4202 4203 4204 4205 4206 4207 4208 4209 4210 4211 4212 4213 4214 4215 4216 4217 4218 4219 4220 4221 4222 4223 4224 4225 4226 4227 4228 4229 4230 4231 4232 4233 4234 4235 4236 4237 4238 4239 4240 4241 4242 4243 4244 4245 4246 4247 4248 4249 4250 4251 4252 4253 4254 4255 4256 4257 4258 4259 4260 4261 4262 4263 4264 4265 4266 4267 4268 4269 4270 4271 4272 4273 4274 4275 4276 4277 4278 4279 4280 4281 4282 4283 4284 4285 4286 4287 4288 4289 4290 4291 4292 4293 4294 4295 4296 4297 4298 4299 4300 4301 4302 4303 4304 4305 4306 4307 4308 4309 4310 4311 4312 4313 4314 4315 4316 4317 4318 4319 4320 4321 4322 4323 4324 4325 4326 4327 4328 4329 4330 4331 4332 4333 4334 4335 4336 4337 4338 4339 4340 4341 4342 4343 4344 4345 4346 4347 4348 4349 4350 4351 4352 4353 4354 4355 4356 4357 4358 4359 4360 4361 4362 4363 4364 4365 4366 4367 4368 4369 4370 4371 4372 4373 4374 4375 4376 4377 4378 4379 4380 4381 4382 4383 4384 4385 4386 4387 4388 4389 4390 4391 4392 4393 4394 4395 4396 4397 4398 4399 4400 4401 4402 4403 4404 4405 4406 4407 4408 4409 4410 4411 4412 4413 4414 4415 4416 4417 4418 4419 4420 4421 4422 4423 4424 4425 4426 4427 4428 4429 4430 4431 4432 4433 4434 4435 4436 4437 4438 4439 4440 4441 4442 4443 4444 4445 4446 4447 4448 4449 4450 4451 4452 4453 4454 4455 4456 4457 4458 4459 4460 4461 4462 4463 4464 4465 4466 4467 4468 4469 4470 4471 4472 4473 4474 4475 4476 4477 4478 4479 4480 4481 4482 4483 4484 4485 4486 4487 4488 4489 4490 4491 4492 4493 4494 4495 4496 4497 4498 4499 4500 4501 4502 4503 4504 4505 4506 4507 4508 4509 4510 4511 4512 4513 4514 4515 4516 4517 4518 4519 4520 4521 4522 4523 4524 4525 4526 4527 4528 4529 4530 4531 4532 4533 4534 4535 4536 4537 4538 4539 4540 4541 4542 4543 4544 4545 4546 4547 4548 4549 4550 4551 4552 4553 4554 4555 4556 4557 4558 4559 4560 4561 4562 4563 4564 4565 
SCALARS Resistivity double 1
LOOKUP_TABLE default
96.8580300827 105.07361195608 138.55416187471 292.13459187216 172.13313457777 97.492342601778 178.15251592563 174.12653128622 164.64617012143 100.84979743885 88.477935847464 188.55392639126 111.78221173248 265.1381640111 100.96687208637 179.90844307203 111.93034509102 97.502144249942 288.11191506118 94.086223043292 154.02615074049 105.14396480355 427.65840097727 215.36148838843 212.28472238944 165.91356113465 162.59622684776 119.29149079765 113.29270634886 114.71977299078 236.24459661005 223.98934575117 102.22957832316 163.13025268637 224.59829800147 111.47391819593 188.44712201267 67.678294955314 71.26988741276 130.35873618428 177.30239839827 49.484835063029 147.6769979785 155.89112250408 178.53720891332 132.6814849512 174.40290233593 147.03662076628 203.03019436741 596.78704319476 225.30636016343 173.51704771336 127.94679739545 344.39640979983 118.37719989352 73.56567876662 229.09758556983 105.45399367181 146.06954310621 114.60217522099 109.72216222798 116.66349808958 143.61478610251 195.43276619422 213.29599560232 129.00054684658 249.57005399812 214.1538500854 133.64257135256 344.58813800707 136.35115550335 156.8882679095 287.77043919384 342.04843567074 256.92986025026 105.88269196111 79.999728581125 105.35455562407 101.75549964972 154.67156109404 190.83338390303 107.97746404382 94.309057350168 187.92401505142 94.65874735496 93.705897475213 156.48950752839 186.1601485025 132.79101308989 132.59420782978 123.81584001747 352.10300667538 113.23502864677 93.896203021736 76.210607063555 56.401041166063 103.70318493453 101.91452412706 149.99802036593 81.366141081086 136.75985426426 162.32489473 221.40836410039 179.59526548326 210.14388039743 173.01754845664 196.4823979362 266.37626061655 313.91197876625 112.4847101591 119.1557470645 270.44476970742 120.53353595879 278.56846868336 279.87253618022 163.73563044133 66.906991557628 272.52637463165 302.13920753391 293.85823051165 106.25975916152 135.90222686972 311.47092609782 309.0011872979 103.66099012935 319.13336686018 343.6638012826 316.21644954883 68.320089566774 293.42798455031 321.88445695633 134.33892737477 228.80267059452 336.56239221885 63.458320355965 102.34682568873 92.854359627927 257.33091915121 175.32445285885 251.70691073025 305.60061612017 260.26078500211 123.14841780359 324.11354160464 331.22551676563 337.99046893626 172.00727704999 164.75861602917 198.78853435434 276.36088332391 138.4467282262 274.90511719014 329.43688741989 60.401707780297 95.129877126411 325.90061439951 276.27047656538 243.90969475252 85.111410872941 316.62602014327 373.05231414985 218.20521237466 203.91471473767 110.82791303992 474.17800825879 136.38464083794 413.64439398247 558.43603862743 188.69891108832 306.11193981442 382.89589099888 117.87121779774 225.02285814891 218.12143947435 106.911077502 72.684213898261 178.55457131385 124.90205543224 239.14933221832 229.30716699593 175.11588209364 254.24847190736 217.52347495419 434.57133330896 176.03215658812 310.17521783057 380.75760478587 120.86736782003 372.28233076186 308.45646129245 88.359670552716 336.19492784884 362.4601620548 262.10592447048 118.52246302594 363.89919963664 140.52637052361 300.74625572648 302.44202816162 198.86073280838 121.82048782432 271.01464401686 150.84622297626 383.66467948468 509.11473130558 81.006288105099 418.5472117752 92.212652904383 313.70420586254 184.39710562335 436.33199225574 317.0556377999 217.17697156217 170.49666890958 189.37071279797 85.589760332854 403.04184797605 51.501822619161 74.327393326594 288.07159373034 88.867189245478 92.432200894801 233.57610411261 203.85734856065 95.061489559007 60.170480086756 171.45222635434 55.533505312981 72.005878445875 107.90562779862 187.79190187789 46.275864184006 119.38177132391 145.06399386125 108.47538204478 172.11543932303 82.396312445123 94.914070254228 70.265167344632 162.38530677151 188.25309052357 134.54169328013 130.88707122686 212.05945777973 311.85427537013 175.77165329021 205.05035510472 140.63609048859 152.25813555565 249.64364113315 182.86456666962 136.4722018693 94.631626501742 124.10333422758 83.806150563738 96.179439715742 160.51497070449 108.86788354903 87.585278798212 95.441278242833 141.34803717059 340.40509780449 1749.1696258728 173.4422941391 78.325084747574 91.886666626802 246.87209706299 152.7803075316 99.603972565444 121.42193576436 98.13416090902 193.41259981687 344.69580689005 779.37390120703 250.94584490762 118.46768501793 111.12630239127 245.38731325233 133.93265510572 56.945480480299 73.546917525039 100.78151540714 80.781710480793 88.272252658477 143.37930651593 63.146564649914 147.28480306741 267.85188338198 133.21798740354 108.77720730642 191.00662695569 172.01200087644 425.59046843856 358.59532559237 110.86441093972 178.30697261139 205.37025224915 270.31405450813 417.75374246889 101.26080678619 207.65983293688 159.17244107325 94.082055610746 741.94971887949 419.15872958336 82.861016842068 265.95354943254 833.85134531326 141.83218142691 4067.9417294603 1334.5259780477 253.92642708976 131.63593023958 862.88355499633 355.18508570027 79.87768813885 101.0096994963 955.81061232254 129.51861906386 148.97558606548 113.55074818505 121.85098059085 267.43528673971 119.40591607004 82.588727185687 130.14479641979 165.36450279482 98.070402801375 104.20361993779 3036.6741661897 32.082574728565 104.45803285237 277.48016461306 98.881093173405 144.78848982391 188.4108611971 73.688565368813 187.65195836615 270.52361982807 104.1624520475 111.95218045384 105.63491965314 264.82801661751 143.0911561174 180.51554810487 347.06395341871 189.60102996114 173.85552354736 107.45549482911 88.988825470642 368.63295640819 108.02780182552 146.46682620829 168.30809146301 188.88695375576 145.78349524028 74.588537979586 193.62518233044 82.694876778898 121.74897500785 107.04066659259 430.09584097057 170.80531775615 168.11338723321 125.73603998507 200.45068028981 154.3930708275 133.71008727466 195.629854804 105.99840597335 147.8027772095 133.13708246183 161.22760749545 213.37856056994 123.67434488253 115.84523408641 111.09253003471 101.36482074471 271.79383036669 99.566510389517 132.77158101677 104.38215502271 101.41770015908 57.461943245867 114.23578219711 107.60624569165 271.08086896199 137.19321156956 140.34091175862 79.128265362352 144.30382688367 116.20713035137 121.9355690596 127.55439851818 164.00325013553 94.616528166338 111.48155019507 153.30581402859 146.75244285248 110.51266725441 151.05137426951 145.97065409666 120.16188695047 91.167411857234 238.886576498 119.72507139354 182.60244703372 156.15285110511 192.81514937994 134.66884301719 137.02793961396 105.09995935692 148.77156017697 141.00565829667 127.49537105237 116.82552901081 116.42712042063 129.45086903394 134.5371412333 96.665342538366 156.01815560375 221.46453110796 242.62851022192 90.199180433838 101.86062552522 118.07014538318 292.84983864218 114.71297080038 99.142238185706 243.84429556168 303.3482311542 279.66994984183 283.05061031305 273.49831712451 264.38109165415 321.2628191136 318.27277009325 224.27095455847 325.40079972303 268.80915865188 361.04391627859 291.55067594926 286.15926608277 266.69918130476 315.6334901832 283.95839067512 335.23211691442 318.3508082463 278.77228051994 320.37647488426 424.40687266561 392.48143595428 271.3396439404 224.81267415926 393.27124298333 360.19806834723 107.45140770243 106.61897896796 105.22563297332 128.19366795865 129.79162641105 146.15385573934 102.10538477063 107.13180484794 112.55241864173 110.04925906076 335.83096703983 329.99585975513 251.84855296609 427.92510494464 227.7480119323 312.72101926324 296.1459399826 279.49830521784 71.326005713671 87.610167586424 81.496358880981 104.06354232068 76.503211392944 88.806482575606 183.86266372398 231.01600538727 288.66002600561 883.03695857849 91.781185239449 96.486868437696 175.30905975481 238.98787892451 157.36299043108 175.18023054443 89.17163950617 78.840261548668 91.849447058492 132.60894577819 131.44883323618 141.65607573615 84.018398228702 105.77753991875 75.186074422867 80.989367853281 132.1065042377 100.86014649268 86.440072586609 140.6379136685 105.81451471512 88.112045352724 106.99628805593 110.29481015717 87.057712116684 69.437267314868 833.86788007131 862.51920259488 134.14719939993 127.33958397041 108.96332973546 75.27670737682 78.116835207013 59.908736153743 80.405453009963 93.913253520657 138.60655420698 141.35429949161 158.48315374795 116.37919130635 109.64277971112 109.98430848686 115.78074522706 118.53922413579 111.25950618514 98.224171830964 103.07235829144 106.80069183005 45.533530330461 123.64914928233 92.560513421332 122.96840171987 114.79391986215 131.26932109393 112.63889382728 112.26211708011 176.15632595293 152.30225285283 145.36343533205 107.22489532264 150.32514975191 145.90782738998 112.82126733483 113.2109561353 113.07657875523 93.783314273679 113.05189454126 241.87048134339 171.5999450793 162.32711615481 156.99229637016 136.36280785919 215.10715530021 236.39081398667 201.4707907335 106.02081068986 180.74625142841 174.53502192905 217.01195573001 179.37482269652 154.7263643094 202.08134673269 284.45185446897 236.53206595368 189.82375522924 164.69943277002 155.17777775743 140.66360651472 153.82780507958 217.847728885 143.98266298122 109.20721906912 130.17772192809 234.09972690032 278.07001909246 273.13203959053 266.83895903991 197.11418512833 305.81567207042 352.76768994022 294.99946269488 282.30732779275 54.583707134507 304.83911496528 271.34078481907 271.11948321839 313.10942439182 280.59735833853 312.4471911254 409.03212600964 405.77273932436 181.60312689936 160.89968444173 281.48912666668 244.74146547792 200.56754575793 174.10626615431 115.84555397896 103.71487732135 146.44064514948 127.99716177337 110.6624979405 115.98623081268 110.0822997375 161.16197178554 331.29606443959 256.98799587265 293.23174260911 283.85158834988 301.88036500235 260.74453198953 67.108410386954 86.503191330779 87.588344614706 78.803357703659 111.44114337154 88.81605281838 99.311301380891 73.636797745655 605.19687257757 1351.6772815708 363.71818669601 335.23820924163 154.12049274918 78.725654339838 75.398401019811 65.909943333339 127.49570276563 104.57671705766 68.981825178182 62.661900801984 67.990761385873 65.917356262911 150.39342687655 129.89849215223 538.64049480771 47.577996282933 73.233309173905 100.42619595085 71.30772879611 162.66523472189 122.62744271846 100.82182058719 75.042760915622 78.473545028837 107.64671573653 110.22205211411 72.254331574295 140.35318804507 114.84939940856 179.33380849946 120.52237168773 124.62327114499 74.795493935766 58.587307389685 53.12746455405 128.64902838997 91.365952300637 73.125955997308 115.09974590364 131.02087900568 159.87729932738 109.64137532052 113.96469582889 143.4479777023 137.21540144557 150.21792207829 129.42239130027 131.13771494892 115.30739448216 142.28647844481 99.759519128755 100.07765463969 162.70054209947 137.99772257335 140.73850199555 151.2533958434 129.1284219977 228.38813859041 217.35223671748 196.31363784817 201.06997003102 189.28168895633 168.60483017314 225.33087681585 169.95154255885 162.98420811452 133.04745943473 130.96985689481 143.16840229967 116.98427288588 119.49112483494 279.39720853224 276.99652496084 250.52096405018 194.75857156484 226.98553719174 214.91721557618 266.02307423704 254.35593772087 291.45585644207 300.4483782768 400.40449198738 304.13640501022 110.46030016731 112.38821804852 85.968797190347 101.92283300787 90.265465652219 102.09298111182 301.42007426703 240.52159828681 247.08643284041 184.60845375661 93.226745241833 83.119213732171 95.20050098559 85.71101666924 107.81525629129 63.221048206122 54.878101296887 85.570016362807 328.80766947585 82.165639675009 109.88218807311 77.286075026341 126.46602422256 104.11626350754 114.99039457307 80.790024402875 103.37313169525 43.063683087167 107.65231902068 80.048501675662 103.22041730277 72.217213390617 113.8336759744 120.19400846914 135.48922953741 124.27433700222 104.91210739029 146.54821586312 116.846894021 110.40141041426 171.90774047541 183.27345065007 129.65671669913 143.00158921638 270.90774860391 260.27546330688 330.32447222844 331.526204891 125.73408110958 101.79842659989 169.40114973863 153.24346409545 207.1383751865 102.9857861565 144.24781635477 76.763255347418 89.861601662335 65.836784410406 97.556517687968 76.59432594972 146.03904146596 125.51013972303 150.73401062906 148.55213292414 146.88056328057 120.28746170494 144.24010195551 167.82600121898 224.68493635976 238.47609991136 171.77008493899 215.27117274342 292.32078850673 253.96393848457 263.29428545772 254.95392002552 89.103964766713 100.18117288052 44.264817984199 76.735267968103 338.74154242967 75.782403443602 59.524386794206 55.969136494629 278.55493038746 141.23318657815 329.77217842881 90.256748156608 63.152558078234 33.936216032695 448.49771450764 687.0923043082 121.19376908494 152.8119847902 209.03949028956 182.36422493597 150.43299259608 157.95003684535 266.22346726385 266.8991135303 109.57335328462 84.838477798884 168.53807707185 166.52093750255 51.63728373174 59.090758897886 295.20616830755 340.04955298113 182.54425863526 229.12030618217 211.12920662872 361.6277287326 63.894542387728 76.379404646297 63.677995499182 56.391033666861 101.05254781199 66.26250551668 39.692786416141 58.365550248293 62.173028026643 69.682495419904 89.906866393777 92.261398659686 92.865421534131 79.015736283635 249.26000273007 224.6246672204 363.78844255241 581.75799194288 316.50614194945 294.14935319609 54.965400437065 61.52383946778 66.626613056622 68.580108428757 146.86734056786 135.13177786527 194.19912439986 155.48654211898 163.49485409436 159.09931799804 312.84707635612 157.10951189483 190.04160390546 151.79808412734 147.28321507311 93.955644301372 36.269397025378 66.362042083021 47.492777216916 67.526889677451 43.564334385732 97.838294221164 48.854406787358 51.656853353628 45.744594973342 54.300959258797 130.61337612324 257.57149145753 112.39886458562 37.567636898514 218.35244509319 133.29256637768 543.75497643466 462.44838589892 109.41640212346 179.39766707227 235.71121622468 142.87116624122 217.38498452053 160.68620317551 163.03778474662 150.30193342967 148.17041089884 141.34171097752 302.43345924938 273.90133559203 139.46113252006 89.140080351768 102.84970145454 95.957822825471 59.976180371203 60.628064304972 146.11144369336 134.50613625506 300.5345991817 231.60047265382 73.602172733026 96.868897785162 46.701389157933 57.145302961965 61.072938519064 52.465900782311 69.447266940152 51.873785248977 34.400580010051 50.539854978437 74.936556990017 41.877100802907 92.26597155028 76.247050010855 85.982165280531 91.496207306338 105.75988731969 52.612859216973 184.91561909147 142.1825288461 283.93582837663 200.2783263979 114.18135421324 259.80722423903 52.457225511267 49.65816632475 50.551238453285 44.307081083692 41.169863511395 59.517825190471 230.88145603261 196.37367502024 59.709755429646 47.132002961172 98.851904979317 81.552635083753 169.37074317907 173.25546360564 194.70952821884 95.962945327088 46.56425302736 53.308600199958 35.955093874229 73.537715273394 77.210302224521 53.183597630227 50.46971296825 60.600621074563 49.107337964834 46.622871160892 233.47246639052 167.6505439415 175.02038199512 132.92897664869 48.792425519478 53.725574365165 40.168339171406 44.880905389293 62.608745131356 87.047203100593 79.681931144032 52.757204909371 48.928548578046 57.765989667666 224.70559001248 125.412695044 74.45599195874 44.854016292947 79.820515449368 99.27712919498 238.0930938005 250.28819252445 80.025151126486 101.29657377324 139.70018614919 236.06405032989 171.55075209259 143.2513449512 136.64073357019 151.12305409488 40.982022457821 41.243656770341 145.23658972691 110.587833553 76.292882819663 76.318832929666 129.69261338719 125.66258790239 138.7370319997 146.10951582841 54.595290286286 61.956912993 42.424346033738 51.280942840013 48.654783990649 31.791330033236 181.81073754059 146.39168299213 97.253532074195 64.525374883799 70.568296276828 35.076851799498 244.69053360497 250.86402820525 105.33602640665 93.267779026177 136.04111527275 138.16418481296 155.09671293532 147.34618467683 66.724363680283 71.972178796968 86.570505363702 78.560164948162 84.360501011651 86.178241641489 74.773452013892 33.088964906127 193.88898504123 78.520386332711 141.91838338428 149.11988195983 136.16977881152 137.68515011007 123.26917892954 66.137583356368 122.62601585122 75.318857102184 280.036019353 144.94508451745 137.58910294972 141.10543854798 143.6254816487 145.54912335951 147.51100074109 157.9815861098 139.67371774742 53.753173114438 119.79521260984 184.46104181912 117.00632584896 122.02444173568 145.23670074023 134.38492930565 231.75008133975 219.2014669791 126.64074688838 32.422901728884 151.78206655819 127.70275623747 153.19887952533 160.51168955593 244.78891763422 167.52708352214 132.22319244303 83.735726206512 107.88541769454 128.64268999175 40.420408690121 47.388982469812 93.103038955028 98.558600691122 65.289499955149 58.827436216287 319.26665893135 96.036979116113 329.29399286566 255.03191248104 312.51435201264 252.55784971979 221.89777197927 160.81682468654 190.44946851494 66.87759477089 73.037822321607 69.259488339479 72.465939563179 95.851653151527 90.446492650995 74.253521797597 87.304058115458 188.18585684101 168.44920603015 153.74870996826 133.63671296484 64.621811488926 93.334336394068 143.21483333773 136.80413316109 78.292267553794 64.402916121369 94.244305824135 59.98538954046 102.20146436069 70.039454659756 272.05569922085 119.36889581072 86.709659374405 113.68815058107 238.09460006837 230.0263470397 273.73255150259 240.9579691752 249.29579483083 269.71037576599 134.63117270191 287.81276546633 264.45574664457 279.92101086034 281.94248802224 274.96957587936 253.15882388239 258.66288137828 302.35574284751 298.64564743387 288.41996292385 311.69623985585 277.72709529101 308.32052392372 301.06798030168 265.50032385023 269.85949324916 302.491999117 256.82692323277 227.0409974428 225.54124804138 241.04527335167 232.63699137728 234.18722543678 275.61321693169 131.494498651 287.81789374403 297.42304044117 112.6513210476 132.89278248441 153.22454448351 158.12708683363 63.906667344591 28.736924964388 179.71384927445 218.66556659246 38.739585510969 46.697313325524 132.43271587407 127.71578613955 126.09431846478 127.50508228 135.49620393791 164.65728369241 159.42290520711 148.02936729042 162.17740552999 162.41648331858 155.42494460963 87.484962153964 152.9365878522 142.51990530944 124.56781117597 121.70640202353 60.627954822948 106.14369063018 84.39193598951 63.657003473212 159.68963650823 128.25894513147 88.767537024728 118.97349747559 92.448305792815 81.807606502983 87.700252994951 114.51045356495 193.53716754078 145.22759783868 237.35494545131 252.14571517044 219.51057322161 231.49215192811 290.82243330256 216.97814770597 227.83261171796 214.83508145552 287.22116656138 274.03210355976 31.446220644708 42.350987329002 128.65564622664 117.44521702098 166.5773970622 142.89693034107 77.207673859288 76.840062132636 113.06686041207 167.32655615079 387.81305709275 219.43112863625 279.07297634046 260.0738819483 80.8678780771 80.532428244759 122.37650898464 100.52912240476 91.6935952362 36.695015317599 154.55085075398 81.949234765114 92.071667886156 103.57725760742 96.290480498595 104.89705414273 140.91651633076 132.3138026368 122.61335988889 99.398463018351 181.76366329352 104.0941794451 190.89583013667 158.47229381249 146.73934103291 121.78258590141 135.33741550166 176.31859166517 162.18788382119 113.68472487799 130.86782573741 157.73884733536 137.26189418281 110.43750126051 139.35436720232 269.94548665564 264.45737268575 249.64680816641 255.32861506274 81.071850587865 98.199332171352 95.881408564032 219.67006726131 272.79023041108 256.50789157504 234.86586614259 251.54463409029 169.95817318171 153.51944287819 98.085901968272 104.28672310488 105.50985762281 81.882441574231 156.92668081294 176.09734924316 124.96125370211 117.5956057505 265.26018454794 252.04956292197 178.36557574415 111.05117063196 52.295122048422 84.763445172833 243.08727088827 153.62174980887 67.901511115477 148.41756004775 169.27383674911 214.63010314043 128.45517434191 226.46822082558 65.019156458305 120.33790659995 145.00081053659 149.95173183579 71.155506666075 140.97472432928 85.043738251074 352.50382228567 78.231911712779 87.356948348918 127.87683050076 42.607772574541 199.60535471847 244.21489737164 136.23690083191 129.00739432737 96.895892597411 51.591171866173 89.54397068775 175.95999371272 82.620670550899 55.528435121837 205.69017777979 89.93083898521 142.17511537677 103.48344513942 294.26215625116 51.082636340187 348.59554927512 133.93509998935 150.6526416175 82.179109417383 112.27410487662 97.132235080766 85.89229796507 65.074108131308 281.56844138313 161.77837896892 142.84763781958 58.608258581425 125.90325249664 74.547426414002 72.7645800687 145.36874995317 65.463747968986 130.1752977785 85.864724766769 103.11761993446 207.34262627766 107.44131357673 56.072416634663 144.30630445582 164.04869419239 103.45831926941 73.200410635493 71.100909630673 70.112144669495 137.29534094072 83.228719568709 169.55611058642 141.68868897083 86.78891733185 88.648331976203 32.796396892273 32.889595856148 38.45415514281 158.53113857536 69.868046898807 89.767994068237 140.93872838982 229.96283678774 93.02998967316 120.26226253761 69.65923308291 117.90885056623 62.575761686449 93.170581680475 99.036247098 155.63245923826 108.25691267479 130.62622948343 121.9733180488 132.02531567813 61.856656137579 82.042497897366 95.708114406719 94.410346271719 135.45037217063 131.08137644624 165.75252617054 127.24344710912 144.77496515473 103.13053677859 206.22983126874 126.66666342797 135.31142726557 105.95709913873 57.389575734316 305.70067535619 297.90841828935 417.16551456449 45.258474997647 66.934788385165 52.331847545199 56.492108859965 163.36274702199 108.36457476413 165.65831790875 130.11269984444 128.95650459253 110.03185513321 96.528186730705 102.82446588002 81.714055210738 45.684799624304 134.56368731899 112.85681289491 113.78586495844 178.81257654482 125.41043631483 179.32088155467 164.51061563798 207.31034687718 140.9132438212 173.48648332845 109.54672372257 97.249928573603 132.6935840553 126.0532591556 81.152619641754 123.11768848921 114.24586862331 87.163958798932 88.671947901338 56.246907906128 55.381812095145 44.354181358772 60.659546606979 69.997829191734 159.13450749778 58.78674772232 62.123175109217 56.622750664957 49.713236194481 65.89351681332 68.182850547721 54.493138432277 79.711590911539 67.323741708774 72.722472251676 56.724204209372 211.7869837501 43.822464154651 110.05720252759 67.604238307293 72.881622930139 234.71410573029 86.351108002247 49.201213858595 45.515698669382 51.948358906001 49.446361408596 88.180927840791 118.95957872682 95.588292433631 92.171061996242 133.76867346723 124.71046774278 82.129601472544 89.691266912739 145.625101723 135.27677360729 176.20876952588 116.52461439278 188.84337397785 184.27014314288 167.86568554388 152.7429434812 162.88799694864 177.0317137712 158.93248625091 188.17166858117 157.98005830067 195.56907918678 136.14866194117 122.6279024009 88.054119145849 75.947110306429 110.3059440519 89.992360651271 108.94048793901 109.12791845989 73.59902070304 88.743055412074 105.21872357716 163.89644072179 88.623711184358 91.208443942821 106.33667697696 91.303989083893 90.879713632582 92.695537365443 100.14717869275 88.104828254978 88.612254759349 78.174225469832 223.48080601801 195.74934683904 173.70731811124 183.58445571686 161.80503163592 283.09839963247 100.12754173188 73.544150210472 73.734339142757 83.901614544629 61.877250540349 73.493966327584 91.618107306954 95.689194306828 107.35624083228 139.72335531907 105.26151892987 105.78934714169 87.26168393505 85.588680552703 147.89541198448 109.44820337056 85.969220942228 106.50080213173 67.061794654284 79.073458766518 96.942464069411 176.88374184111 112.29454826214 200.1373889407 198.59881064619 198.85482588385 180.09932202495 212.60121694944 200.71560567342 98.045287262154 105.6263056762 205.20854439745 145.82622164158 110.52825987209 85.389646468788 86.949583223081 66.812354671295 137.51753048746 81.726543682933 60.61112796284 90.024788564529 75.35071564634 207.8112974383 208.54597561071 278.48005830554 54.065570512279 137.91304851561 309.11250878929 280.30101373709 90.147155185607 142.33144777431 129.27545152138 214.52597155842 250.76201021705 253.35407641682 218.76237114421 88.36504926753 172.78962989628 66.441572419296 214.7456665046 177.13190861141 68.882230921929 91.181097861341 79.305205842516 124.91874825227 176.84290726274 240.80131907032 124.3476695569 244.04416838075 244.8010194543 220.88055472011 218.43892966104 229.57397340166 253.6020241731 231.73360755239 225.1106453582 255.64975614338 245.21768189538 249.94948520529 238.63984668274 252.14163857847 261.97438765527 291.22811696826 263.06987247028 304.37697498496 288.29328665873 90.085813927515 74.503238468689 175.59917681677 183.00499963254 83.035118271371 65.375854586253 76.744535959991 66.381237611818 140.86052852845 209.20736811873 91.812173784649 77.06053498915 262.47626624568 81.049726745177 143.8888147619 120.852052645 87.843851684921 70.540438018293 74.458023417841 115.76072661057 209.21401658488 93.404041539804 267.11026127578 271.7570243116 98.481252400513 91.328685884226 92.988730222029 78.939781168692 271.26356810567 94.003889144676 208.04596798136 209.43649835298 178.71647203825 302.15036048786 207.82672906258 164.0095709545 371.27173251118 300.40356189861 196.08052943509 244.1569564862 204.95903596322 379.01288744642 113.83999838359 120.98486042197 250.38316096567 293.70151071753 273.0206984591 42.575202251575 226.44712832906 324.33390418012 66.532061098858 211.78423815298 131.77692031271 51.889546708487 135.06438639938 156.75651382724 238.14029586613 112.59268606531 121.18615058912 143.8369462851 153.28133309544 150.88682581376 154.86219743329 281.61918686868 307.83944164324 418.88260193101 216.23885871619 103.91433516398 303.71876119724 283.99545138226 613.43762355551 237.61036019795 61.504652987477 54.509890876284 264.55228945859 261.55955535223 332.64264673964 157.80466612653 76.237496047837 76.275802248652 160.72836184841 128.48893809457 75.75972867301 254.94764230151 152.85025123401 123.35732437006 96.414508016593 189.44024526503 300.86668868705 97.017514464409 196.13333917231 163.10752759906 121.29179187659 385.38124687727 208.14502164125 289.87833488009 262.07837614754 279.77154865915 246.02687753901 196.49807149091 80.594617439681 74.393932822198 73.99109520232 76.589294851484 87.448243710967 82.211905434156 252.1801882947 268.43706183304 245.31397282133 248.09782933917 151.8914624539 110.01711207124 192.67076136614 244.54801374492 89.381939517664 104.37341286317 272.59702622985 260.54890189794 263.76856445238 180.54514936673 194.35365855513 326.76707914555 133.48587210622 76.115788531586 80.619634845674 92.720757328857 235.18423873184 292.92309959679 265.03790794911 82.75789187565 77.810099608434 81.451690813449 297.60602824529 238.37331798463 97.830478649886 245.54797995324 276.83505649658 52.177099077783 195.2593341564 297.88157066069 237.32758199178 130.46577395846 248.21742265436 253.93327385833 289.8824938385 64.005486060311 262.93018976908 123.92443327713 259.54747192484 236.40167048777 267.27701789964 277.86262330111 107.69511697879 306.69785442222 285.43690295858 80.514830606973 81.827797248061 206.94957324706 226.26026434868 72.208408182012 189.89868310329 73.596040995872 282.39497796399 272.05244475889 288.45926706862 81.396763958316 296.63787004142 293.99050739009 63.435909112302 299.59076953753 302.88856549302 315.43745677363 308.92129655734 304.88396976348 316.63785737654 311.01477199341 310.34765188113 299.88733838007 302.33926113239 308.14088719958 308.29149424265 313.71551936013 217.15941560116 412.80970813906 183.53774685571 273.39354631009 280.54085216839 137.39984630646 176.40402620198 271.16031496618 256.52058969069 220.50133838786 242.84796382397 265.55089798017 94.456426831647 144.83390581731 228.15906855348 330.49316413851 243.96006938584 208.54007914434 60.989306837098 268.54486840853 190.26154771875 213.2333005566 274.69733758729 247.27877991975 272.9948544083 254.22217449824 254.88926446974 84.848755376044 198.33417580588 232.76760980324 272.49075540201 306.33009946808 224.87957869318 71.200619539903 167.27514757452 170.01082107225 249.60164219207 278.41265408631 270.86448660924 120.072683643 184.12583273743 272.92897783338 296.9614877299 279.80539492848 282.93459159637 366.64716772267 328.82614815717 96.620370371801 253.83039416699 103.56704631113 72.275779189979 51.765753236198 223.63678926995 74.221599240877 126.06110959365 73.099654425386 298.46628706702 62.167059656897 73.578623488252 88.044007028668 145.51995834168 154.29342929495 77.977134347117 170.01486098451 65.605856745221 63.320935242988 62.650471524718 328.36552626621 248.23349645157 194.73878685178 215.91440308434 262.28412003454 297.58473969877 182.41812681574 318.03500483321 168.47491423192 163.08322822407 220.73232047098 303.98564173614 337.17450747982 372.67916818218 103.70109529356 293.33394887239 280.07907230424 296.54495572353 301.80892559394 312.39115141239 347.94872911169 156.42226439207 55.68321488119 248.5722970743 247.62810602453 66.502542064249 392.31459021901 397.20681607801 332.88731828025 411.3344496816 331.55641512754 298.1967871679 188.55885975945 281.50590926507 350.28576779816 225.62233948996 281.39619008746 95.618040375599 149.02193356796 188.52905849801 40.002677658113 222.20262375741 247.26619741962 133.59747690552 224.99551633419 141.85861829577 106.32052532028 97.578635078127 62.907152185888 123.74595627664 110.80725226162 179.29432814413 180.56681621344 97.656378269103 52.521823576772 152.39735351152 137.3683859183 83.808708140841 79.537888504359 234.37724814162 220.26012025673 126.86727021949 91.498359003206 233.56012596756 208.6571082214 69.093005843497 67.818171919728 63.940071110616 139.2183276138 56.022997099541 55.59476627828 95.573988577797 120.27793731131 55.995521973367 74.849174825483 49.793740766993 49.650382284964 120.05038015315 199.80263986003 92.963184980642 150.35895885156 56.000132419103 54.149807368127 51.518619500657 52.737292379671 85.658710301837 79.96690326818 49.788588415881 51.012327472211 58.186166053788 60.617396853625 57.236727470423 70.013524104836 60.677225021513 48.201037582881 49.292022000753 60.702169721798 58.547419754652 50.651316162129 70.201145309734 164.65075673261 69.327817341267 247.50547542361 84.179640137717 56.98435958938 68.187078377368 73.795112157445 182.82674396983 133.09181793928 58.857444967439 115.59036864662 60.659125069061 71.614259190156 169.42127232876 348.82136934249 73.639964007781 91.166694952815 135.79963791935 111.27825621821 160.97987474857 240.35925776364 111.49950392427 198.15612666002 103.68454760509 120.86073683099 179.84916520139 283.0339117586 140.12692483956 152.44591685101 85.662032407488 813.07479502354 331.99776257488 223.96580660234 147.55073449046 194.35120129041 202.66616588689 104.02858323252 265.19555789496 247.3906673627 339.9384856312 195.37546824713 886.04995522056 519.33626753806 669.92753602443 95.990191323785 95.189076037217 134.45729686421 99.194265092442 160.78505858414 173.74113815606 547.56888520535 635.81561248458 114.68874835988 107.90781486584 145.19548841002 109.59185919488 134.16989407979 88.561359529843 77.666331571946 65.589609486796 46.599756726264 60.204626525682 64.323216408243 55.188589111315 61.463199801204 56.530375756736 93.420132709049 51.264807716278 127.71687787601 60.641681508417 216.54057078924 258.10983847061 86.49357918547 98.310038362358 180.60142791538 76.210841377771 180.74231331448 372.45768658639 153.39240566908 173.20939030531 86.130290314374 108.90248350183 92.127574506683 139.15881929131 188.7658375896 222.10446970636 304.57215223604 208.24363109358 187.92843222333 229.9869211473 170.33602775007 236.17328845225 282.62293711371 110.39557806469 299.23792284586 241.43576753681 332.08034309947 298.95920528024 341.96182497216 330.63728639383 394.5919862235 277.12620331472 328.25490428095 319.69610288005 298.61557279982 380.80528239487 325.64057804875 269.89197989266 330.43906221113 420.42147012891 373.84344646458 357.06078657721 456.86439057525 394.12870938786 349.07518956721 417.00316649444 334.89675876402 353.85129759622 409.695439152 272.37925320301 333.10914706894 339.23443477228 283.32150189436 529.14448146418 93.178596608757 110.02143054066 178.83720940569 244.32988711045 151.36178283806 146.95413672475 132.50978428152 120.90804030771 116.93107896719 171.93022665449 240.77135229163 225.52364158742 291.33860758575 280.47270310797 42.425694103869 60.493324480189 101.83624247253 150.54114102625 186.03083836466 273.57335826436 145.80352647376 210.81554759118 183.66425591634 198.83801908242 235.93001761867 238.93837692879 250.8629041194 230.6955285185 153.03068413768 189.22942287741 278.92336672178 323.88039370958 419.64066355605 340.11664889413 285.94182133275 303.182839842 328.32745446787 191.34700603362 306.38682641902 326.24515202682 348.81542008785 353.74020853418 390.6478210943 377.87343143371 341.71368495969 260.93256230083 384.69974829557 282.70686312937 356.67867628796 366.12710197322 404.51579704195 211.90014070209 127.37334668932 260.63353021812 346.51283726861 246.96235623216 277.01128264212 403.8534755314 410.16870852212 385.0214435798 329.63517945315 372.91516386192 332.06879498416 339.20613962975 292.29287483644 374.55220638329 356.49700670704 360.38515255896 344.03707520995 338.13988110605 356.85295648768 349.66198139861 277.50624917009 302.18722163707 175.4692875642 326.50277098753 318.50362220739 358.81232777782 343.60504834286 309.58534996267 342.72752072545 295.09138248708 221.88818592188 335.16936381987 328.02112170509 335.88955811506 320.82406525749 322.77228512287 204.93473798162 321.02632834181 238.54535376184 206.43929186878 230.51660010426 331.44732506534 319.80275716606 309.73030762653 279.44330127564 245.45283977677 229.85485978369 326.42522127157 308.23082661456 333.94954738774 338.2807695392 291.10245691427 295.38167569383 349.83956747772 324.77619933381 269.14180370951 309.2869630117 362.67094348989 221.19961640533 241.43380082375 208.35666463854 280.84658612767 227.19815740138 349.7570609941 301.16139240639 364.14111340817 380.54098889243 340.88680571905 224.60070718172 230.87426695296 237.53105732959 225.08631078231 192.39748400401 249.92933185496 209.86784580767 269.04194256392 252.68857369201 277.66925888255 267.21076155425 242.56323158495 216.1073047241 228.70495578019 172.24175496153 243.99609634881 249.31358702787 319.7440460969 203.98360902538 377.91008301723 383.67010106597 423.31949721213 300.26823680516 361.85370917653 342.51351351836 362.73034934281 228.67962801141 252.01738023254 230.73335223563 270.34990816191 244.27596175726 385.26408207333 222.5234174606 302.52227390412 367.62931923592 308.67954788957 320.66420641548 228.36612626381 277.77490366619 292.83341915897 290.42727634088 222.33007869042 252.23015471113 256.2552418708 342.63428994584 297.24408797611 349.11325882751 405.25272673167 312.89058172346 493.81164255671 221.65330515944 407.09160838972 273.68988587383 211.51366555585 199.99087541729 435.99683852453 489.12786027954 352.921769359 267.01705429827 257.13757124576 287.98943154582 389.62679103486 335.5249333309 347.77693189346 202.24132522862 328.35768078295 417.89169430885 390.62216983859 279.50120724081 285.22330077562 386.05014809006 210.1694708462 184.43357761315 244.82355589067 201.22184052329 299.23472399327 252.27429029252 444.41316544984 366.73251370786 270.37793115129 333.79404346 210.27050153479 196.69160592979 186.91813086401 193.37642881949 442.44171491669 416.12737292031 304.5974697294 210.5566332749 360.65467242175 336.20581771973 511.31728356251 392.64901784944 322.2118784302 276.15278714883 293.32246905892 230.12459873006 420.26126933426 409.64069108386 330.13586622318 292.75429765234 373.03003648298 231.48050783288 490.39289284318 472.66336327802 245.43445923694 182.53340021442 669.42624087649 706.29430935387 481.77897435919 429.18953383328 295.60885243702 210.11134401782 466.55578853265 530.27714273257 446.93834695381 467.57303861854 588.21100879356 568.12420888517 449.52349853707 484.81739389562 431.24336294038 512.96628129948 510.9786932923 551.25119210855 514.52840257312 498.0168687669 460.02319712571 450.28697058865 534.6011351348 506.85023510121 570.98040744123 584.33809312223 521.84452013383 352.44743464005 640.07842071027 679.64958458639 471.65949529627 415.33483167654 626.48712353246 619.75311822176 590.93732724834 465.70059185421 500.23958981363 369.58246673058 644.1230339687 720.03913893481 436.78385972611 358.04015252976 391.10151752061 348.89477318376 407.17524168415 384.54821429372 359.50427828993 595.14474698377 693.29715839457 559.39964383885 536.73639588145 730.73059036491 791.41628748034 578.21182663451 609.66189921787 669.41201304137 754.34967418656 558.96009606596 616.37282626155 651.52662670135 744.56697322322 790.40552769967 669.35330077498 569.42107128439 681.09073572565 643.67003996317 759.90222223122 614.57853370112 592.81724003416 373.24279804035 620.81206923209 448.31451354254 390.64554779685 215.20764434541 514.99045248007 535.67723958958 613.79983197416 548.02110240389 646.51769395602 452.64362760461 560.37032772203 465.94720502417 422.69107871814 409.43052977219 508.62503225863 554.26238985986 470.44226016931 500.43631273908 452.16194232606 403.11975778912 436.82607996302 514.46466707881 420.75477825552 494.38099863256 545.51885307346 472.93721700895 470.95510644637 557.41701113109 606.75287867071 523.47070870169 575.33145110129 449.51487926337 390.27438644097 450.39838202278 516.92738803174 484.75282049018 540.40085820725 595.91240466647 602.57873378684 562.67640224627 504.79749580428 427.65941583596 298.68677031338 353.0248833857 483.86305894147 211.39877782577 389.44544660053 514.04975123344 558.31562979267 408.01223060011 348.00693914108 429.73999752735 547.49256890115 419.19582961731 211.83212878414 265.04803381596 301.76620889014 200.62899632035 103.20269027485 178.68523433006 413.28637594876 357.32866845985 553.76051060729 591.01422564729 590.71297242446 248.84868357773 421.47579464454 506.92013123403 692.28250796559 376.98610421887 431.64074363498 583.32204502241 651.81986445465 696.91623385759 669.80846350249 628.03029743224 591.99080150656 762.63759549596 724.71045662198 815.24803354065 815.23581566205 669.33245185379 799.47833234772 887.93412924248 824.90304577885 73.792230129389 210.4454672801 181.08373835689 197.90079153064 137.47165730805 124.87444968895 119.00054483984 383.6296445258 299.66037059261 303.99283079555 163.64335301375 173.84030897903 122.88169582983 136.58663347775 128.82127260146 215.68233298291 383.47277905329 313.16372225692 393.25937483048 367.92877397032 68.067441535156 93.119862436975 133.30762505728 137.95045653645 87.251273958145 109.16232478338 174.24315767139 109.33236196352 321.2552634421 189.16292151777 211.43632339794 219.27391034797 260.91023504275 340.85299842826 233.82712915109 152.91362534351 369.89714093081 336.01173726545 145.07727538993 237.66680502841 121.21719165994 163.57198411215 264.6395611323 359.3761616434 325.38908308286 316.02692067168 452.8818951476 356.24978997464 660.75904682506 264.56819582247 436.91020991027 477.74952693534 565.69173035312 508.14441229881 1000.9876810585 154.67909698939 402.09200808381 1421.5542134593 183.81608820606 221.93012429633 299.19389159625 573.97379044568 100.85738866599 130.79507194861 141.51801832088 204.74259228655 264.67935869245 229.16583085536 306.81355422008 302.90825875799 499.68357753311 772.85247581844 356.55862492244 493.28274352679 365.45376455608 361.22229620615 669.46176158327 495.88317368479 232.61968727946 293.16849357161 263.93160075198 335.21508114867 509.25867776636 347.54818325622 394.42742946098 323.50133255336 385.40871186748 532.95015699883 438.26741830671 320.56898061844 527.82312682336 452.76817964622 456.64692174942 285.34085400999 508.27430300452 516.1758366409 465.48066654406 400.17879027774 560.73340937069 346.83397218937 464.69403893874 473.30884330458 415.33522069354 448.32956458921 429.92519055225 764.08267314142 338.70880951365 440.08755755489 442.41651853003 370.98730928651 381.34841103864 504.31654935435 673.61131945366 519.2112016015 429.96323498777 551.75640643552 414.43774012864 779.5933137541 413.31059645756 410.13628326182 356.2158097388 621.16245809935 605.14988127268 382.68630738436 393.17687440412 559.58663353822 465.33159902394 523.43481114918 454.96663958604 329.2949754136 929.98004812668 457.02906196424 656.62151396559 849.03655757036 594.62368891209 773.64083527684 592.5818055796 374.57797149632 468.60467527207 343.55672992826 370.08238398228 1038.6318041283 547.99001614855 386.92829690873 351.31090102465 376.89521933178 352.70642868246 322.74377789308 828.74005082192 392.07462343545 352.54791253902 291.52537049375 312.31787733968 144.6694562572 320.1032090981 244.50035362687 329.3104290107 845.1733773242 774.61111179463 436.06204485813 1401.036239827 396.71516613134 535.51160484269 574.27129759148 681.11144613938 917.28663194726 642.80422209753 915.73730301073 1878.4191073197 638.9901287533 806.49615781949 423.79940323533 857.26070034942 564.43388859909 699.76129609406 688.18359617094 628.90303997234 129.99046439924 142.50311030261 276.24050954322 268.31959226862 264.76867054058 259.77293726294 305.66518282946 275.78947308045 271.43567000023 257.56046514509 267.81995423285 193.39053771431 303.83673767594 264.60029520616 269.1487754042 282.57864864427 249.16830423525 233.98208446402 28.251408249714 26.041446397581 117.44668072503 145.98199919032 97.197933623779 32.539997900661 198.78222615046 253.69038880237 286.94650226806 282.63406201466 301.59506654706 305.08482212748 291.66976861895 305.24808928101 302.98182480109 303.12697820881 305.72610001059 302.43679349996 287.79152972484 291.59084331406 303.55314263843 174.48662224612 304.53007220431 305.11507145374 206.07529704088 202.68610173642 305.23568943588 300.95750286807 290.94794279112 306.57845872701 52.154033854708 50.228240293698 155.73681487805 189.63658078271 220.12882520616 190.86906996411 234.74359063428 222.82831800838 224.85925802434 217.20699278621 240.80920509094 233.66114310854 217.00180051173 208.81180687569 137.09003979614 51.990252839179 56.835791873448 62.022009536379 72.654118214961 170.4428103423 89.701201205186 1747.8541478847 823.60979478276 239.06505698625 233.28877953421 256.13574101902 261.13992780616 275.12169713385 283.95067499977 267.77830941659 277.03323409331 311.83083114607 302.29123038939 312.73550033175 290.96011533955 301.40215198256 299.48604307587 296.10321105991 117.91686246864 174.90213812289 262.5534427633 310.96266752789 192.77849020627 179.53444577097 301.61989573027 272.64448924651 215.75966093724 206.77090164099 189.87353542008 180.48495967419 202.46885522641 208.60056651733 189.08466348986 180.41527182556 186.51114979965 177.16965674884 174.8790086471 193.61061485011 193.85385663671 185.15556358766 195.95326691947 185.07306391097 204.00855341417 188.97964334993 194.93034455344 178.06065926484 301.92218517295 201.69126368347 281.74408329366 176.97172673453 179.02657236527 222.72801427213 180.36024170069 205.8285205256 203.37454431804 193.9829491576 181.71037522524 175.99054448611 226.20264593843 251.9920701168 345.41118858588 368.40402650698 244.11465168101 217.24922457661 216.90263624911 204.56899480186 254.52740551378 273.20821056999 415.34318836042 187.17253691607 224.5049885531 209.93396851911 220.2038612104 323.26666989479 236.98360487719 251.87889723332 238.77029391678 216.75669204064 207.33294515151 212.77833807779 191.36475055056 267.32459329769 263.50360762385 275.29072863782 324.03934200859 266.17357439911 259.1594189793 277.85674346641 289.84280999526 326.5404528954 247.68152758786 289.09730276639 306.56061737184 273.80216757112 264.129677273 232.84089626826 306.05096734901 259.53380012858 314.1404175913 359.83367082036 256.66055207212 276.20535714369 297.97127133446 281.26100804813 292.35159373189 287.91172238478 300.06998901026 309.94722971827 315.67215802542 338.90611518962 330.78844007809 338.04863708431 400.1863791142 235.20821994167 229.58927765589 243.32220680487 245.50452883288 237.89256670062 238.08932104285 264.65549131192 248.53787441908 230.63744595605 206.27312638882 233.59669621286 249.89560855854 225.98479070515 222.48578496445 234.92148769041 231.64165279435 227.17036342915 224.51918944537 218.21861693467 239.59696424483 244.77397675978 229.27051727481 225.86299062835 229.06777494693 217.88873704948 226.26386550357 251.75341940218 225.89294748365 418.2893067772 469.10995030789 431.48311759602 455.20749222318 468.82677269043 480.06855321162 646.9675235055 687.26532615235 515.02871976269 545.77832882762 570.03383209427 603.00181488568 560.22021070112 625.72783235559 653.82139902627 670.42746105525 652.3100100131 666.29949066378 690.53975117434 715.71522702868 587.93321289422 762.78427740253 860.28648320883 724.28439518056 726.23947358919 773.55181613201 771.63906518162 710.78953590306 497.45913651106 703.13229169789 787.96848736026 698.04902010864 745.85524278287 998.1051651032 669.93064769997 712.2472736821 747.87022237688 782.8654257233 785.09552564222 871.98225583084 838.87240762862 748.0406069004 849.4615026133 783.33145976933 815.30683930304 859.40574255048 881.20823668858 781.65627233995 838.66785676845 452.92355557389 458.81251719712 364.66685449355 381.24169123662 360.86699774925 400.45217144169 380.78237237478 425.19286703629 469.57093379507 590.3034917217 580.66081847988 506.14186536735 445.15068787845 487.68085230022 407.08631335441 436.73466322144 395.44226195924 358.874316264 282.96935951292 366.20216594129 305.12567646859 266.86477244446 476.13185875603 474.39731113985 235.08334915201 300.98067728145 200.68148064654 258.60874021907 471.79819384067 636.8310692458 796.82158230061 637.12270223704 433.46662145179 565.81776168672 452.79326819327 332.50661074811 604.76586327329 747.70062501451 611.35547885915 672.0349188855 709.06205599207 736.0942174913 661.32303233109 705.41783681281 410.34644600104 632.18963198472 663.66566472639 715.37530817397 805.96072800517 946.169907475 623.02953668143 559.11652157322 505.97399123847 536.05614103565 740.68645968518 902.8650882787 705.40813655048 831.90586179141 466.35610673343 411.76788980372 654.34337568849 466.92913658665 842.43981228167 1181.8913304443 738.97297704959 585.32568419492 515.37062917773 404.89641396547 508.44793531631 427.21671758943 291.71234773071 393.69609010454 322.30930420796 423.41562451761 222.05329910604 307.25406914217 171.78270155066 158.72646751709 470.85668205913 491.4655838364 539.48123559701 601.39124354333 709.31760822667 743.22633453271 1778.8327181394 926.80278156628 819.64548516548 742.25535553715 1304.3229719633 1056.1012214169 1145.3694364381 1059.6340681781 985.02833746287 928.51354360399 888.32746115645 934.10203969852 801.57241572765 900.14736504767 995.83172291814 897.98722677159 956.37404182015 918.43880163459 1013.1422874009 945.89376560102 1010.1638903622 959.52116610458 1061.9375237406 1108.1047167807 1014.7280881244 1097.9424957833 973.35047857423 965.64942229133 874.95199025149 908.06434346456 1049.8815745465 1110.609848532 1220.716275072 1190.1966042608 839.49570761531 1000.8160034828 1155.17685136 844.12145650977 1126.3550061096 1185.1829506925 1267.6732314463 1711.8423350472 1087.1718597009 1168.7559756886 1160.527960365 1261.9520611392 1221.0068898493 1219.9123873502 1172.4276438842 1223.7679784368 1368.5765530953 1070.7114675454 1237.537206044 1062.627589598 688.17267981384 1517.8237759946 1393.5392573502 1160.6724396934 1152.7767570418 1324.571648967 476.92526490383 645.69569129284 1403.909189184 1285.6031392512 1506.2551972319 1221.8167149371 1462.0082904524 1486.1650297492 353.97539835867 1802.5534161028 1562.0859956577 1495.0436203138 1254.7930264234 1107.7338581075 1113.4187761669 1301.6653554341 1304.1605949235 1342.9010223428 1468.2512592459 1337.1643629955 1355.6843521289 1579.7136056171 1384.4522374795 1373.5205286035 1265.4185980691 1641.4646092033 1561.3656451436 1513.2030197955 1621.303286006 1450.4501063339 1479.5605890802 1590.1553179042 1676.8828756545 1657.4184772611 295.99578024821 295.31218978282 710.94606604674 169.99274026303 266.07264621283 294.29660479198 492.6716175249 603.25659520918 765.89720314031 532.81195046031 566.16706801761 442.19214568467 302.97698759928 303.415733937 288.58260359857 201.42192188121 256.89408240961 299.63343675714 289.54893784289 253.63800617453 266.84499825758 247.71705195202 695.92782677773 302.66879814906 222.50060299026 250.8675545667 197.84103723709 210.14924221664 184.10835242909 202.83704130806 207.99999692516 194.42648754387 219.01801985796 206.13109271044 188.81813688423 210.25138611008 181.35513655011 180.36787779749 233.76571837826 250.96770485985 260.63911858695 271.25668593874 289.65365963083 293.97039931257 308.45493006997 299.0580669121 50.404553788658 49.335775782211 196.21674459928 172.06302078676 89.543794782998 107.20601938597 116.62814129201 197.51447730992 103.88195579091 125.76258569828 95.937054295548 121.91537259334 85.493545591115 128.53570707468 149.51054961184 126.28327624292 136.56106818512 212.09377650827 472.37248240613 226.78892968407 261.46957111455 289.7616480563 67.575693518407 65.46685809732 97.911563777587 160.27578910728 246.88202456469 177.44660041449 337.45102857108 271.18035363331 103.91891617753 134.73487099835 189.25660956314 197.16390376673 67.734085409742 96.591795262877 80.358431857 86.289745118602 128.11079293879 126.13052687816 86.090149605307 122.42370414867 182.72102722272 136.83957052709 141.41357092158 100.00551661127 318.7147433931 305.13338995823 221.25608985689 195.03243641071 271.33208827172 209.35965478932 285.26146133539 266.45045992659 174.88579522613 179.33362963712 184.27986445089 178.7970238299 201.65830520766 202.30927349126 174.41401633738 180.94205596251 199.13565512871 200.77242138584 203.83058201745 195.26059451137 193.62965467015 181.73285094829 174.03605415604 170.95033018753 308.2816783148 295.94382502387 208.99169703186 187.5712096279 212.56121503407 200.45985654265 233.17331253678 193.09726592455 295.33625339784 320.72593893069 313.71181809699 318.86224600689 650.99861694958 619.71459385319 517.09754538921 479.03215780686 563.42718304087 616.17084604226 760.00445161631 615.69252663016 645.73161667614 765.39349769638 733.15642384576 818.69178692383 650.76407833679 583.54080012511 542.97207208323 327.60926623324 281.51022331542 360.25786995547 350.18832546834 112.28180169857 148.57622801937 156.95046267276 245.0895086835 735.52556663135 1259.0627471208 1133.4814565526 1036.0170780202 1067.6076404273 867.97777158288 1193.8481891433 1021.0344010164 1133.0440589077 1232.9209496679 1058.5542748101 1184.1925771702 1250.7986012069 1514.2149096661 1193.6297592237 1395.3671848353 1425.6705134091 1620.5516955847 1897.5993760052 1690.8530575129 1576.2664820651 1664.198980519 1638.5187817806 1759.2886261846 1596.3005181333 1723.1798972687 1819.6131177663 1788.1850072691 1595.5169159649 1684.4425451606 1729.1087096274 1766.4347908682 1775.699192602 1678.2132280734 1872.8459863926 1802.0538039877 1636.5285820983 1914.251260179 1872.9835012772 1823.0111685264 1577.6752985018 1722.3410374579 1863.7839416902 1961.9568755995 1630.4041234752 1775.1060646351 1506.7493645143 1688.6480916523 1893.281167301 1769.085200044 1593.7889881595 1668.8133409628 1452.7717432721 1466.3042606821 993.12627000046 1816.17086428 1381.1277776126 1375.7476089127 792.95255586757 1511.3639763746 1588.2457997897 1758.6738586034 1465.0349323291 1529.9904794719 1605.2362483697 1985.9611199573 1073.4892570798 1631.6196618726 1019.3994291727 935.19686549376 1836.1268908104 1842.9774760788 1722.2338509943 1711.4033484339 389.8486122098 267.9218933709 442.27458425487 248.86912581493 217.94683454533 157.99257455561 235.31158641705 121.03646463211 361.95360447859 312.34634302001 127.26560663756 163.69220307084 101.99539415961 100.14142429915 162.10834445289 145.70383875978 550.7894163688 236.78695468096 498.56946588508 325.90735191551 831.85618349256 395.05845288245 587.73033533092 602.71218277714 818.821357912 634.82843644303 881.3401016017 655.07902406887 511.51925027964 572.13213826913 684.56972551964 870.88951622423 811.122962884 1376.3949353566 616.06342710569 804.10047503979 510.14365938399 1234.5079222196 992.74230474659 880.55075154978 918.29461851825 914.5972242974 1031.1755849089 1281.7646142172 1211.8429636101 760.7165886552 1275.3601952534 823.21828721978 918.22513748254 999.30849041401 1263.9910037426 1048.6176001664 764.40922646083 681.88394722827 620.28407043735 375.95158826724 1089.2450430694 1342.45403779 554.50029700784 584.82653533476 655.53605054971 604.44503189835 696.25631318936 513.01172893995 690.39658983446 1111.2036999829 750.93576998575 863.9768954142 824.15821574135 977.97199443394 901.23506454888 1390.7269447505 816.62882224717 951.71699286714 946.40894660603 967.73710244259 1118.5030471051 513.60968135506 273.38201859751 274.20582317674 264.53235121417 168.51129028849 273.26795739722 199.15417380599 205.75137229764 206.76815507694 189.37060295948 196.02714966044 198.23516578563 229.4645168888 186.80873732816 200.38418071914 183.47740270345 178.31586370724 209.9803988615 286.98867153643 195.06784409116 212.31684002408 305.51411056199 296.0759696922 304.19195165713 301.5613559826 290.17652106381 283.41162230794 302.02626102458 300.92458993367 262.3259590436 266.30716017254 279.40415607565 213.97227170471 196.41969910988 164.82093978167 178.36692106282 184.24867930354 163.64198452944 136.72323383649 192.11264976245 186.53779315183 173.42339988112 165.9704825933 157.70442194783 127.43395969514 184.84073615212 160.83977563868 201.81827097454 194.19464679995 182.32058760987 151.14545139861 209.13259148628 182.15398363985 288.81430877612 209.37174372278 195.76957690853 208.28385793079 210.68317786888 200.80699478834 204.63589126801 198.51215676411 220.41758706369 234.34084671443 202.00150200047 196.84166081387 213.77438260199 217.59323750571 209.02735493561 226.21438858926 209.74468164319 232.12578873016 207.32505961226 220.47598208901 211.66392002053 224.56648662699 209.01619008712 246.61422949749 222.24892953459 212.83286134006 271.46054629018 230.35464350731 268.12260126057 236.69947769478 274.293057213 253.18515152986 267.06380086679 241.07778321841 280.19710497024 273.75144049087 267.46540339742 298.74761849272 510.01712698065 367.89887033981 416.21398487822 421.06538555428 465.60013655404 483.8152504456 463.17841925968 527.14722044739 400.77031583129 471.98641278557 721.16732062504 219.27037469474 292.79833484765 352.30031064342 368.88071427256 324.13777417614 522.82965780113 395.57581671232 607.7789669294 461.50762679773 825.10297460432 657.95845876366 1170.0287128391 588.57898699586 820.16557929305 736.019164966 772.89472038312 973.91739754948 836.53939878487 323.06101975593 317.47716316963 313.47586872705 303.0819928776 308.96017301841 193.82868891359 189.11654176973 214.31889593902 207.15426755823 216.32040528448 214.59811136831 220.21307496559 199.56424977771 233.24250131295 209.39843104202 221.29362054973 231.51349344593 229.77307432812 228.39890212857 185.22505317924 237.49805429986 222.81008176077 233.31261987057 207.35482525442 234.80730490993 231.22194477661 213.17202274126 218.29824357061 228.91017896002 229.9506632599 227.06489175788 223.09107198343 221.6283736202 202.16090867203 208.18429358199 196.91966739085 217.5782069218 212.91186141578 196.26511688415 190.62658164989 232.37727561172 320.85746370353 227.82682634611 212.63912906629 240.44992187553 266.54434990596 237.81199806659 202.1296209868 214.13739886831 250.22876143109 299.65890826217 191.17284703343 175.22853333796 207.21942072148 193.1677182664 221.12812022073 203.57893950831 321.6274571799 288.48399698962 219.5780523429 223.09737753687 243.48581710469 226.92246400488 273.17618510612 236.88349292649 314.23061751082 310.8423222798 307.41896223701 316.38227288713 313.33226821643 311.55782032527 318.51754902826 331.80004325507 304.91723901537 311.35312936471 313.05408192226 316.39008966655 322.3709341913 288.2877895455 317.26948891295 323.7805512198 317.28054697754 323.97253649674 318.496048899 321.1322853041 323.52775921806 306.02889155112 316.13861025973 323.4429060592 326.7288199287 324.53276994554 323.79024302606 320.93684133525 308.29192867293 312.1509791084 332.65453408445 313.15763638554 325.55725101672 316.77478731976 318.43369162847 314.59724379479 313.53743415898 311.52824772481 309.23228403455 312.59930106078 310.5906396426 307.08837701227 291.95501289951 297.30550230369 310.92749102651 304.42380057506 306.30555587289 280.21845691405 301.82721245488 289.96724400544 312.78860546051 272.20979422262 292.36903977674 287.50989079387 280.69011495077 289.91258334162 274.04648650221 263.03460114433 237.42157780838 298.06974801618 299.62798866859 282.04778354004 251.96204099223 263.57959021722 248.46357094078 217.23037890049 251.83327109907 281.60678061093 286.13027485016 301.23276804811 307.25817123417 243.50854830955 267.73281553239 275.73653145171 286.04861609419 290.86213573641 317.06645271711 276.975976828 296.9398590648 228.6997058911 275.58859492701 274.27282242628 289.17009224742 279.48728410242 300.44178261823 302.19271193867 304.53086728009 294.57656455612 324.2325889676 319.78534550062 314.29755446818 313.29297290535 293.96915728435 270.9461742899 300.76637707301 285.54068367732 293.49824029707 252.1189044953 283.03279104434 236.82505183081 238.90674465785 288.81802354105 303.76122498868 309.90533138122 295.40752048479 320.9203289357 306.39767842154 277.62864842839 252.47659217041 287.43151205746 265.0230524084 291.86433618243 316.07517864302 305.81341331012 296.09441540208 313.33293160281 323.86897234009 327.59604883534 314.75944989816 323.78722747723 317.83407359531 331.02073892392 328.15066204976 325.84616210551 320.50283834852 327.16552345591 326.49884855864 328.62736501147 328.67992124577 329.40827849666 334.14535907728 330.15308135502 328.98904758527 326.68111885249 327.96446217513 329.95759013094 326.951561126 326.01622824772 326.46007169178 332.11026819195 332.32743867377 335.05441873252 332.83179332656 333.65237355122 333.59246900128 333.41895804882 331.78966989013 332.26705173834 330.81801195176 330.31153761514 653.24369220754 706.91823470899 790.81833284303 798.93807081004 1332.3791638641 1303.6696325269 1342.9183867382 1620.9556317451 1538.5920844346 1581.6958239315 1543.7746164302 1464.7190240142 1513.6581027183 1443.1882943041 1891.6669507418 1968.7293086604 1989.9583493913 1271.0816155875 1474.0910626227 893.29452090717 1369.7216003238 1370.9757993388 866.88158812839 1035.5761743873 1127.6307250627 1132.4655497647 1903.9310566331 327.5669047465 428.99857281371 559.11054039944 630.53886507073 851.16971495917 972.13941987668 1233.8148427933 1521.40630611 1063.7702257645 1131.5896911099 888.4133928813 870.98451956389 998.90836138263 1010.0035978604 1250.2454150345 1108.3631857637 1184.7143308018 1202.485987872 1078.5336035237 1180.5605558481 1082.6724924279 1106.6739986375 1241.7864722931 1072.0403851466 1188.7678733138 1325.0279747691 1256.8977640324 1310.3649176798 1408.767635537 1327.6775224593 1322.6005129985 1071.9749876257 1695.2261570203 1453.9953074792 1383.9933321617 1389.3904883028 1053.1790739373 997.84054680628 1165.3640575543 1252.6733927086 825.09769689928 1020.5214067625 1343.6809733259 1441.1618431697 1435.9192484177 1555.8806289841 1250.685626784 1003.2040086849 1245.1063190702 1511.2043340473 1638.6564098041 1531.9475195874 1441.623544603 1543.7289365215 1441.2217955604 1184.385717377 1290.526646151 1021.6774938482 1156.9795588707 1212.9989963569 1215.7335280428 1562.0641688886 955.75447308102 1025.7164518315 1089.4036478527 1610.808481837 1333.2037267848 1357.0687408255 1412.6144982403 1173.3993565906 1063.8547788329 881.07181176307 1327.1792759699 1392.7987354012 1415.0495318369 1356.6794015358 1391.1664854053 1447.8431018651 1589.6756243757 1440.4274325549 1146.4623877247 901.40510256995 984.66977070274 748.88455792334 940.62584979175 868.9469763761 1105.3884836898 621.98363531393 974.68540733189 1260.1708748072 862.23467187198 1401.5124582839 1022.8271496659 1140.4293949427 1005.1687007188 904.21135964956 1332.7863909639 1116.4565575824 1130.9328879885 1652.7607454362 1561.5178691668 1553.7720603082 1591.6706789175 1365.2809339167 1336.8935256942 841.19163757894 803.23486037348 705.69582177838 874.22740727754 835.75635519701 829.46410381953 816.53817465061 852.31370490229 736.19182680188 785.93927684496 786.89419261926 1047.7388583384 1231.2993831824 1783.0844044739 1549.8760996206 1732.9666514027 1715.4042331723 1680.6609308789 1612.1713057999 1799.3338994674 1156.4330581868 928.8904949963 945.62687106197 837.26947794268 1209.4355891432 968.09725237219 954.8731088457 1254.1080484986 898.02352257245 882.94705014672 1049.9045353411 858.19577978835 1159.400219829 1336.4280745893 1196.713078562 1274.3694174086 1301.8804971741 1478.7197481384 1273.5455154245 1570.1495205968 1594.9380187425 1789.8729016868 1505.4782568818 1711.2728845004 1574.3240310046 1675.3312964957 1779.0520768604 1618.0044324798 1693.3114910179 771.05985288944 804.34613468926 695.20316052575 715.0948137864 555.26876658139 712.40842873197 522.37773829776 1172.9714056248 1000.3221466631 789.57072802579 1053.9541804814 1123.1479494986 744.66213263582 997.1481395348 1057.286431358 1778.4212726357 1964.7567065271 1701.7925016649 1767.3028548511 1522.1218230767 1633.3531328462 1883.5807563973 1735.833113296 666.14854452027 737.09968714297 677.54104362956 633.04521235292 731.24663569353 679.2222940696 550.55441854567 818.4293510927 866.80645973244 1762.5276530274 1755.2562950174 1990.8314550185 1961.4205309681 1814.1277144239 1662.699079797 1780.4741069771 1724.3066093381 1850.7967797461 1824.2542502321 1998.2323188621 1931.7197811869 1887.2902944738 1903.8442864945 1994.4050480922 1919.6036409587 1918.8914083611 1963.3539169015 1880.1568655684 1828.3951385054 1991.0130991045 1984.4439437435 1941.6220235139 1976.759882849 1617.3386335943 1637.6709851203 653.12576665513 683.18544584577 768.46055336923 807.31765002311 1914.4961865817 1938.4405380911 592.21808770406 601.71358984621 1994.9920175393 1958.9647116219 2019.6082240316 2018.1042349862 1923.4164449253 1840.1739295761 516.97573537333 638.38512275216 596.73511453481 1930.1120799053 1885.8701917251 1792.3131728913 1859.7482927927 1874.0038318325 1736.8684867596 1810.5300775284 1699.6301253298 563.89287834198 567.01189604101 381.11537043243 322.93776394915 292.02261461303 276.49934659728 274.34421227807 228.26766485878 175.75043861516 173.19406984727 300.54362711748 293.00717349418 232.91924054467 213.62978158491 244.26868033035 217.67970315398 219.74519489317 227.47748434234 242.56966170942 223.67583798054 220.36073037256 224.5545138636 238.28210590892 234.35283398859 238.00194430542 223.70126991691 209.89468494045 209.87812147838 202.98327761674 178.9407519235 210.43288819058 210.94812415885 209.22171630285 223.14726556321 217.18213099384 213.7388272701 209.52543122095 210.68358977003 343.19417387001 365.26715619875 248.16695307815 250.81802903137 256.72038232662 267.81339293412 280.03497645974 259.01714665298 276.63343871022 249.78496038138 233.53808677673 268.42404976185 482.71095068611 485.60624952691 256.58993926036 274.11101142351 260.68878716363 262.07400183693 282.03510823137 286.08162388684 319.41628464711 290.20071584655 286.87440707602 327.99104314829 385.29403424101 318.48318375738 336.34670370966 434.65291355844 350.27472240681 342.96566414654 310.65333333456 363.20104770465 404.99331173585 378.87988184569 387.36230776817 394.17322832716 320.40628525693 344.42730339822 309.22494855358 329.0866690782 324.54810590105 331.33799824624 336.17355404834 363.03893674402 486.87094723721 310.45272174351 301.28648441643 276.34692457465 267.78875993206 395.08934446395 530.11926579066 505.4812188241 513.20596416902 789.1790547769 917.52304359864 1065.7756610932 1006.0982303242 315.87367710842 322.5296275834 320.61998272671 316.05080512866 325.47376034533 319.55675347415 318.78359785428 325.82269871475 327.74674770096 319.60366653775 201.86219954996 179.71864940923 178.59566133903 184.60196256094 177.309400306 174.92044433824 231.75775922355 224.09872805391 251.56503686534 260.24711751565 199.26714392102 209.97609277872 305.92773991045 309.89714972031 323.61942854908 321.93026837619 325.27619920801 328.12770095914 325.16762067232 328.32309624697 326.1065025345 326.65370988885 323.17005125941 321.79797596228 329.74943087232 330.84513154252 328.36464272831 327.05866456351 326.19502788245 323.91955131683 330.50607767806 328.89828054805 325.34195744363 325.54972521078 330.44264805037 327.75975399035 305.46517563753 299.40845455878 287.38740624873 285.65911549401 279.18418225762 273.3126353147 268.17534830559 271.5549092707 245.96371657896 240.69626609952 225.90623727988 246.7050355375 199.46213387319 195.78139694163 243.890134144 232.374061702 209.31248509069 228.59904318943 190.63977872104 217.99942276754 193.19756540963 209.68585801703 208.88561447214 207.21526152034 302.61136028921 305.56728200971 262.31675523139 247.32485213983 257.46572934595 255.90953097821 241.47792106304 255.74603149124 315.88008842556 319.86247389068 287.60709650227 282.21195842818 272.23492912297 283.20156514333 271.57341972141 266.30273147234 277.22089728081 298.27408937874 299.50044026404 253.52453838689 260.66804938354 302.25209799592 300.62150214254 291.56209359473 295.11362738294 310.30681149688 316.23845018619 308.64369619379 317.48913277479 1277.6023758895 1349.0451561276 1300.595040538 1391.3579297122 1248.0532627079 1213.2042370957 1433.5811403601 1487.8533256788 1925.1062452158 1896.6637129149 1943.2226345433 1954.7247482351 2002.6910008968 1930.6111992131 1924.956121875 1986.2580247169 2010.4017846642 1879.1293093393 1840.5250961175 1898.1918642519 1963.5526575414 2010.0314816713 2003.0560253458 706.29151558816 2018.6116257729 1161.064593634 1177.5476049863 1137.3383005455 929.59536668324 941.46174090314 1085.8588267544 846.30478029866 988.84049020905 1199.9097509298 1081.933267337 1040.707197931 940.71939184856 781.15660347376 907.38819693812 1101.1897452259 941.87047039374 873.92965182814 793.53935407227 854.00856681648 1102.7488224882 1181.7470266544 1247.1254382416 1140.2382898565 1545.0057535891 1468.1859695547 1301.6608575177 1521.4268910769 1483.5584340282 1848.9623673817 1665.7774918263 1159.7194399673 998.18229227409 736.16788966775 669.17789960594 1521.4412087784 1389.0839429294 511.63216886715 572.80726826778 1186.0060988231 1377.8221660947 1398.6551891305 1733.4640693223 2008.8476613185 1844.5326248919 1886.1962553856 572.32395885549 410.25242552513 503.16444626022 422.19127545985 183.86672838741 175.26420918838 172.40647733323 173.09849797743 173.50361939155 171.32513243216 184.16086376029 178.89315477724 174.23624138131 172.08927036622 238.97167838806 241.32652593545 241.02213805857 250.32761624768 215.66543821305 223.62317742671 216.27733786514 231.75787537835 230.16552301083 235.02909783242 241.04004097039 352.55090602135 349.4190208862 404.17911165238 467.63264704006 342.92825906669 322.63713400203 326.05006111091 329.83899812558 332.52964038217 335.07235145066 197.08787419248 186.58260554765 242.68500887033 248.64738558698 324.21635321303 328.19295982593 329.59875661904 331.32594912634 329.58495602015 331.31048595317 333.65606101433 330.92794450051 334.43887101899 226.7694159641 254.79048095581 214.62811435333 199.20540976741 225.92242743885 238.7448807709 213.79791801339 232.09346750499 242.1997283163 235.25186076676 257.41001112986 241.51821841204 267.64678870438 265.41769549124 267.6814865658 261.65968993191 262.22621092489 235.88762957521 269.04142213289 258.42419318288 253.92591727853 247.26610737488 236.64655483055 226.94864078364 245.32569457784 242.72656978208 274.82890382935 265.54300606459 257.80004693022 260.5964327396 270.77217874247 271.53335596627 248.61016314265 246.76538332867 245.91031043276 254.21625819146 734.76165887352 607.01299423332 637.67077375459 532.24380392754 586.56029224796 701.26144946496 800.40741538796 647.17358988217 664.2128530368 1743.9587506165 1765.747955454 577.68653395469 649.71095239953 508.47751807035 621.32237762597 488.46500836578 559.59363390813 500.97972808739 592.65693246998 630.07305994843 745.78071443076 547.1653761163 538.48073780387 709.00323459279 768.56286670429 455.26373872388 574.163426525 539.11388289589 530.43447470068 530.5026607336 643.13481055529 445.60058034714 502.53674884501 407.93342209223 499.30267798097 431.05015384398 465.8487294996 369.92660889637 419.7090945556 482.60920163233 493.17865946369 479.96314170788 550.37584920611 445.53620591594 459.48919339349 608.81665237815 511.05450545506 638.70072609685 606.73888116048 1140.7877882397 1252.1985527969 1182.3909582149 1116.4883365971 1307.8927896247 1461.4749805861 1524.1155659833 1489.2145076792 1781.6040964533 1646.8469263376 1428.4212277939 1508.3962348809 502.38425196139 515.85872556275 546.98288881656 527.53940889706 493.87816808543 480.17691970912 567.3965303639 532.52506115721 392.28312001926 439.4597819889 376.23827328016 362.48192568692 442.53739959988 418.81809447598 335.02511178911 334.6925038476 334.6258711671 334.49288826472 334.10367051534 334.81515243455 334.08711476465 333.20217636293 334.73847908689 332.94597109732 334.40851093496 1919.789632908 2016.4735282635 1728.5139762682 1968.6420613729 1869.1418321527 1829.8246860409 1874.6132127719 1948.9391299665 1828.3637716405 1870.8450197217 1898.241779091 598.14361849543 544.59168497601 545.87016318086 604.81057894583 408.0667171665 439.08839011936 407.93488336936 465.83256349271 464.8313558539 412.24231187288 409.38973329557 352.54465620115 389.50688230211 617.45432069955 668.44765512058 690.13916088792 640.21432340705 723.81227196555 754.25891357178 559.87650227972 569.58786062375 1600.0153398505 1735.3291769839 1672.5955375664 1682.7564760269 1686.1444110725 1664.5918271826 1552.908230526 425.48255839444 457.20474486787 433.66368412208 458.15946942331 464.86886775828 444.97356074104 409.1956879342 435.52643635605 416.68177136294 426.72128731506 419.78784356658 413.39967835758 430.79066619442 417.83215088689 393.68224783844 412.15322748108 413.66853113649 425.33812992141 414.05442201934 429.85545486165 448.35341600975 1997.1154010457 1984.824213167 1952.9796392656 2000.455109928 2011.8616321281 1958.1766468431 2024.2809242198 1968.1197940946 1981.2086025944 2023.09544723 2018.3592600176 454.46511018558 442.00172633578 375.00905113114 393.37180569204 363.6183134466 384.01309539703 372.24519915919 349.74803655703 356.73799001849 346.95984960687 373.61010396667 329.85664829185 347.84240721883 331.52128275214 345.28549222475 385.97677507647 359.3810490221 340.949570235 353.87286176991 445.36176751207 454.59234020917 410.37592339055 404.98067064776 406.93909176126 409.94165683811 401.86187780753 397.81871391683 397.20554759616 379.22684993028 379.35758514577 397.29493929579 406.57203274018 398.63211051076 379.33076311224 386.06517252369 121.6639170575 107.68855123005 110.70804180384 86.411664104716 113.62190277322 122.7088786309 123.93401430145 116.37217886003 204.30316396418 207.23104014054 75.961885077259 124.58364842017 855.18094862295 822.8614677793 411.00709848096 589.6137487426 508.73283175581 710.47873879865 559.10034346147 912.48537854022 424.98666038158 646.05770916383 325.53763128824 549.73128663607 678.16204991703 958.87943008361 337.84019158271 479.04009901363 654.06078098589 853.35109620441 613.26820677576 782.93745537775 531.24015780141 567.67485036381 993.57585710649 878.85444143748 913.43812184062 825.78035967272 615.41543209779 703.32477303737 478.32891103386 565.75138104834 415.46969217552 434.34796979215 378.25618451618 330.89877228747 396.32261027177 294.79404880469 651.23153753163 701.68548134537 210.83043284762 244.72254703399 377.98760400699 384.95584514543 199.73965513034 195.45048543465 412.10263863481 418.76581097018 972.32150613295 970.4304755685 845.08424189073 810.08436628007 846.49444772417 936.22988376128 918.59381330606 957.36607521531 1006.1248690039 936.59477573147 1060.5834826667 1112.3318303708 967.801105174 1048.9682608562 1013.8620559385 1088.3498973826 1029.3952297665 1081.0946962323 1123.838539194 1177.4311622718 1154.0462052979 736.6895198125 691.61707178725 229.43403260269 237.19141482188 935.79821506783 990.60140108676 1575.4353645848 1567.618099889 278.34402509975 295.5486987177 235.38860932537 224.59685247711 189.5076356043 185.31264076703 401.91339943592 393.43573292364 811.43536154449 820.90331300384 811.45566168783 878.40325829118 
POINT_DATA 2446
